-- phpMyAdmin SQL Dump
-- version 3.4.11.1deb2
-- http://www.phpmyadmin.net
--
-- Servidor: 127.0.0.1
-- Tiempo de generación: 14-07-2013 a las 11:09:28
-- Versión del servidor: 5.5.31
-- Versión de PHP: 5.4.4-14+deb7u2
SET SQL_MODE="NO_AUTO_VALUE_ON_ZERO";
SET time_zone = "+00:00";


/*!40101 SET @OLD_CHARACTER_SET_CLIENT=@@CHARACTER_SET_CLIENT */;
/*!40101 SET @OLD_CHARACTER_SET_RESULTS=@@CHARACTER_SET_RESULTS */;
/*!40101 SET @OLD_COLLATION_CONNECTION=@@COLLATION_CONNECTION */;
/*!40101 SET NAMES utf8 */;

--
-- Base de datos: `taskul.local`
--

-- --------------------------------------------------------

--
-- Estructura de tabla para la tabla `acl_classes`
--

CREATE TABLE IF NOT EXISTS `acl_classes` (
  `id` int(10) unsigned NOT NULL AUTO_INCREMENT,
  `class_type` varchar(200) COLLATE utf8_unicode_ci NOT NULL,
  PRIMARY KEY (`id`),
  UNIQUE KEY `UNIQ_69DD750638A36066` (`class_type`)
) ENGINE=InnoDB  DEFAULT CHARSET=utf8 COLLATE=utf8_unicode_ci AUTO_INCREMENT=13 ;

--
-- Volcado de datos para la tabla `acl_classes`
--

INSERT INTO `acl_classes` (`id`, `class_type`) VALUES
(4, 'FOS\\CommentBundle\\Entity\\Vote'),
(11, 'Sonata\\UserBundle\\Admin\\Entity\\GroupAdmin'),
(10, 'Sonata\\UserBundle\\Admin\\Entity\\UserAdmin'),
(7, 'Taskul\\CommentBundle\\Entity\\Comment'),
(6, 'Taskul\\CommentBundle\\Entity\\Thread'),
(9, 'Taskul\\CommentBundle\\Entity\\Vote'),
(5, 'Taskul\\FileBundle\\Entity\\Document'),
(8, 'Taskul\\FriendBundle\\Entity\\FriendRequest'),
(3, 'Taskul\\TaskBundle\\Entity\\Comment'),
(1, 'Taskul\\TaskBundle\\Entity\\Task'),
(2, 'Taskul\\TaskBundle\\Entity\\Thread'),
(12, 'Taskul\\UserBundle\\Entity\\User');

-- --------------------------------------------------------

--
-- Estructura de tabla para la tabla `acl_entries`
--

CREATE TABLE IF NOT EXISTS `acl_entries` (
  `id` int(10) unsigned NOT NULL AUTO_INCREMENT,
  `class_id` int(10) unsigned NOT NULL,
  `object_identity_id` int(10) unsigned DEFAULT NULL,
  `security_identity_id` int(10) unsigned NOT NULL,
  `field_name` varchar(50) COLLATE utf8_unicode_ci DEFAULT NULL,
  `ace_order` smallint(5) unsigned NOT NULL,
  `mask` int(11) NOT NULL,
  `granting` tinyint(1) NOT NULL,
  `granting_strategy` varchar(30) COLLATE utf8_unicode_ci NOT NULL,
  `audit_success` tinyint(1) NOT NULL,
  `audit_failure` tinyint(1) NOT NULL,
  PRIMARY KEY (`id`),
  UNIQUE KEY `UNIQ_46C8B806EA000B103D9AB4A64DEF17BCE4289BF4` (`class_id`,`object_identity_id`,`field_name`,`ace_order`),
  KEY `IDX_46C8B806EA000B103D9AB4A6DF9183C9` (`class_id`,`object_identity_id`,`security_identity_id`),
  KEY `IDX_46C8B806EA000B10` (`class_id`),
  KEY `IDX_46C8B8063D9AB4A6` (`object_identity_id`),
  KEY `IDX_46C8B806DF9183C9` (`security_identity_id`)
) ENGINE=InnoDB  DEFAULT CHARSET=utf8 COLLATE=utf8_unicode_ci AUTO_INCREMENT=1219 ;

--
-- Volcado de datos para la tabla `acl_entries`
--

INSERT INTO `acl_entries` (`id`, `class_id`, `object_identity_id`, `security_identity_id`, `field_name`, `ace_order`, `mask`, `granting`, `granting_strategy`, `audit_success`, `audit_failure`) VALUES
(22, 1, 25, 1, NULL, 0, 128, 1, 'all', 0, 0),
(23, 1, 27, 1, NULL, 0, 128, 1, 'all', 0, 0),
(24, 1, 29, 1, NULL, 0, 128, 1, 'all', 0, 0),
(25, 1, 31, 1, NULL, 0, 128, 1, 'all', 0, 0),
(26, 1, 33, 1, NULL, 0, 128, 1, 'all', 0, 0),
(27, 1, 35, 1, NULL, 0, 128, 1, 'all', 0, 0),
(28, 1, 37, 1, NULL, 0, 128, 1, 'all', 0, 0),
(29, 1, 39, 1, NULL, 0, 128, 1, 'all', 0, 0),
(30, 1, 41, 1, NULL, 0, 128, 1, 'all', 0, 0),
(31, 1, 43, 1, NULL, 0, 128, 1, 'all', 0, 0),
(32, 1, 45, 1, NULL, 0, 128, 1, 'all', 0, 0),
(33, 1, 47, 1, NULL, 0, 128, 1, 'all', 0, 0),
(34, 1, 49, 1, NULL, 0, 128, 1, 'all', 0, 0),
(35, 1, 51, 1, NULL, 0, 128, 1, 'all', 0, 0),
(53, 1, 87, 1, NULL, 0, 128, 1, 'all', 0, 0),
(54, 1, 89, 1, NULL, 0, 128, 1, 'all', 0, 0),
(55, 1, 91, 1, NULL, 0, 128, 1, 'all', 0, 0),
(56, 1, 93, 1, NULL, 0, 128, 1, 'all', 0, 0),
(57, 1, 95, 1, NULL, 0, 128, 1, 'all', 0, 0),
(58, 1, 97, 1, NULL, 0, 128, 1, 'all', 0, 0),
(59, 1, 99, 1, NULL, 0, 128, 1, 'all', 0, 0),
(60, 1, 101, 1, NULL, 0, 128, 1, 'all', 0, 0),
(61, 1, 103, 1, NULL, 0, 128, 1, 'all', 0, 0),
(62, 1, 105, 1, NULL, 0, 128, 1, 'all', 0, 0),
(63, 1, 107, 1, NULL, 0, 128, 1, 'all', 0, 0),
(64, 1, 109, 1, NULL, 0, 128, 1, 'all', 0, 0),
(65, 1, 111, 1, NULL, 0, 128, 1, 'all', 0, 0),
(66, 1, 113, 1, NULL, 0, 128, 1, 'all', 0, 0),
(67, 1, 115, 1, NULL, 0, 128, 1, 'all', 0, 0),
(68, 2, NULL, 2, NULL, 0, 3, 1, 'all', 0, 0),
(69, 2, NULL, 3, NULL, 1, 3, 1, 'all', 0, 0),
(70, 2, NULL, 4, NULL, 2, 1073741823, 1, 'all', 0, 0),
(71, 3, NULL, 2, NULL, 0, 3, 1, 'all', 0, 0),
(72, 3, NULL, 3, NULL, 1, 3, 1, 'all', 0, 0),
(73, 3, NULL, 4, NULL, 2, 1073741823, 1, 'all', 0, 0),
(74, 4, NULL, 2, NULL, 0, 3, 1, 'all', 0, 0),
(75, 4, NULL, 3, NULL, 1, 3, 1, 'all', 0, 0),
(76, 4, NULL, 4, NULL, 2, 1073741823, 1, 'all', 0, 0),
(77, 1, 120, 1, NULL, 0, 128, 1, 'all', 0, 0),
(78, 1, 123, 1, NULL, 0, 128, 1, 'all', 0, 0),
(79, 1, 125, 1, NULL, 0, 128, 1, 'all', 0, 0),
(82, 5, 130, 1, NULL, 1, 128, 1, 'all', 0, 0),
(83, 5, 131, 1, NULL, 1, 128, 1, 'all', 0, 0),
(84, 1, 133, 1, NULL, 0, 128, 1, 'all', 0, 0),
(85, 1, 136, 1, NULL, 0, 128, 1, 'all', 0, 0),
(86, 1, 138, 1, NULL, 0, 128, 1, 'all', 0, 0),
(87, 1, 140, 1, NULL, 0, 128, 1, 'all', 0, 0),
(88, 1, 143, 1, NULL, 0, 128, 1, 'all', 0, 0),
(89, 1, 146, 1, NULL, 0, 128, 1, 'all', 0, 0),
(90, 1, 149, 1, NULL, 0, 128, 1, 'all', 0, 0),
(91, 1, 152, 1, NULL, 0, 128, 1, 'all', 0, 0),
(92, 1, 154, 1, NULL, 0, 128, 1, 'all', 0, 0),
(93, 1, 156, 1, NULL, 0, 128, 1, 'all', 0, 0),
(94, 1, 158, 1, NULL, 0, 128, 1, 'all', 0, 0),
(95, 1, 160, 1, NULL, 0, 128, 1, 'all', 0, 0),
(96, 1, 162, 1, NULL, 0, 128, 1, 'all', 0, 0),
(97, 1, 164, 1, NULL, 0, 128, 1, 'all', 0, 0),
(98, 1, 167, 1, NULL, 0, 128, 1, 'all', 0, 0),
(99, 1, 173, 1, NULL, 0, 128, 1, 'all', 0, 0),
(100, 1, 175, 1, NULL, 0, 128, 1, 'all', 0, 0),
(102, 1, 180, 1, NULL, 0, 128, 1, 'all', 0, 0),
(103, 1, 182, 1, NULL, 0, 128, 1, 'all', 0, 0),
(104, 1, 184, 1, NULL, 0, 128, 1, 'all', 0, 0),
(105, 1, 187, 1, NULL, 0, 128, 1, 'all', 0, 0),
(106, 1, 189, 1, NULL, 0, 128, 1, 'all', 0, 0),
(110, 1, 196, 1, NULL, 0, 128, 1, 'all', 0, 0),
(111, 5, 198, 1, NULL, 2, 128, 1, 'all', 0, 0),
(112, 5, 200, 1, NULL, 1, 128, 1, 'all', 0, 0),
(113, 5, 201, 1, NULL, 1, 128, 1, 'all', 0, 0),
(114, 5, 202, 1, NULL, 1, 128, 1, 'all', 0, 0),
(128, 1, 217, 1, NULL, 0, 128, 1, 'all', 0, 0),
(129, 1, 220, 1, NULL, 0, 128, 1, 'all', 0, 0),
(130, 1, 222, 1, NULL, 0, 128, 1, 'all', 0, 0),
(131, 1, 224, 1, NULL, 0, 128, 1, 'all', 0, 0),
(132, 1, 226, 1, NULL, 0, 128, 1, 'all', 0, 0),
(135, 1, 231, 1, NULL, 0, 128, 1, 'all', 0, 0),
(143, 5, 239, 1, NULL, 1, 128, 1, 'all', 0, 0),
(144, 5, 240, 1, NULL, 1, 128, 1, 'all', 0, 0),
(150, 5, 246, 1, NULL, 2, 128, 1, 'all', 0, 0),
(153, 5, 249, 1, NULL, 2, 128, 1, 'all', 0, 0),
(159, 1, 255, 1, NULL, 0, 128, 1, 'all', 0, 0),
(164, 1, 261, 1, NULL, 0, 128, 1, 'all', 0, 0),
(167, 1, 265, 1, NULL, 0, 128, 1, 'all', 0, 0),
(168, 1, 266, 1, NULL, 0, 128, 1, 'all', 0, 0),
(173, 3, 280, 5, NULL, 0, 128, 1, 'all', 0, 0),
(174, 3, 281, 5, NULL, 0, 128, 1, 'all', 0, 0),
(175, 3, 282, 5, NULL, 0, 128, 1, 'all', 0, 0),
(176, 3, 283, 5, NULL, 0, 128, 1, 'all', 0, 0),
(177, 3, 284, 5, NULL, 0, 128, 1, 'all', 0, 0),
(178, 3, 285, 5, NULL, 0, 128, 1, 'all', 0, 0),
(180, 3, 289, 6, NULL, 0, 128, 1, 'all', 0, 0),
(181, 3, 290, 6, NULL, 0, 128, 1, 'all', 0, 0),
(182, 1, 291, 6, NULL, 0, 128, 1, 'all', 0, 0),
(183, 3, 292, 6, NULL, 0, 128, 1, 'all', 0, 0),
(184, 3, 293, 6, NULL, 0, 128, 1, 'all', 0, 0),
(185, 3, 294, 6, NULL, 0, 128, 1, 'all', 0, 0),
(186, 3, 295, 6, NULL, 0, 128, 1, 'all', 0, 0),
(187, 3, 296, 6, NULL, 0, 128, 1, 'all', 0, 0),
(188, 3, 297, 6, NULL, 0, 128, 1, 'all', 0, 0),
(190, 6, NULL, 2, NULL, 0, 3, 1, 'all', 0, 0),
(191, 6, NULL, 3, NULL, 1, 3, 1, 'all', 0, 0),
(192, 6, NULL, 4, NULL, 2, 1073741823, 1, 'all', 0, 0),
(193, 7, NULL, 2, NULL, 0, 3, 1, 'all', 0, 0),
(194, 7, NULL, 3, NULL, 1, 3, 1, 'all', 0, 0),
(195, 7, NULL, 4, NULL, 2, 1073741823, 1, 'all', 0, 0),
(196, 1, 303, 6, NULL, 0, 128, 1, 'all', 0, 0),
(197, 1, 305, 6, NULL, 0, 128, 1, 'all', 0, 0),
(198, 1, 308, 6, NULL, 0, 128, 1, 'all', 0, 0),
(199, 7, 310, 6, NULL, 0, 128, 1, 'all', 0, 0),
(200, 1, 312, 6, NULL, 0, 128, 1, 'all', 0, 0),
(202, 1, 317, 6, NULL, 0, 128, 1, 'all', 0, 0),
(203, 1, 319, 6, NULL, 0, 128, 1, 'all', 0, 0),
(204, 1, 322, 6, NULL, 0, 128, 1, 'all', 0, 0),
(205, 7, 324, 6, NULL, 0, 128, 1, 'all', 0, 0),
(206, 7, 325, 6, NULL, 0, 128, 1, 'all', 0, 0),
(207, 1, 327, 1, NULL, 0, 128, 1, 'all', 0, 0),
(208, 7, 329, 1, NULL, 0, 128, 1, 'all', 0, 0),
(209, 7, 330, 1, NULL, 0, 128, 1, 'all', 0, 0),
(217, 7, 336, 5, NULL, 0, 128, 1, 'all', 0, 0),
(226, 1, 347, 6, NULL, 1, 128, 1, 'all', 0, 0),
(227, 1, 347, 5, NULL, 0, 0, 1, 'all', 0, 0),
(228, 1, 349, 6, NULL, 1, 128, 1, 'all', 0, 0),
(229, 1, 349, 5, NULL, 0, 0, 1, 'all', 0, 0),
(230, 7, 352, 6, NULL, 0, 128, 1, 'all', 0, 0),
(231, 7, 353, 6, NULL, 0, 128, 1, 'all', 0, 0),
(232, 7, 354, 6, NULL, 0, 128, 1, 'all', 0, 0),
(233, 7, 355, 6, NULL, 0, 128, 1, 'all', 0, 0),
(235, 7, 359, 5, NULL, 0, 128, 1, 'all', 0, 0),
(236, 7, 360, 5, NULL, 0, 128, 1, 'all', 0, 0),
(237, 1, 362, 6, NULL, 1, 128, 1, 'all', 0, 0),
(238, 1, 362, 5, NULL, 0, 0, 1, 'all', 0, 0),
(239, 7, 364, 6, NULL, 0, 128, 1, 'all', 0, 0),
(240, 7, 365, 6, NULL, 0, 128, 1, 'all', 0, 0),
(241, 9, NULL, 2, NULL, 0, 3, 1, 'all', 0, 0),
(242, 9, NULL, 3, NULL, 1, 3, 1, 'all', 0, 0),
(243, 9, NULL, 4, NULL, 2, 1073741823, 1, 'all', 0, 0),
(244, 9, 367, 5, NULL, 0, 128, 1, 'all', 0, 0),
(245, 9, 368, 5, NULL, 0, 128, 1, 'all', 0, 0),
(246, 9, 369, 5, NULL, 0, 128, 1, 'all', 0, 0),
(247, 9, 370, 5, NULL, 0, 128, 1, 'all', 0, 0),
(248, 9, 371, 5, NULL, 0, 128, 1, 'all', 0, 0),
(249, 9, 372, 5, NULL, 0, 128, 1, 'all', 0, 0),
(250, 9, 373, 5, NULL, 0, 128, 1, 'all', 0, 0),
(251, 9, 374, 5, NULL, 0, 128, 1, 'all', 0, 0),
(252, 9, 375, 5, NULL, 0, 128, 1, 'all', 0, 0),
(253, 9, 376, 5, NULL, 0, 128, 1, 'all', 0, 0),
(254, 9, 377, 5, NULL, 0, 128, 1, 'all', 0, 0),
(255, 9, 378, 5, NULL, 0, 128, 1, 'all', 0, 0),
(256, 9, 379, 6, NULL, 1, 128, 1, 'all', 0, 0),
(257, 9, 380, 6, NULL, 1, 128, 1, 'all', 0, 0),
(258, 9, 381, 6, NULL, 1, 128, 1, 'all', 0, 0),
(259, 9, 382, 6, NULL, 1, 128, 1, 'all', 0, 0),
(260, 7, 383, 6, NULL, 0, 128, 1, 'all', 0, 0),
(261, 9, 384, 5, NULL, 1, 128, 1, 'all', 0, 0),
(262, 9, 385, 5, NULL, 1, 128, 1, 'all', 0, 0),
(263, 9, 386, 5, NULL, 1, 128, 1, 'all', 0, 0),
(264, 9, 387, 5, NULL, 1, 128, 1, 'all', 0, 0),
(265, 9, 388, 6, NULL, 1, 128, 1, 'all', 0, 0),
(266, 9, 389, 6, NULL, 1, 128, 1, 'all', 0, 0),
(267, 9, 390, 6, NULL, 0, 128, 1, 'all', 0, 0),
(268, 9, 391, 6, NULL, 1, 128, 1, 'all', 0, 0),
(283, 7, 399, 5, NULL, 0, 128, 1, 'all', 0, 0),
(314, 7, 430, 5, NULL, 0, 128, 1, 'all', 0, 0),
(315, 7, 431, 5, NULL, 0, 128, 1, 'all', 0, 0),
(316, 7, 432, 5, NULL, 0, 128, 1, 'all', 0, 0),
(350, 7, 464, 5, NULL, 0, 128, 1, 'all', 0, 0),
(351, 7, 465, 5, NULL, 0, 128, 1, 'all', 0, 0),
(352, 7, 466, 5, NULL, 0, 128, 1, 'all', 0, 0),
(353, 7, 467, 5, NULL, 0, 128, 1, 'all', 0, 0),
(354, 7, 468, 5, NULL, 0, 128, 1, 'all', 0, 0),
(355, 7, 469, 5, NULL, 0, 128, 1, 'all', 0, 0),
(356, 7, 470, 5, NULL, 0, 128, 1, 'all', 0, 0),
(357, 7, 471, 5, NULL, 0, 128, 1, 'all', 0, 0),
(358, 7, 472, 5, NULL, 0, 128, 1, 'all', 0, 0),
(359, 7, 473, 5, NULL, 0, 128, 1, 'all', 0, 0),
(360, 7, 474, 5, NULL, 0, 128, 1, 'all', 0, 0),
(361, 7, 475, 5, NULL, 0, 128, 1, 'all', 0, 0),
(362, 7, 476, 5, NULL, 0, 128, 1, 'all', 0, 0),
(363, 7, 477, 5, NULL, 0, 128, 1, 'all', 0, 0),
(364, 7, 478, 5, NULL, 0, 128, 1, 'all', 0, 0),
(366, 7, 480, 5, NULL, 0, 128, 1, 'all', 0, 0),
(367, 7, 481, 5, NULL, 0, 128, 1, 'all', 0, 0),
(369, 7, 485, 5, NULL, 0, 128, 1, 'all', 0, 0),
(370, 7, 486, 5, NULL, 0, 128, 1, 'all', 0, 0),
(371, 7, 487, 5, NULL, 0, 128, 1, 'all', 0, 0),
(372, 7, 488, 5, NULL, 0, 128, 1, 'all', 0, 0),
(387, 7, 505, 5, NULL, 0, 128, 1, 'all', 0, 0),
(388, 7, 506, 6, NULL, 0, 128, 1, 'all', 0, 0),
(389, 1, 508, 6, NULL, 1, 128, 1, 'all', 0, 0),
(390, 1, 508, 5, NULL, 0, 0, 1, 'all', 0, 0),
(391, 7, 510, 6, NULL, 0, 128, 1, 'all', 0, 0),
(392, 7, 511, 6, NULL, 0, 128, 1, 'all', 0, 0),
(393, 7, 512, 5, NULL, 0, 128, 1, 'all', 0, 0),
(394, 7, 513, 5, NULL, 0, 128, 1, 'all', 0, 0),
(395, 7, 515, 5, NULL, 0, 128, 1, 'all', 0, 0),
(396, 7, 516, 5, NULL, 0, 128, 1, 'all', 0, 0),
(397, 7, 517, 5, NULL, 0, 128, 1, 'all', 0, 0),
(398, 7, 518, 5, NULL, 0, 128, 1, 'all', 0, 0),
(414, 1, 534, 6, NULL, 1, 128, 1, 'all', 0, 0),
(415, 1, 534, 5, NULL, 0, 0, 1, 'all', 0, 0),
(416, 1, 537, 6, NULL, 1, 128, 1, 'all', 0, 0),
(417, 1, 537, 5, NULL, 0, 0, 1, 'all', 0, 0),
(420, 7, 542, 6, NULL, 0, 128, 1, 'all', 0, 0),
(421, 7, 543, 6, NULL, 0, 128, 1, 'all', 0, 0),
(457, 1, 567, 6, NULL, 1, 128, 1, 'all', 0, 0),
(458, 1, 567, 5, NULL, 0, 0, 1, 'all', 0, 0),
(461, 7, 573, 5, NULL, 0, 128, 1, 'all', 0, 0),
(467, 7, 582, 5, NULL, 0, 128, 1, 'all', 0, 0),
(470, 7, 586, 5, NULL, 0, 128, 1, 'all', 0, 0),
(513, 5, 609, 5, NULL, 2, 128, 1, 'all', 0, 0),
(514, 5, 610, 5, NULL, 2, 128, 1, 'all', 0, 0),
(515, 5, 611, 5, NULL, 2, 128, 1, 'all', 0, 0),
(611, 8, 666, 5, NULL, 3, 128, 1, 'all', 0, 0),
(612, 8, 666, 6, NULL, 2, 32, 1, 'all', 0, 0),
(613, 8, 667, 6, NULL, 3, 128, 1, 'all', 0, 0),
(614, 8, 667, 5, NULL, 2, 32, 1, 'all', 0, 0),
(618, 8, 670, 5, NULL, 3, 128, 1, 'all', 0, 0),
(619, 8, 670, 6, NULL, 2, 32, 1, 'all', 0, 0),
(625, 7, 684, 5, NULL, 0, 128, 1, 'all', 0, 0),
(626, 7, 685, 5, NULL, 0, 128, 1, 'all', 0, 0),
(628, 7, 689, 5, NULL, 0, 128, 1, 'all', 0, 0),
(629, 7, 690, 5, NULL, 0, 128, 1, 'all', 0, 0),
(637, 5, 708, 5, NULL, 2, 128, 1, 'all', 0, 0),
(638, 5, 709, 5, NULL, 2, 128, 1, 'all', 0, 0),
(639, 8, 710, 5, NULL, 1, 128, 1, 'all', 0, 0),
(640, 8, 710, 6, NULL, 0, 32, 1, 'all', 0, 0),
(647, 1, 721, 5, NULL, 1, 128, 1, 'all', 0, 0),
(648, 1, 721, 6, NULL, 0, 0, 1, 'all', 0, 0),
(655, 7, 732, 5, NULL, 0, 128, 1, 'all', 0, 0),
(656, 7, 733, 5, NULL, 0, 128, 1, 'all', 0, 0),
(657, 9, 734, 5, NULL, 1, 128, 1, 'all', 0, 0),
(658, 9, 735, 5, NULL, 1, 128, 1, 'all', 0, 0),
(659, 9, 736, 5, NULL, 1, 128, 1, 'all', 0, 0),
(660, 9, 737, 5, NULL, 1, 128, 1, 'all', 0, 0),
(661, 9, 738, 5, NULL, 1, 128, 1, 'all', 0, 0),
(662, 9, 739, 5, NULL, 1, 128, 1, 'all', 0, 0),
(663, 9, 740, 5, NULL, 1, 128, 1, 'all', 0, 0),
(664, 9, 741, 5, NULL, 1, 128, 1, 'all', 0, 0),
(665, 9, 742, 5, NULL, 1, 128, 1, 'all', 0, 0),
(666, 9, 743, 5, NULL, 1, 128, 1, 'all', 0, 0),
(667, 9, 744, 5, NULL, 1, 128, 1, 'all', 0, 0),
(668, 9, 745, 5, NULL, 1, 128, 1, 'all', 0, 0),
(671, 1, 749, 6, NULL, 0, 128, 1, 'all', 0, 0),
(680, 7, 758, 5, NULL, 0, 128, 1, 'all', 0, 0),
(681, 7, 759, 5, NULL, 0, 128, 1, 'all', 0, 0),
(684, 7, 761, 5, NULL, 0, 128, 1, 'all', 0, 0),
(685, 7, 762, 5, NULL, 0, 128, 1, 'all', 0, 0),
(691, 1, 771, 5, NULL, 0, 128, 1, 'all', 0, 0),
(695, 7, 775, 5, NULL, 0, 128, 1, 'all', 0, 0),
(696, 7, 776, 5, NULL, 0, 128, 1, 'all', 0, 0),
(697, 7, 777, 5, NULL, 0, 128, 1, 'all', 0, 0),
(698, 7, 778, 5, NULL, 0, 128, 1, 'all', 0, 0),
(699, 7, 779, 5, NULL, 0, 128, 1, 'all', 0, 0),
(700, 7, 780, 5, NULL, 0, 128, 1, 'all', 0, 0),
(701, 9, 379, 5, NULL, 0, 128, 1, 'all', 0, 0),
(702, 9, 380, 5, NULL, 0, 128, 1, 'all', 0, 0),
(703, 9, 381, 5, NULL, 0, 128, 1, 'all', 0, 0),
(704, 9, 382, 5, NULL, 0, 128, 1, 'all', 0, 0),
(705, 9, 384, 5, NULL, 0, 128, 1, 'all', 0, 0),
(706, 9, 385, 5, NULL, 0, 128, 1, 'all', 0, 0),
(707, 9, 386, 5, NULL, 0, 128, 1, 'all', 0, 0),
(708, 9, 387, 5, NULL, 0, 128, 1, 'all', 0, 0),
(709, 9, 388, 5, NULL, 0, 128, 1, 'all', 0, 0),
(710, 9, 389, 5, NULL, 0, 128, 1, 'all', 0, 0),
(711, 9, 391, 5, NULL, 0, 128, 1, 'all', 0, 0),
(712, 9, 734, 5, NULL, 0, 128, 1, 'all', 0, 0),
(713, 9, 735, 5, NULL, 0, 128, 1, 'all', 0, 0),
(733, 1, 800, 5, NULL, 0, 128, 1, 'all', 0, 0),
(734, 7, 801, 5, NULL, 0, 128, 1, 'all', 0, 0),
(735, 9, 736, 5, NULL, 0, 128, 1, 'all', 0, 0),
(736, 9, 737, 5, NULL, 0, 128, 1, 'all', 0, 0),
(737, 7, 802, 5, NULL, 0, 128, 1, 'all', 0, 0),
(738, 9, 738, 5, NULL, 0, 128, 1, 'all', 0, 0),
(739, 9, 739, 5, NULL, 0, 128, 1, 'all', 0, 0),
(740, 9, 740, 5, NULL, 0, 128, 1, 'all', 0, 0),
(741, 9, 741, 5, NULL, 0, 128, 1, 'all', 0, 0),
(742, 9, 742, 5, NULL, 0, 128, 1, 'all', 0, 0),
(743, 9, 743, 5, NULL, 0, 128, 1, 'all', 0, 0),
(744, 9, 744, 5, NULL, 0, 128, 1, 'all', 0, 0),
(745, 9, 745, 5, NULL, 0, 128, 1, 'all', 0, 0),
(746, 9, 803, 5, NULL, 0, 128, 1, 'all', 0, 0),
(747, 9, 804, 5, NULL, 0, 128, 1, 'all', 0, 0),
(748, 7, 805, 5, NULL, 0, 128, 1, 'all', 0, 0),
(749, 7, 806, 5, NULL, 0, 128, 1, 'all', 0, 0),
(750, 7, 807, 5, NULL, 0, 128, 1, 'all', 0, 0),
(752, 7, 809, 5, NULL, 0, 128, 1, 'all', 0, 0),
(753, 7, 810, 5, NULL, 0, 128, 1, 'all', 0, 0),
(754, 7, 811, 5, NULL, 0, 128, 1, 'all', 0, 0),
(755, 7, 812, 5, NULL, 0, 128, 1, 'all', 0, 0),
(756, 7, 813, 5, NULL, 0, 128, 1, 'all', 0, 0),
(757, 7, 814, 5, NULL, 0, 128, 1, 'all', 0, 0),
(758, 7, 815, 5, NULL, 0, 128, 1, 'all', 0, 0),
(759, 7, 816, 5, NULL, 0, 128, 1, 'all', 0, 0),
(760, 7, 817, 5, NULL, 0, 128, 1, 'all', 0, 0),
(761, 7, 818, 5, NULL, 0, 128, 1, 'all', 0, 0),
(762, 7, 819, 5, NULL, 0, 128, 1, 'all', 0, 0),
(763, 7, 820, 5, NULL, 0, 128, 1, 'all', 0, 0),
(764, 7, 821, 5, NULL, 0, 128, 1, 'all', 0, 0),
(765, 7, 822, 5, NULL, 0, 128, 1, 'all', 0, 0),
(766, 7, 823, 5, NULL, 0, 128, 1, 'all', 0, 0),
(767, 7, 824, 5, NULL, 0, 128, 1, 'all', 0, 0),
(768, 7, 825, 5, NULL, 0, 128, 1, 'all', 0, 0),
(769, 7, 826, 5, NULL, 0, 128, 1, 'all', 0, 0),
(770, 7, 827, 5, NULL, 0, 128, 1, 'all', 0, 0),
(771, 7, 828, 5, NULL, 0, 128, 1, 'all', 0, 0),
(772, 7, 829, 5, NULL, 0, 128, 1, 'all', 0, 0),
(773, 7, 830, 5, NULL, 0, 128, 1, 'all', 0, 0),
(774, 7, 831, 5, NULL, 0, 128, 1, 'all', 0, 0),
(775, 7, 832, 5, NULL, 0, 128, 1, 'all', 0, 0),
(776, 7, 833, 5, NULL, 0, 128, 1, 'all', 0, 0),
(777, 7, 834, 5, NULL, 0, 128, 1, 'all', 0, 0),
(778, 7, 835, 5, NULL, 0, 128, 1, 'all', 0, 0),
(779, 7, 836, 5, NULL, 0, 128, 1, 'all', 0, 0),
(780, 7, 837, 5, NULL, 0, 128, 1, 'all', 0, 0),
(781, 7, 838, 5, NULL, 0, 128, 1, 'all', 0, 0),
(782, 7, 839, 5, NULL, 0, 128, 1, 'all', 0, 0),
(783, 7, 840, 5, NULL, 0, 128, 1, 'all', 0, 0),
(784, 7, 841, 5, NULL, 0, 128, 1, 'all', 0, 0),
(785, 7, 842, 5, NULL, 0, 128, 1, 'all', 0, 0),
(791, 7, 854, 5, NULL, 0, 128, 1, 'all', 0, 0),
(794, 1, 857, 5, NULL, 0, 128, 1, 'all', 0, 0),
(796, 7, 860, 5, NULL, 0, 128, 1, 'all', 0, 0),
(801, 7, 865, 5, NULL, 0, 128, 1, 'all', 0, 0),
(802, 7, 866, 5, NULL, 0, 128, 1, 'all', 0, 0),
(803, 7, 867, 5, NULL, 0, 128, 1, 'all', 0, 0),
(804, 7, 868, 5, NULL, 0, 128, 1, 'all', 0, 0),
(805, 7, 869, 5, NULL, 0, 128, 1, 'all', 0, 0),
(806, 7, 870, 5, NULL, 0, 128, 1, 'all', 0, 0),
(807, 7, 871, 5, NULL, 0, 128, 1, 'all', 0, 0),
(808, 7, 872, 5, NULL, 0, 128, 1, 'all', 0, 0),
(809, 7, 873, 5, NULL, 0, 128, 1, 'all', 0, 0),
(810, 7, 874, 5, NULL, 0, 128, 1, 'all', 0, 0),
(811, 7, 875, 5, NULL, 0, 128, 1, 'all', 0, 0),
(812, 7, 876, 5, NULL, 0, 128, 1, 'all', 0, 0),
(813, 7, 877, 5, NULL, 0, 128, 1, 'all', 0, 0),
(814, 7, 878, 5, NULL, 0, 128, 1, 'all', 0, 0),
(815, 7, 879, 5, NULL, 0, 128, 1, 'all', 0, 0),
(816, 7, 880, 5, NULL, 0, 128, 1, 'all', 0, 0),
(818, 7, 883, 5, NULL, 0, 128, 1, 'all', 0, 0),
(820, 7, 885, 5, NULL, 0, 128, 1, 'all', 0, 0),
(821, 1, 886, 5, NULL, 0, 128, 1, 'all', 0, 0),
(822, 7, 887, 5, NULL, 0, 128, 1, 'all', 0, 0),
(823, 7, 888, 5, NULL, 0, 128, 1, 'all', 0, 0),
(824, 7, 889, 5, NULL, 0, 128, 1, 'all', 0, 0),
(825, 7, 890, 5, NULL, 0, 128, 1, 'all', 0, 0),
(826, 7, 891, 5, NULL, 0, 128, 1, 'all', 0, 0),
(827, 7, 892, 5, NULL, 0, 128, 1, 'all', 0, 0),
(828, 7, 893, 5, NULL, 0, 128, 1, 'all', 0, 0),
(832, 1, 897, 5, NULL, 0, 128, 1, 'all', 0, 0),
(836, 1, 901, 5, NULL, 0, 128, 1, 'all', 0, 0),
(838, 1, 904, 5, NULL, 0, 128, 1, 'all', 0, 0),
(839, 1, 905, 5, NULL, 0, 128, 1, 'all', 0, 0),
(840, 7, 906, 5, NULL, 0, 128, 1, 'all', 0, 0),
(841, 1, 907, 5, NULL, 0, 128, 1, 'all', 0, 0),
(842, 7, 908, 5, NULL, 0, 128, 1, 'all', 0, 0),
(853, 8, 914, 5, NULL, 1, 128, 1, 'all', 0, 0),
(854, 8, 914, 6, NULL, 0, 32, 1, 'all', 0, 0),
(855, 7, 915, 5, NULL, 0, 128, 1, 'all', 0, 0),
(857, 1, 917, 5, NULL, 0, 128, 1, 'all', 0, 0),
(858, 7, 918, 5, NULL, 0, 128, 1, 'all', 0, 0),
(860, 7, 920, 5, NULL, 0, 128, 1, 'all', 0, 0),
(861, 1, 921, 5, NULL, 0, 128, 1, 'all', 0, 0),
(892, 1, 947, 5, NULL, 0, 128, 1, 'all', 0, 0),
(893, 7, 949, 5, NULL, 0, 128, 1, 'all', 0, 0),
(894, 7, 950, 5, NULL, 0, 128, 1, 'all', 0, 0),
(895, 7, 951, 5, NULL, 0, 128, 1, 'all', 0, 0),
(896, 7, 952, 5, NULL, 0, 128, 1, 'all', 0, 0),
(898, 7, 954, 5, NULL, 0, 128, 1, 'all', 0, 0),
(899, 7, 955, 5, NULL, 0, 128, 1, 'all', 0, 0),
(900, 7, 956, 5, NULL, 0, 128, 1, 'all', 0, 0),
(901, 7, 957, 5, NULL, 0, 128, 1, 'all', 0, 0),
(902, 7, 958, 5, NULL, 0, 128, 1, 'all', 0, 0),
(903, 7, 959, 5, NULL, 0, 128, 1, 'all', 0, 0),
(908, 7, 963, 5, NULL, 0, 128, 1, 'all', 0, 0),
(927, 8, 984, 5, NULL, 1, 128, 1, 'all', 0, 0),
(928, 8, 984, 9, NULL, 0, 32, 1, 'all', 0, 0),
(931, 7, 986, 5, NULL, 0, 128, 1, 'all', 0, 0),
(932, 7, 987, 5, NULL, 0, 128, 1, 'all', 0, 0),
(933, 7, 988, 5, NULL, 0, 128, 1, 'all', 0, 0),
(934, 7, 989, 5, NULL, 0, 128, 1, 'all', 0, 0),
(935, 7, 990, 5, NULL, 0, 128, 1, 'all', 0, 0),
(936, 7, 991, 5, NULL, 0, 128, 1, 'all', 0, 0),
(941, 7, 994, 5, NULL, 0, 128, 1, 'all', 0, 0),
(942, 7, 995, 5, NULL, 0, 128, 1, 'all', 0, 0),
(943, 7, 996, 5, NULL, 0, 128, 1, 'all', 0, 0),
(944, 7, 997, 5, NULL, 0, 128, 1, 'all', 0, 0),
(945, 7, 998, 5, NULL, 0, 128, 1, 'all', 0, 0),
(946, 7, 999, 5, NULL, 0, 128, 1, 'all', 0, 0),
(947, 7, 1000, 5, NULL, 0, 128, 1, 'all', 0, 0),
(948, 7, 1001, 5, NULL, 0, 128, 1, 'all', 0, 0),
(949, 7, 1002, 5, NULL, 0, 128, 1, 'all', 0, 0),
(950, 7, 1003, 5, NULL, 0, 128, 1, 'all', 0, 0),
(951, 7, 1004, 5, NULL, 0, 128, 1, 'all', 0, 0),
(952, 7, 1005, 5, NULL, 0, 128, 1, 'all', 0, 0),
(953, 7, 1006, 5, NULL, 0, 128, 1, 'all', 0, 0),
(954, 7, 1007, 5, NULL, 0, 128, 1, 'all', 0, 0),
(955, 7, 1008, 5, NULL, 0, 128, 1, 'all', 0, 0),
(956, 7, 1009, 5, NULL, 0, 128, 1, 'all', 0, 0),
(957, 7, 1010, 5, NULL, 0, 128, 1, 'all', 0, 0),
(958, 7, 1011, 5, NULL, 0, 128, 1, 'all', 0, 0),
(959, 7, 1012, 5, NULL, 0, 128, 1, 'all', 0, 0),
(960, 7, 1013, 5, NULL, 0, 128, 1, 'all', 0, 0),
(961, 7, 1014, 5, NULL, 0, 128, 1, 'all', 0, 0),
(962, 7, 1015, 5, NULL, 0, 128, 1, 'all', 0, 0),
(963, 7, 1016, 5, NULL, 0, 128, 1, 'all', 0, 0),
(964, 7, 1017, 5, NULL, 0, 128, 1, 'all', 0, 0),
(965, 7, 1018, 5, NULL, 0, 128, 1, 'all', 0, 0),
(966, 7, 1019, 5, NULL, 0, 128, 1, 'all', 0, 0),
(967, 7, 1020, 5, NULL, 0, 128, 1, 'all', 0, 0),
(968, 7, 1021, 5, NULL, 0, 128, 1, 'all', 0, 0),
(969, 7, 1022, 5, NULL, 0, 128, 1, 'all', 0, 0),
(1002, 7, 1042, 5, NULL, 0, 128, 1, 'all', 0, 0),
(1009, 7, 1048, 5, NULL, 0, 128, 1, 'all', 0, 0),
(1021, 5, 130, 5, NULL, 0, 128, 1, 'all', 0, 0),
(1022, 5, 131, 5, NULL, 0, 128, 1, 'all', 0, 0),
(1023, 1, 1057, 5, NULL, 1, 128, 1, 'all', 0, 0),
(1024, 1, 1057, 9, NULL, 0, 0, 1, 'all', 0, 0),
(1025, 5, 198, 5, NULL, 1, 128, 1, 'all', 0, 0),
(1026, 5, 198, 9, NULL, 0, 1, 1, 'all', 0, 0),
(1027, 5, 200, 5, NULL, 0, 128, 1, 'all', 0, 0),
(1028, 5, 201, 5, NULL, 0, 128, 1, 'all', 0, 0),
(1029, 5, 202, 5, NULL, 0, 128, 1, 'all', 0, 0),
(1030, 5, 239, 5, NULL, 0, 128, 1, 'all', 0, 0),
(1031, 5, 240, 5, NULL, 0, 128, 1, 'all', 0, 0),
(1032, 7, 1058, 5, NULL, 0, 128, 1, 'all', 0, 0),
(1033, 7, 1059, 5, NULL, 0, 128, 1, 'all', 0, 0),
(1034, 5, 1060, 5, NULL, 0, 128, 1, 'all', 0, 0),
(1035, 1, 1062, 5, NULL, 1, 128, 1, 'all', 0, 0),
(1036, 1, 1062, 9, NULL, 0, 0, 1, 'all', 0, 0),
(1045, 5, 246, 5, NULL, 1, 128, 1, 'all', 0, 0),
(1046, 5, 246, 9, NULL, 0, 1, 1, 'all', 0, 0),
(1047, 5, 1066, 5, NULL, 1, 128, 1, 'all', 0, 0),
(1048, 5, 1066, 9, NULL, 0, 1, 1, 'all', 0, 0),
(1049, 5, 1067, 5, NULL, 1, 128, 1, 'all', 0, 0),
(1050, 5, 1067, 9, NULL, 0, 1, 1, 'all', 0, 0),
(1051, 5, 249, 5, NULL, 1, 128, 1, 'all', 0, 0),
(1052, 5, 249, 9, NULL, 0, 1, 1, 'all', 0, 0),
(1075, 5, 1090, 5, NULL, 0, 128, 1, 'all', 0, 0),
(1079, 8, 1096, 5, NULL, 0, 128, 1, 'all', 0, 0),
(1080, 8, 1097, 5, NULL, 0, 128, 1, 'all', 0, 0),
(1085, 8, 1100, 5, NULL, 0, 128, 1, 'all', 0, 0),
(1088, 8, 1102, 5, NULL, 0, 128, 1, 'all', 0, 0),
(1089, 8, 1103, 5, NULL, 0, 128, 1, 'all', 0, 0),
(1090, 8, 1104, 5, NULL, 0, 128, 1, 'all', 0, 0),
(1091, 8, 1105, 5, NULL, 0, 128, 1, 'all', 0, 0),
(1092, 8, 1106, 5, NULL, 0, 128, 1, 'all', 0, 0),
(1099, 8, 1109, 5, NULL, 1, 128, 1, 'all', 0, 0),
(1100, 8, 1109, 6, NULL, 0, 32, 1, 'all', 0, 0),
(1101, 8, 1110, 5, NULL, 1, 128, 1, 'all', 0, 0),
(1102, 8, 1110, 6, NULL, 0, 32, 1, 'all', 0, 0),
(1103, 8, 666, 5, NULL, 1, 128, 1, 'all', 0, 0),
(1104, 8, 666, 6, NULL, 0, 32, 1, 'all', 0, 0),
(1105, 8, 667, 5, NULL, 1, 128, 1, 'all', 0, 0),
(1106, 8, 667, 6, NULL, 0, 32, 1, 'all', 0, 0),
(1107, 8, 1111, 5, NULL, 1, 128, 1, 'all', 0, 0),
(1108, 8, 1111, 6, NULL, 0, 32, 1, 'all', 0, 0),
(1109, 8, 1112, 5, NULL, 1, 128, 1, 'all', 0, 0),
(1110, 8, 1112, 6, NULL, 0, 32, 1, 'all', 0, 0),
(1111, 8, 670, 5, NULL, 1, 128, 1, 'all', 0, 0),
(1112, 8, 670, 6, NULL, 0, 32, 1, 'all', 0, 0),
(1117, 7, 1117, 6, NULL, 0, 128, 1, 'all', 0, 0),
(1118, 5, 1118, 6, NULL, 1, 128, 1, 'all', 0, 0),
(1119, 5, 1118, 6, NULL, 0, 1, 1, 'all', 0, 0),
(1124, 5, 1121, 6, NULL, 1, 128, 1, 'all', 0, 0),
(1125, 5, 1121, 6, NULL, 0, 1, 1, 'all', 0, 0),
(1132, 5, 1125, 6, NULL, 1, 128, 1, 'all', 0, 0),
(1133, 5, 1125, 6, NULL, 0, 1, 1, 'all', 0, 0),
(1134, 5, 1126, 6, NULL, 1, 128, 1, 'all', 0, 0),
(1135, 5, 1126, 6, NULL, 0, 1, 1, 'all', 0, 0),
(1136, 5, 1127, 6, NULL, 1, 128, 1, 'all', 0, 0),
(1137, 5, 1127, 6, NULL, 0, 1, 1, 'all', 0, 0),
(1138, 5, 609, 6, NULL, 1, 128, 1, 'all', 0, 0),
(1139, 5, 609, 6, NULL, 0, 1, 1, 'all', 0, 0),
(1140, 5, 610, 6, NULL, 1, 128, 1, 'all', 0, 0),
(1141, 5, 610, 6, NULL, 0, 1, 1, 'all', 0, 0),
(1142, 5, 611, 6, NULL, 1, 128, 1, 'all', 0, 0),
(1143, 5, 611, 6, NULL, 0, 1, 1, 'all', 0, 0),
(1144, 5, 708, 6, NULL, 1, 128, 1, 'all', 0, 0),
(1145, 5, 708, 6, NULL, 0, 1, 1, 'all', 0, 0),
(1146, 5, 709, 6, NULL, 1, 128, 1, 'all', 0, 0),
(1147, 5, 709, 6, NULL, 0, 1, 1, 'all', 0, 0),
(1148, 5, 1128, 6, NULL, 1, 128, 1, 'all', 0, 0),
(1149, 5, 1128, 6, NULL, 0, 1, 1, 'all', 0, 0),
(1150, 5, 1129, 6, NULL, 1, 128, 1, 'all', 0, 0),
(1151, 5, 1129, 6, NULL, 0, 1, 1, 'all', 0, 0),
(1152, 5, 1130, 6, NULL, 1, 128, 1, 'all', 0, 0),
(1153, 5, 1130, 6, NULL, 0, 1, 1, 'all', 0, 0),
(1154, 5, 1131, 6, NULL, 1, 128, 1, 'all', 0, 0),
(1155, 5, 1131, 6, NULL, 0, 1, 1, 'all', 0, 0),
(1156, 5, 1132, 6, NULL, 1, 128, 1, 'all', 0, 0),
(1157, 5, 1132, 6, NULL, 0, 1, 1, 'all', 0, 0),
(1158, 5, 1133, 6, NULL, 1, 128, 1, 'all', 0, 0),
(1159, 5, 1133, 6, NULL, 0, 1, 1, 'all', 0, 0),
(1160, 5, 1134, 6, NULL, 1, 128, 1, 'all', 0, 0),
(1161, 5, 1134, 6, NULL, 0, 1, 1, 'all', 0, 0),
(1162, 5, 1135, 6, NULL, 1, 128, 1, 'all', 0, 0),
(1163, 5, 1135, 6, NULL, 0, 1, 1, 'all', 0, 0),
(1164, 5, 1136, 6, NULL, 1, 128, 1, 'all', 0, 0),
(1165, 5, 1136, 6, NULL, 0, 1, 1, 'all', 0, 0),
(1166, 5, 1137, 6, NULL, 1, 128, 1, 'all', 0, 0),
(1167, 5, 1137, 6, NULL, 0, 1, 1, 'all', 0, 0),
(1168, 5, 1138, 6, NULL, 1, 128, 1, 'all', 0, 0),
(1169, 5, 1138, 6, NULL, 0, 1, 1, 'all', 0, 0),
(1170, 7, 1139, 5, NULL, 0, 128, 1, 'all', 0, 0),
(1171, 1, 1140, 5, NULL, 0, 128, 1, 'all', 0, 0),
(1172, 7, 1141, 5, NULL, 0, 128, 1, 'all', 0, 0),
(1173, 1, 1142, 5, NULL, 0, 128, 1, 'all', 0, 0),
(1174, 7, 1143, 5, NULL, 0, 128, 1, 'all', 0, 0),
(1175, 1, 1144, 5, NULL, 0, 128, 1, 'all', 0, 0),
(1176, 7, 1145, 5, NULL, 0, 128, 1, 'all', 0, 0),
(1177, 1, 1146, 5, NULL, 0, 128, 1, 'all', 0, 0),
(1180, 1, 1153, 5, NULL, 0, 128, 1, 'all', 0, 0),
(1182, 1, 1157, 5, NULL, 0, 128, 1, 'all', 0, 0),
(1183, 7, 1158, 5, NULL, 0, 128, 1, 'all', 0, 0),
(1188, 1, 1163, 5, NULL, 1, 128, 1, 'all', 0, 0),
(1189, 1, 1163, 6, NULL, 0, 1, 1, 'all', 0, 0),
(1192, 1, 1167, 5, NULL, 1, 128, 1, 'all', 0, 0),
(1193, 1, 1167, 6, NULL, 0, 1, 1, 'all', 0, 0),
(1194, 1, 1170, 5, NULL, 0, 128, 1, 'all', 0, 0),
(1195, 1, 1173, 5, NULL, 0, 128, 1, 'all', 0, 0),
(1196, 1, 1176, 6, NULL, 0, 128, 1, 'all', 0, 0),
(1197, 1, 1179, 5, NULL, 0, 128, 1, 'all', 0, 0),
(1198, 1, 1181, 5, NULL, 0, 128, 1, 'all', 0, 0),
(1203, 1, 1185, 5, NULL, 0, 128, 1, 'all', 0, 0),
(1204, 1, 1186, 5, NULL, 1, 128, 1, 'all', 0, 0),
(1205, 1, 1186, 6, NULL, 0, 1, 1, 'all', 0, 0),
(1206, 1, 1187, 5, NULL, 0, 128, 1, 'all', 0, 0),
(1207, 10, NULL, 11, NULL, 0, 64, 1, 'all', 0, 0),
(1208, 10, NULL, 12, NULL, 1, 8224, 1, 'all', 0, 0),
(1209, 10, NULL, 13, NULL, 2, 4098, 1, 'all', 0, 0),
(1210, 10, NULL, 14, NULL, 3, 4096, 1, 'all', 0, 0),
(1211, 11, NULL, 15, NULL, 0, 64, 1, 'all', 0, 0),
(1212, 11, NULL, 16, NULL, 1, 8224, 1, 'all', 0, 0),
(1213, 11, NULL, 17, NULL, 2, 4098, 1, 'all', 0, 0),
(1214, 11, NULL, 18, NULL, 3, 4096, 1, 'all', 0, 0),
(1215, 12, NULL, 11, NULL, 0, 64, 1, 'all', 0, 0),
(1216, 12, NULL, 12, NULL, 1, 32, 1, 'all', 0, 0),
(1217, 12, NULL, 13, NULL, 2, 4, 1, 'all', 0, 0),
(1218, 12, NULL, 14, NULL, 3, 1, 1, 'all', 0, 0);

-- --------------------------------------------------------

--
-- Estructura de tabla para la tabla `acl_object_identities`
--

CREATE TABLE IF NOT EXISTS `acl_object_identities` (
  `id` int(10) unsigned NOT NULL AUTO_INCREMENT,
  `parent_object_identity_id` int(10) unsigned DEFAULT NULL,
  `class_id` int(10) unsigned NOT NULL,
  `object_identifier` varchar(100) COLLATE utf8_unicode_ci NOT NULL,
  `entries_inheriting` tinyint(1) NOT NULL,
  PRIMARY KEY (`id`),
  UNIQUE KEY `UNIQ_9407E5494B12AD6EA000B10` (`object_identifier`,`class_id`),
  KEY `IDX_9407E54977FA751A` (`parent_object_identity_id`)
) ENGINE=InnoDB  DEFAULT CHARSET=utf8 COLLATE=utf8_unicode_ci AUTO_INCREMENT=1199 ;

--
-- Volcado de datos para la tabla `acl_object_identities`
--

INSERT INTO `acl_object_identities` (`id`, `parent_object_identity_id`, `class_id`, `object_identifier`, `entries_inheriting`) VALUES
(25, NULL, 1, '3', 1),
(27, NULL, 1, '4', 1),
(29, NULL, 1, '5', 1),
(31, NULL, 1, '6', 1),
(33, NULL, 1, '7', 1),
(35, NULL, 1, '8', 1),
(37, NULL, 1, '9', 1),
(39, NULL, 1, '10', 1),
(41, NULL, 1, '11', 1),
(43, NULL, 1, '12', 1),
(45, NULL, 1, '13', 1),
(47, NULL, 1, '14', 1),
(49, NULL, 1, '15', 1),
(51, NULL, 1, '16', 1),
(87, NULL, 1, '34', 1),
(89, NULL, 1, '35', 1),
(91, NULL, 1, '36', 1),
(93, NULL, 1, '37', 1),
(95, NULL, 1, '38', 1),
(97, NULL, 1, '39', 1),
(99, NULL, 1, '40', 1),
(101, NULL, 1, '41', 1),
(103, NULL, 1, '42', 1),
(105, NULL, 1, '43', 1),
(107, NULL, 1, '44', 1),
(109, NULL, 1, '45', 1),
(111, NULL, 1, '46', 1),
(113, NULL, 1, '47', 1),
(115, NULL, 1, '48', 1),
(116, NULL, 2, 'class', 1),
(117, NULL, 3, 'class', 1),
(118, NULL, 4, 'class', 1),
(120, NULL, 1, '49', 1),
(121, NULL, 2, '49', 1),
(123, NULL, 1, '50', 1),
(125, NULL, 1, '51', 1),
(130, NULL, 5, '1', 1),
(131, NULL, 5, '2', 1),
(133, NULL, 1, '54', 1),
(134, NULL, 2, '54', 1),
(136, NULL, 1, '55', 1),
(138, NULL, 1, '56', 1),
(140, NULL, 1, '57', 1),
(141, NULL, 2, '57', 1),
(143, NULL, 1, '58', 1),
(144, NULL, 2, '58', 1),
(146, NULL, 1, '59', 1),
(147, NULL, 2, '59', 1),
(149, NULL, 1, '60', 1),
(150, NULL, 2, '60', 1),
(152, NULL, 1, '61', 1),
(154, NULL, 1, '62', 1),
(156, NULL, 1, '63', 1),
(158, NULL, 1, '64', 1),
(160, NULL, 1, '65', 1),
(162, NULL, 1, '66', 1),
(164, NULL, 1, '67', 1),
(165, NULL, 2, '67', 1),
(167, NULL, 1, '68', 1),
(168, NULL, 2, '68', 1),
(169, NULL, 2, '18', 1),
(170, NULL, 2, '17', 1),
(171, NULL, 2, '26', 1),
(173, NULL, 1, '69', 1),
(175, NULL, 1, '70', 1),
(176, NULL, 2, '70', 1),
(179, NULL, 2, '71', 1),
(180, NULL, 1, '71', 1),
(182, NULL, 1, '72', 1),
(184, NULL, 1, '73', 1),
(185, NULL, 2, '73', 1),
(187, NULL, 1, '74', 1),
(189, NULL, 1, '75', 1),
(190, NULL, 2, '75', 1),
(192, NULL, 2, '22', 1),
(196, NULL, 1, '76', 1),
(197, NULL, 2, '76', 1),
(198, NULL, 5, '3', 1),
(199, NULL, 2, '19', 1),
(200, NULL, 5, '4', 1),
(201, NULL, 5, '5', 1),
(202, NULL, 5, '6', 1),
(217, NULL, 1, '77', 1),
(218, NULL, 2, '77', 1),
(220, NULL, 1, '78', 1),
(222, NULL, 1, '79', 1),
(224, NULL, 1, '80', 1),
(226, NULL, 1, '81', 1),
(229, NULL, 2, '82', 1),
(231, NULL, 1, '82', 1),
(239, NULL, 5, '7', 1),
(240, NULL, 5, '8', 1),
(246, NULL, 5, '14', 1),
(249, NULL, 5, '17', 1),
(255, NULL, 1, '30', 1),
(259, NULL, 2, '52', 1),
(261, NULL, 1, '52', 1),
(264, NULL, 2, '33', 1),
(265, NULL, 1, '33', 1),
(266, NULL, 1, '53', 1),
(267, NULL, 2, '53', 1),
(270, NULL, 2, '83', 1),
(273, NULL, 2, '84', 1),
(276, NULL, 2, '87', 1),
(279, NULL, 2, '88', 1),
(280, NULL, 3, '1', 1),
(281, NULL, 3, '2', 1),
(282, NULL, 3, '3', 1),
(283, NULL, 3, '4', 1),
(284, NULL, 3, '5', 1),
(285, NULL, 3, '6', 1),
(288, NULL, 2, '89', 1),
(289, NULL, 3, '7', 1),
(290, NULL, 3, '8', 1),
(291, NULL, 1, '89', 1),
(292, NULL, 3, '9', 1),
(293, NULL, 3, '10', 1),
(294, NULL, 3, '11', 1),
(295, NULL, 3, '12', 1),
(296, NULL, 3, '13', 1),
(297, NULL, 3, '14', 1),
(300, NULL, 6, 'class', 1),
(301, NULL, 7, 'class', 1),
(303, NULL, 1, '91', 1),
(304, NULL, 6, '91', 1),
(305, NULL, 1, '90', 1),
(306, NULL, 6, '90', 1),
(308, NULL, 1, '92', 1),
(309, NULL, 6, '92', 1),
(310, NULL, 7, '15', 1),
(312, NULL, 1, '93', 1),
(313, NULL, 6, '93', 1),
(316, NULL, 6, '94', 1),
(317, NULL, 1, '94', 1),
(319, NULL, 1, '95', 1),
(320, NULL, 6, '95', 1),
(322, NULL, 1, '96', 1),
(323, NULL, 6, '96', 1),
(324, NULL, 7, '16', 1),
(325, NULL, 7, '17', 1),
(327, NULL, 1, '97', 1),
(328, NULL, 6, '97', 1),
(329, NULL, 7, '18', 1),
(330, NULL, 7, '19', 1),
(335, NULL, 6, '98', 1),
(336, NULL, 7, '20', 1),
(347, NULL, 1, '100', 1),
(349, NULL, 1, '101', 1),
(350, NULL, 6, '100', 1),
(351, NULL, 6, '101', 1),
(352, NULL, 7, '21', 1),
(353, NULL, 7, '22', 1),
(354, NULL, 7, '23', 1),
(355, NULL, 7, '24', 1),
(358, NULL, 6, '102', 1),
(359, NULL, 7, '25', 1),
(360, NULL, 7, '26', 1),
(362, NULL, 1, '103', 1),
(363, NULL, 6, '103', 1),
(364, NULL, 7, '27', 1),
(365, NULL, 7, '28', 1),
(366, NULL, 9, 'class', 1),
(367, NULL, 9, '1', 1),
(368, NULL, 9, '2', 1),
(369, NULL, 9, '3', 1),
(370, NULL, 9, '4', 1),
(371, NULL, 9, '5', 1),
(372, NULL, 9, '6', 1),
(373, NULL, 9, '7', 1),
(374, NULL, 9, '8', 1),
(375, NULL, 9, '9', 1),
(376, NULL, 9, '10', 1),
(377, NULL, 9, '11', 1),
(378, NULL, 9, '12', 1),
(379, NULL, 9, '13', 1),
(380, NULL, 9, '14', 1),
(381, NULL, 9, '15', 1),
(382, NULL, 9, '16', 1),
(383, NULL, 7, '29', 1),
(384, NULL, 9, '17', 1),
(385, NULL, 9, '18', 1),
(386, NULL, 9, '19', 1),
(387, NULL, 9, '20', 1),
(388, NULL, 9, '21', 1),
(389, NULL, 9, '22', 1),
(390, NULL, 9, '23', 1),
(391, NULL, 9, '24', 1),
(399, NULL, 7, '30', 1),
(430, NULL, 7, '31', 1),
(431, NULL, 7, '32', 1),
(432, NULL, 7, '33', 1),
(446, NULL, 6, '105', 1),
(449, NULL, 6, '106', 1),
(454, NULL, 6, '107', 1),
(459, NULL, 6, '108', 1),
(464, NULL, 7, '34', 1),
(465, NULL, 7, '35', 1),
(466, NULL, 7, '36', 1),
(467, NULL, 7, '37', 1),
(468, NULL, 7, '38', 1),
(469, NULL, 7, '39', 1),
(470, NULL, 7, '40', 1),
(471, NULL, 7, '41', 1),
(472, NULL, 7, '42', 1),
(473, NULL, 7, '43', 1),
(474, NULL, 7, '44', 1),
(475, NULL, 7, '45', 1),
(476, NULL, 7, '46', 1),
(477, NULL, 7, '47', 1),
(478, NULL, 7, '48', 1),
(480, NULL, 7, '49', 1),
(481, NULL, 7, '50', 1),
(484, NULL, 6, '109', 1),
(485, NULL, 7, '56', 1),
(486, NULL, 7, '57', 1),
(487, NULL, 7, '58', 1),
(488, NULL, 7, '59', 1),
(501, NULL, 6, '115', 1),
(504, NULL, 6, '116', 1),
(505, NULL, 7, '60', 1),
(506, NULL, 7, '61', 1),
(508, NULL, 1, '117', 1),
(509, NULL, 6, '117', 1),
(510, NULL, 7, '62', 1),
(511, NULL, 7, '63', 1),
(512, NULL, 7, '64', 1),
(513, NULL, 7, '65', 1),
(514, NULL, 6, '110', 1),
(515, NULL, 7, '66', 1),
(516, NULL, 7, '67', 1),
(517, NULL, 7, '68', 1),
(518, NULL, 7, '70', 1),
(521, NULL, 6, '118', 1),
(528, NULL, 6, '119', 1),
(532, NULL, 6, '120', 1),
(534, NULL, 1, '121', 1),
(535, NULL, 6, '121', 1),
(537, NULL, 1, '122', 1),
(538, NULL, 6, '122', 1),
(541, NULL, 6, '123', 1),
(542, NULL, 7, '71', 1),
(543, NULL, 7, '72', 1),
(550, NULL, 6, '124', 1),
(559, NULL, 6, '125', 1),
(567, NULL, 1, '123', 1),
(569, NULL, 6, '113', 1),
(570, NULL, 6, '114', 1),
(571, NULL, 6, '112', 1),
(572, NULL, 6, '111', 1),
(573, NULL, 7, '73', 1),
(576, NULL, 6, '126', 1),
(581, NULL, 6, '127', 1),
(582, NULL, 7, '74', 1),
(585, NULL, 6, '128', 1),
(586, NULL, 7, '75', 1),
(609, NULL, 5, '49', 1),
(610, NULL, 5, '50', 1),
(611, NULL, 5, '51', 1),
(612, NULL, 1, '85', 1),
(613, NULL, 1, '86', 1),
(614, NULL, 1, '102', 1),
(622, NULL, 6, '99', 1),
(666, NULL, 8, '53', 1),
(667, NULL, 8, '54', 1),
(670, NULL, 8, '57', 1),
(677, NULL, 6, '129', 1),
(680, NULL, 6, '130', 1),
(683, NULL, 6, '131', 1),
(684, NULL, 7, '76', 1),
(685, NULL, 7, '77', 1),
(688, NULL, 6, '132', 1),
(689, NULL, 7, '78', 1),
(690, NULL, 7, '79', 1),
(693, NULL, 6, '133', 1),
(696, NULL, 6, '134', 1),
(699, NULL, 6, '135', 1),
(702, NULL, 6, '136', 1),
(705, NULL, 6, '137', 1),
(708, NULL, 5, '52', 1),
(709, NULL, 5, '53', 1),
(710, NULL, 8, '58', 1),
(713, NULL, 6, '138', 1),
(716, NULL, 6, '139', 1),
(719, NULL, 6, '140', 1),
(721, NULL, 1, '141', 1),
(722, NULL, 6, '141', 1),
(725, NULL, 6, '142', 1),
(728, NULL, 6, '143', 1),
(731, NULL, 6, '144', 1),
(732, NULL, 7, '80', 1),
(733, NULL, 7, '81', 1),
(734, NULL, 9, '25', 1),
(735, NULL, 9, '26', 1),
(736, NULL, 9, '27', 1),
(737, NULL, 9, '28', 1),
(738, NULL, 9, '29', 1),
(739, NULL, 9, '30', 1),
(740, NULL, 9, '31', 1),
(741, NULL, 9, '32', 1),
(742, NULL, 9, '33', 1),
(743, NULL, 9, '34', 1),
(744, NULL, 9, '35', 1),
(745, NULL, 9, '36', 1),
(748, NULL, 6, '145', 1),
(749, NULL, 1, '99', 1),
(752, NULL, 6, '146', 1),
(755, NULL, 6, '147', 1),
(758, NULL, 7, '82', 1),
(759, NULL, 7, '83', 1),
(761, NULL, 7, '84', 1),
(762, NULL, 7, '85', 1),
(765, NULL, 6, '148', 1),
(769, NULL, 6, '149', 1),
(771, NULL, 1, '150', 1),
(772, NULL, 6, '150', 1),
(775, NULL, 7, '86', 1),
(776, NULL, 7, '87', 1),
(777, NULL, 7, '88', 1),
(778, NULL, 7, '89', 1),
(779, NULL, 7, '90', 1),
(780, NULL, 7, '91', 1),
(800, NULL, 1, '148', 1),
(801, NULL, 7, '92', 1),
(802, NULL, 7, '93', 1),
(803, NULL, 9, '37', 1),
(804, NULL, 9, '38', 1),
(805, NULL, 7, '94', 1),
(806, NULL, 7, '95', 1),
(807, NULL, 7, '96', 1),
(809, NULL, 7, '97', 1),
(810, NULL, 7, '98', 1),
(811, NULL, 7, '99', 1),
(812, NULL, 7, '100', 1),
(813, NULL, 7, '101', 1),
(814, NULL, 7, '102', 1),
(815, NULL, 7, '103', 1),
(816, NULL, 7, '104', 1),
(817, NULL, 7, '105', 1),
(818, NULL, 7, '106', 1),
(819, NULL, 7, '107', 1),
(820, NULL, 7, '108', 1),
(821, NULL, 7, '109', 1),
(822, NULL, 7, '110', 1),
(823, NULL, 7, '111', 1),
(824, NULL, 7, '112', 1),
(825, NULL, 7, '113', 1),
(826, NULL, 7, '114', 1),
(827, NULL, 7, '115', 1),
(828, NULL, 7, '116', 1),
(829, NULL, 7, '117', 1),
(830, NULL, 7, '118', 1),
(831, NULL, 7, '119', 1),
(832, NULL, 7, '120', 1),
(833, NULL, 7, '121', 1),
(834, NULL, 7, '122', 1),
(835, NULL, 7, '123', 1),
(836, NULL, 7, '124', 1),
(837, NULL, 7, '125', 1),
(838, NULL, 7, '126', 1),
(839, NULL, 7, '127', 1),
(840, NULL, 7, '128', 1),
(841, NULL, 7, '129', 1),
(842, NULL, 7, '130', 1),
(847, NULL, 6, '151', 1),
(850, NULL, 6, '152', 1),
(853, NULL, 6, '153', 1),
(854, NULL, 7, '131', 1),
(857, NULL, 1, '144', 1),
(860, NULL, 7, '132', 1),
(865, NULL, 7, '133', 1),
(866, NULL, 7, '134', 1),
(867, NULL, 7, '135', 1),
(868, NULL, 7, '136', 1),
(869, NULL, 7, '137', 1),
(870, NULL, 7, '138', 1),
(871, NULL, 7, '139', 1),
(872, NULL, 7, '140', 1),
(873, NULL, 7, '141', 1),
(874, NULL, 7, '142', 1),
(875, NULL, 7, '143', 1),
(876, NULL, 7, '144', 1),
(877, NULL, 7, '145', 1),
(878, NULL, 7, '146', 1),
(879, NULL, 7, '147', 1),
(880, NULL, 7, '148', 1),
(883, NULL, 7, '150', 1),
(885, NULL, 7, '152', 1),
(886, NULL, 1, '139', 1),
(887, NULL, 7, '153', 1),
(888, NULL, 7, '154', 1),
(889, NULL, 7, '155', 1),
(890, NULL, 7, '156', 1),
(891, NULL, 7, '157', 1),
(892, NULL, 7, '158', 1),
(893, NULL, 7, '159', 1),
(897, NULL, 1, '143', 1),
(901, NULL, 1, '151', 1),
(904, NULL, 1, '147', 1),
(905, NULL, 1, '152', 1),
(906, NULL, 7, '160', 1),
(907, NULL, 1, '153', 1),
(908, NULL, 7, '161', 1),
(914, NULL, 8, '7', 1),
(915, NULL, 7, '162', 1),
(917, NULL, 1, '138', 1),
(918, NULL, 7, '163', 1),
(920, NULL, 7, '164', 1),
(921, NULL, 1, '146', 1),
(924, NULL, 6, '154', 1),
(928, NULL, 6, '155', 1),
(931, NULL, 6, '156', 1),
(947, NULL, 1, '157', 1),
(948, NULL, 6, '157', 1),
(949, NULL, 7, '165', 1),
(950, NULL, 7, '166', 1),
(951, NULL, 7, '167', 1),
(952, NULL, 7, '168', 1),
(954, NULL, 7, '169', 1),
(955, NULL, 7, '170', 1),
(956, NULL, 7, '171', 1),
(957, NULL, 7, '172', 1),
(958, NULL, 7, '173', 1),
(959, NULL, 7, '174', 1),
(963, NULL, 7, '175', 1),
(970, NULL, 6, '158', 1),
(973, NULL, 6, '159', 1),
(976, NULL, 6, '160', 1),
(983, NULL, 6, '161', 1),
(984, NULL, 8, '34', 1),
(986, NULL, 7, '176', 1),
(987, NULL, 7, '177', 1),
(988, NULL, 7, '178', 1),
(989, NULL, 7, '179', 1),
(990, NULL, 7, '180', 1),
(991, NULL, 7, '181', 1),
(994, NULL, 7, '182', 1),
(995, NULL, 7, '183', 1),
(996, NULL, 7, '186', 1),
(997, NULL, 7, '187', 1),
(998, NULL, 7, '188', 1),
(999, NULL, 7, '189', 1),
(1000, NULL, 7, '190', 1),
(1001, NULL, 7, '191', 1),
(1002, NULL, 7, '192', 1),
(1003, NULL, 7, '193', 1),
(1004, NULL, 7, '194', 1),
(1005, NULL, 7, '195', 1),
(1006, NULL, 7, '196', 1),
(1007, NULL, 7, '197', 1),
(1008, NULL, 7, '198', 1),
(1009, NULL, 7, '199', 1),
(1010, NULL, 7, '200', 1),
(1011, NULL, 7, '201', 1),
(1012, NULL, 7, '202', 1),
(1013, NULL, 7, '203', 1),
(1014, NULL, 7, '204', 1),
(1015, NULL, 7, '205', 1),
(1016, NULL, 7, '206', 1),
(1017, NULL, 7, '207', 1),
(1018, NULL, 7, '208', 1),
(1019, NULL, 7, '209', 1),
(1020, NULL, 7, '210', 1),
(1021, NULL, 7, '211', 1),
(1022, NULL, 7, '212', 1),
(1042, NULL, 7, '213', 1),
(1048, NULL, 7, '214', 1),
(1057, NULL, 1, '156', 1),
(1058, NULL, 7, '215', 1),
(1059, NULL, 7, '216', 1),
(1060, NULL, 5, '9', 1),
(1062, NULL, 1, '162', 1),
(1063, NULL, 6, '162', 1),
(1066, NULL, 5, '15', 1),
(1067, NULL, 5, '16', 1),
(1070, NULL, 6, '163', 1),
(1073, NULL, 6, '164', 1),
(1090, NULL, 5, '38', 1),
(1094, NULL, 6, '165', 1),
(1096, NULL, 8, '36', 1),
(1097, NULL, 8, '37', 1),
(1100, NULL, 8, '41', 1),
(1102, NULL, 8, '43', 1),
(1103, NULL, 8, '44', 1),
(1104, NULL, 8, '45', 1),
(1105, NULL, 8, '46', 1),
(1106, NULL, 8, '47', 1),
(1109, NULL, 8, '51', 1),
(1110, NULL, 8, '52', 1),
(1111, NULL, 8, '55', 1),
(1112, NULL, 8, '56', 1),
(1115, NULL, 6, '166', 1),
(1117, NULL, 7, '217', 1),
(1118, NULL, 5, '39', 1),
(1121, NULL, 5, '42', 1),
(1125, NULL, 5, '46', 1),
(1126, NULL, 5, '47', 1),
(1127, NULL, 5, '48', 1),
(1128, NULL, 5, '54', 1),
(1129, NULL, 5, '55', 1),
(1130, NULL, 5, '56', 1),
(1131, NULL, 5, '57', 1),
(1132, NULL, 5, '58', 1),
(1133, NULL, 5, '59', 1),
(1134, NULL, 5, '60', 1),
(1135, NULL, 5, '61', 1),
(1136, NULL, 5, '62', 1),
(1137, NULL, 5, '63', 1),
(1138, NULL, 5, '64', 1),
(1139, NULL, 7, '218', 1),
(1140, NULL, 1, '160', 1),
(1141, NULL, 7, '219', 1),
(1142, NULL, 1, '155', 1),
(1143, NULL, 7, '220', 1),
(1144, NULL, 1, '165', 1),
(1145, NULL, 7, '221', 1),
(1146, NULL, 1, '145', 1),
(1149, NULL, 6, '167', 1),
(1152, NULL, 6, '168', 1),
(1153, NULL, 1, '161', 1),
(1156, NULL, 6, '169', 1),
(1157, NULL, 1, '169', 1),
(1158, NULL, 7, '222', 1),
(1162, NULL, 6, '170', 1),
(1163, NULL, 1, '170', 1),
(1167, NULL, 1, '171', 1),
(1168, NULL, 6, '171', 1),
(1170, NULL, 1, '172', 1),
(1171, NULL, 6, '172', 1),
(1173, NULL, 1, '173', 1),
(1174, NULL, 6, '173', 1),
(1176, NULL, 1, '174', 1),
(1177, NULL, 6, '174', 1),
(1179, NULL, 1, '175', 1),
(1180, NULL, 6, '175', 1),
(1181, NULL, 1, '154', 1),
(1185, NULL, 1, '149', 1),
(1186, NULL, 1, '166', 1),
(1187, NULL, 1, '140', 1),
(1188, NULL, 10, 'sonata.user.admin.user', 1),
(1189, NULL, 11, 'sonata.user.admin.group', 1),
(1190, NULL, 12, '3', 1),
(1191, NULL, 12, '8', 1),
(1192, NULL, 12, '20', 1),
(1193, NULL, 12, '21', 1),
(1194, NULL, 12, '22', 1),
(1195, NULL, 12, '23', 1),
(1196, NULL, 12, '24', 1),
(1197, NULL, 12, '25', 1),
(1198, NULL, 12, '26', 1);

-- --------------------------------------------------------

--
-- Estructura de tabla para la tabla `acl_object_identity_ancestors`
--

CREATE TABLE IF NOT EXISTS `acl_object_identity_ancestors` (
  `object_identity_id` int(10) unsigned NOT NULL,
  `ancestor_id` int(10) unsigned NOT NULL,
  PRIMARY KEY (`object_identity_id`,`ancestor_id`),
  KEY `IDX_825DE2993D9AB4A6` (`object_identity_id`),
  KEY `IDX_825DE299C671CEA1` (`ancestor_id`)
) ENGINE=InnoDB DEFAULT CHARSET=utf8 COLLATE=utf8_unicode_ci;

--
-- Volcado de datos para la tabla `acl_object_identity_ancestors`
--

INSERT INTO `acl_object_identity_ancestors` (`object_identity_id`, `ancestor_id`) VALUES
(25, 25),
(27, 27),
(29, 29),
(31, 31),
(33, 33),
(35, 35),
(37, 37),
(39, 39),
(41, 41),
(43, 43),
(45, 45),
(47, 47),
(49, 49),
(51, 51),
(87, 87),
(89, 89),
(91, 91),
(93, 93),
(95, 95),
(97, 97),
(99, 99),
(101, 101),
(103, 103),
(105, 105),
(107, 107),
(109, 109),
(111, 111),
(113, 113),
(115, 115),
(116, 116),
(117, 117),
(118, 118),
(120, 120),
(121, 121),
(123, 123),
(125, 125),
(130, 130),
(131, 131),
(133, 133),
(134, 134),
(136, 136),
(138, 138),
(140, 140),
(141, 141),
(143, 143),
(144, 144),
(146, 146),
(147, 147),
(149, 149),
(150, 150),
(152, 152),
(154, 154),
(156, 156),
(158, 158),
(160, 160),
(162, 162),
(164, 164),
(165, 165),
(167, 167),
(168, 168),
(169, 169),
(170, 170),
(171, 171),
(173, 173),
(175, 175),
(176, 176),
(179, 179),
(180, 180),
(182, 182),
(184, 184),
(185, 185),
(187, 187),
(189, 189),
(190, 190),
(192, 192),
(196, 196),
(197, 197),
(198, 198),
(199, 199),
(200, 200),
(201, 201),
(202, 202),
(217, 217),
(218, 218),
(220, 220),
(222, 222),
(224, 224),
(226, 226),
(229, 229),
(231, 231),
(239, 239),
(240, 240),
(246, 246),
(249, 249),
(255, 255),
(259, 259),
(261, 261),
(264, 264),
(265, 265),
(266, 266),
(267, 267),
(270, 270),
(273, 273),
(276, 276),
(279, 279),
(280, 280),
(281, 281),
(282, 282),
(283, 283),
(284, 284),
(285, 285),
(288, 288),
(289, 289),
(290, 290),
(291, 291),
(292, 292),
(293, 293),
(294, 294),
(295, 295),
(296, 296),
(297, 297),
(300, 300),
(301, 301),
(303, 303),
(304, 304),
(305, 305),
(306, 306),
(308, 308),
(309, 309),
(310, 310),
(312, 312),
(313, 313),
(316, 316),
(317, 317),
(319, 319),
(320, 320),
(322, 322),
(323, 323),
(324, 324),
(325, 325),
(327, 327),
(328, 328),
(329, 329),
(330, 330),
(335, 335),
(336, 336),
(347, 347),
(349, 349),
(350, 350),
(351, 351),
(352, 352),
(353, 353),
(354, 354),
(355, 355),
(358, 358),
(359, 359),
(360, 360),
(362, 362),
(363, 363),
(364, 364),
(365, 365),
(366, 366),
(367, 367),
(368, 368),
(369, 369),
(370, 370),
(371, 371),
(372, 372),
(373, 373),
(374, 374),
(375, 375),
(376, 376),
(377, 377),
(378, 378),
(379, 379),
(380, 380),
(381, 381),
(382, 382),
(383, 383),
(384, 384),
(385, 385),
(386, 386),
(387, 387),
(388, 388),
(389, 389),
(390, 390),
(391, 391),
(399, 399),
(430, 430),
(431, 431),
(432, 432),
(446, 446),
(449, 449),
(454, 454),
(459, 459),
(464, 464),
(465, 465),
(466, 466),
(467, 467),
(468, 468),
(469, 469),
(470, 470),
(471, 471),
(472, 472),
(473, 473),
(474, 474),
(475, 475),
(476, 476),
(477, 477),
(478, 478),
(480, 480),
(481, 481),
(484, 484),
(485, 485),
(486, 486),
(487, 487),
(488, 488),
(501, 501),
(504, 504),
(505, 505),
(506, 506),
(508, 508),
(509, 509),
(510, 510),
(511, 511),
(512, 512),
(513, 513),
(514, 514),
(515, 515),
(516, 516),
(517, 517),
(518, 518),
(521, 521),
(528, 528),
(532, 532),
(534, 534),
(535, 535),
(537, 537),
(538, 538),
(541, 541),
(542, 542),
(543, 543),
(550, 550),
(559, 559),
(567, 567),
(569, 569),
(570, 570),
(571, 571),
(572, 572),
(573, 573),
(576, 576),
(581, 581),
(582, 582),
(585, 585),
(586, 586),
(609, 609),
(610, 610),
(611, 611),
(612, 612),
(613, 613),
(614, 614),
(622, 622),
(666, 666),
(667, 667),
(670, 670),
(677, 677),
(680, 680),
(683, 683),
(684, 684),
(685, 685),
(688, 688),
(689, 689),
(690, 690),
(693, 693),
(696, 696),
(699, 699),
(702, 702),
(705, 705),
(708, 708),
(709, 709),
(710, 710),
(713, 713),
(716, 716),
(719, 719),
(721, 721),
(722, 722),
(725, 725),
(728, 728),
(731, 731),
(732, 732),
(733, 733),
(734, 734),
(735, 735),
(736, 736),
(737, 737),
(738, 738),
(739, 739),
(740, 740),
(741, 741),
(742, 742),
(743, 743),
(744, 744),
(745, 745),
(748, 748),
(749, 749),
(752, 752),
(755, 755),
(758, 758),
(759, 759),
(761, 761),
(762, 762),
(765, 765),
(769, 769),
(771, 771),
(772, 772),
(775, 775),
(776, 776),
(777, 777),
(778, 778),
(779, 779),
(780, 780),
(800, 800),
(801, 801),
(802, 802),
(803, 803),
(804, 804),
(805, 805),
(806, 806),
(807, 807),
(809, 809),
(810, 810),
(811, 811),
(812, 812),
(813, 813),
(814, 814),
(815, 815),
(816, 816),
(817, 817),
(818, 818),
(819, 819),
(820, 820),
(821, 821),
(822, 822),
(823, 823),
(824, 824),
(825, 825),
(826, 826),
(827, 827),
(828, 828),
(829, 829),
(830, 830),
(831, 831),
(832, 832),
(833, 833),
(834, 834),
(835, 835),
(836, 836),
(837, 837),
(838, 838),
(839, 839),
(840, 840),
(841, 841),
(842, 842),
(847, 847),
(850, 850),
(853, 853),
(854, 854),
(857, 857),
(860, 860),
(865, 865),
(866, 866),
(867, 867),
(868, 868),
(869, 869),
(870, 870),
(871, 871),
(872, 872),
(873, 873),
(874, 874),
(875, 875),
(876, 876),
(877, 877),
(878, 878),
(879, 879),
(880, 880),
(883, 883),
(885, 885),
(886, 886),
(887, 887),
(888, 888),
(889, 889),
(890, 890),
(891, 891),
(892, 892),
(893, 893),
(897, 897),
(901, 901),
(904, 904),
(905, 905),
(906, 906),
(907, 907),
(908, 908),
(914, 914),
(915, 915),
(917, 917),
(918, 918),
(920, 920),
(921, 921),
(924, 924),
(928, 928),
(931, 931),
(947, 947),
(948, 948),
(949, 949),
(950, 950),
(951, 951),
(952, 952),
(954, 954),
(955, 955),
(956, 956),
(957, 957),
(958, 958),
(959, 959),
(963, 963),
(970, 970),
(973, 973),
(976, 976),
(983, 983),
(984, 984),
(986, 986),
(987, 987),
(988, 988),
(989, 989),
(990, 990),
(991, 991),
(994, 994),
(995, 995),
(996, 996),
(997, 997),
(998, 998),
(999, 999),
(1000, 1000),
(1001, 1001),
(1002, 1002),
(1003, 1003),
(1004, 1004),
(1005, 1005),
(1006, 1006),
(1007, 1007),
(1008, 1008),
(1009, 1009),
(1010, 1010),
(1011, 1011),
(1012, 1012),
(1013, 1013),
(1014, 1014),
(1015, 1015),
(1016, 1016),
(1017, 1017),
(1018, 1018),
(1019, 1019),
(1020, 1020),
(1021, 1021),
(1022, 1022),
(1042, 1042),
(1048, 1048),
(1057, 1057),
(1058, 1058),
(1059, 1059),
(1060, 1060),
(1062, 1062),
(1063, 1063),
(1066, 1066),
(1067, 1067),
(1070, 1070),
(1073, 1073),
(1090, 1090),
(1094, 1094),
(1096, 1096),
(1097, 1097),
(1100, 1100),
(1102, 1102),
(1103, 1103),
(1104, 1104),
(1105, 1105),
(1106, 1106),
(1109, 1109),
(1110, 1110),
(1111, 1111),
(1112, 1112),
(1115, 1115),
(1117, 1117),
(1118, 1118),
(1121, 1121),
(1125, 1125),
(1126, 1126),
(1127, 1127),
(1128, 1128),
(1129, 1129),
(1130, 1130),
(1131, 1131),
(1132, 1132),
(1133, 1133),
(1134, 1134),
(1135, 1135),
(1136, 1136),
(1137, 1137),
(1138, 1138),
(1139, 1139),
(1140, 1140),
(1141, 1141),
(1142, 1142),
(1143, 1143),
(1144, 1144),
(1145, 1145),
(1146, 1146),
(1149, 1149),
(1152, 1152),
(1153, 1153),
(1156, 1156),
(1157, 1157),
(1158, 1158),
(1162, 1162),
(1163, 1163),
(1167, 1167),
(1168, 1168),
(1170, 1170),
(1171, 1171),
(1173, 1173),
(1174, 1174),
(1176, 1176),
(1177, 1177),
(1179, 1179),
(1180, 1180),
(1181, 1181),
(1185, 1185),
(1186, 1186),
(1187, 1187),
(1188, 1188),
(1189, 1189),
(1190, 1190),
(1191, 1191),
(1192, 1192),
(1193, 1193),
(1194, 1194),
(1195, 1195),
(1196, 1196),
(1197, 1197),
(1198, 1198);

-- --------------------------------------------------------

--
-- Estructura de tabla para la tabla `acl_security_identities`
--

CREATE TABLE IF NOT EXISTS `acl_security_identities` (
  `id` int(10) unsigned NOT NULL AUTO_INCREMENT,
  `identifier` varchar(200) COLLATE utf8_unicode_ci NOT NULL,
  `username` tinyint(1) NOT NULL,
  PRIMARY KEY (`id`),
  UNIQUE KEY `UNIQ_8835EE78772E836AF85E0677` (`identifier`,`username`)
) ENGINE=InnoDB  DEFAULT CHARSET=utf8 COLLATE=utf8_unicode_ci AUTO_INCREMENT=19 ;

--
-- Volcado de datos para la tabla `acl_security_identities`
--

INSERT INTO `acl_security_identities` (`id`, `identifier`, `username`) VALUES
(7, '32-camilocot@gmail.com', 1),
(3, 'IS_AUTHENTICATED_ANONYMOUSLY', 0),
(15, 'ROLE_SONATA_USER_ADMIN_GROUP_ADMIN', 0),
(16, 'ROLE_SONATA_USER_ADMIN_GROUP_EDITOR', 0),
(18, 'ROLE_SONATA_USER_ADMIN_GROUP_GUEST', 0),
(17, 'ROLE_SONATA_USER_ADMIN_GROUP_STAFF', 0),
(11, 'ROLE_SONATA_USER_ADMIN_USER_ADMIN', 0),
(12, 'ROLE_SONATA_USER_ADMIN_USER_EDITOR', 0),
(14, 'ROLE_SONATA_USER_ADMIN_USER_GUEST', 0),
(13, 'ROLE_SONATA_USER_ADMIN_USER_STAFF', 0),
(4, 'ROLE_SUPER_ADMIN', 0),
(2, 'ROLE_USER', 0),
(1, 'Taskul\\UserBundle\\Entity\\User-c.cota@centrored.com', 1),
(6, 'Taskul\\UserBundle\\Entity\\User-camilocot@gmail.com', 1),
(10, 'Taskul\\UserBundle\\Entity\\User-camilocot@outlook.com', 1),
(9, 'Taskul\\UserBundle\\Entity\\User-indanai80@hotmail.com', 1),
(8, 'Taskul\\UserBundle\\Entity\\User-indenai80@hotmail.com', 1),
(5, 'Taskul\\UserBundle\\Entity\\User-produccion@centrored.com', 1);

-- --------------------------------------------------------

--
-- Estructura de tabla para la tabla `commnent`
--

CREATE TABLE IF NOT EXISTS `commnent` (
  `id` int(11) NOT NULL AUTO_INCREMENT,
  `thread_id` varchar(255) COLLATE utf8_unicode_ci DEFAULT NULL,
  `author_id` int(11) DEFAULT NULL,
  `body` longtext COLLATE utf8_unicode_ci NOT NULL,
  `ancestors` varchar(1024) COLLATE utf8_unicode_ci NOT NULL,
  `depth` int(11) NOT NULL,
  `created_at` datetime NOT NULL,
  `state` int(11) NOT NULL,
  `score` int(11) NOT NULL,
  `rawBody` longtext COLLATE utf8_unicode_ci,
  PRIMARY KEY (`id`),
  KEY `IDX_AA8391B2E2904019` (`thread_id`),
  KEY `IDX_AA8391B2F675F31B` (`author_id`)
) ENGINE=InnoDB  DEFAULT CHARSET=utf8 COLLATE=utf8_unicode_ci AUTO_INCREMENT=223 ;

--
-- Volcado de datos para la tabla `commnent`
--

INSERT INTO `commnent` (`id`, `thread_id`, `author_id`, `body`, `ancestors`, `depth`, `created_at`, `state`, `score`, `rawBody`) VALUES
(80, '139', 3, 'Incluirlo en el loadpage', '', 0, '2013-05-29 22:55:21', 0, 0, 'Incluirlo en el loadpage'),
(81, '139', 3, 'Incluirlo en el loadpage', '', 0, '2013-05-29 22:55:22', 0, 0, 'Incluirlo en el loadpage'),
(82, '147', 3, 'Creo que no es correcto está todo OK', '', 0, '2013-05-30 21:25:15', 0, 0, 'Creo que no es correcto está todo OK'),
(83, '147', 3, 'Creo que no es correcto está todo OK', '', 0, '2013-05-30 21:25:16', 0, 0, 'Creo que no es correcto está todo OK'),
(84, '147', 3, 'Revisar porque he probado a darle a done y lo he tenido que hacer dos veces.', '', 0, '2013-05-30 21:28:15', 0, 0, 'Revisar porque he probado a darle a done y lo he tenido que hacer dos veces.'),
(85, '147', 3, 'Revisar porque he probado a darle a done y lo he tenido que hacer dos veces.', '', 0, '2013-05-30 21:28:15', 0, 0, 'Revisar porque he probado a darle a done y lo he tenido que hacer dos veces.'),
(86, '148', 3, 'Añadido todo', '', 0, '2013-06-07 20:20:02', 1, 0, 'Añadido todo'),
(87, '148', 3, 'Añadido todo', '', 0, '2013-06-07 20:20:02', 1, 0, 'Añadido todo'),
(88, '148', 3, 'añadidodododo', '', 0, '2013-06-07 20:20:21', 0, 0, 'añadidodododo'),
(89, '148', 3, 'añadidodododo', '', 0, '2013-06-07 20:20:22', 1, 2, 'añadidodododo'),
(90, '148', 3, 'Completadp\r\n<br>dsads\r\ndsa\r\ndsa\r\ndsa\r\ndsa\r\ndsa\r\nsda', '', 0, '2013-06-07 20:32:09', 0, 6, 'Completadp\n<br />dsads\ndsa\ndsa\ndsa\ndsa\ndsa\nsda'),
(91, '148', 3, 'Aqui va esto', '90', 1, '2013-06-07 20:35:05', 0, -2, 'Aqui va esto'),
(92, '145', 3, 'dsadsdsadasdsadsa', '', 0, '2013-06-11 20:58:38', 0, 0, 'dsadsdsadasdsadsa'),
(93, '145', 3, 'hola <b>denuevo</b>', '', 0, '2013-06-11 21:05:06', 0, 0, 'hola <b>denuevo</b>'),
(94, '148', 3, 'dsadssdadsadas<br>ds<br>a<br>ds<br>dsa<br>dsa<br>dsa<br>dsa<br>dsadsa<br>', '', 0, '2013-06-11 21:52:45', 0, 0, 'dsadssdadsadas<br />ds<br />a<br />ds<br />dsa<br />dsa<br />dsa<br />dsa<br />dsadsa<br />'),
(95, '148', 3, 'dsadsasddsdsads', '94', 1, '2013-06-11 22:06:28', 0, 0, 'dsadsasddsdsads'),
(96, '148', 3, 'dsadssdadsadas<br>ds<br>dsa<br>dsa<br>dsa<br>sda<br>', '', 0, '2013-06-11 22:13:49', 0, 0, 'dsadssdadsadas<br />ds<br />dsa<br />dsa<br />dsa<br />sda<br />'),
(97, '148', 3, 'dsadsadsadsadsadsadsa<br>', '94', 1, '2013-06-12 20:07:41', 0, 0, 'dsadsadsadsadsadsadsa<br />'),
(98, '148', 3, 'Alehospspsps<br>ds<br>dsa<br>dsad<br>sa<br>', '94/97', 2, '2013-06-12 20:07:58', 0, 0, 'Alehospspsps<br />ds<br />dsa<br />dsad<br />sa<br />'),
(99, '148', 3, '<br>', '94/97/98', 3, '2013-06-12 20:08:06', 0, 0, '<br />'),
(100, '148', 3, 'aSASsa<br>', '94/97', 2, '2013-06-12 20:09:13', 0, 0, 'aSASsa<br />'),
(101, '148', 3, '<br>', '94/97/98', 3, '2013-06-12 20:09:21', 0, 0, '<br />'),
(102, '148', 3, '<br>', '', 0, '2013-06-12 20:15:19', 0, 0, '<br />'),
(103, '148', 3, '<br>', '', 0, '2013-06-12 20:15:30', 0, 0, '<br />'),
(104, '148', 3, '<br>', '', 0, '2013-06-12 20:20:33', 0, 0, '<br />'),
(105, '148', 3, '<br>', '', 0, '2013-06-12 20:20:36', 0, 0, '<br />'),
(106, '148', 3, '<br>', '', 0, '2013-06-12 20:20:52', 0, 0, '<br />'),
(107, '148', 3, '<br>', '', 0, '2013-06-12 20:23:36', 0, 0, '<br />'),
(108, '148', 3, '<br>', '', 0, '2013-06-12 20:23:40', 0, 0, '<br />'),
(109, '148', 3, '<br>', '', 0, '2013-06-12 20:23:45', 0, 0, '<br />'),
(110, '148', 3, '<br>', '', 0, '2013-06-12 20:24:13', 0, 0, '<br />'),
(111, '148', 3, '<br>', '110', 1, '2013-06-12 20:24:21', 0, 0, '<br />'),
(112, '148', 3, '<br>', '', 0, '2013-06-12 20:27:08', 0, 0, '<br />'),
(113, '148', 3, '<br>', '112', 1, '2013-06-12 20:27:13', 0, 0, '<br />'),
(114, '148', 3, '<br>', '', 0, '2013-06-12 20:29:50', 0, 0, '<br />'),
(115, '148', 3, '<br>', '', 0, '2013-06-12 20:29:52', 0, 0, '<br />'),
(116, '148', 3, '<br>', '', 0, '2013-06-12 20:33:03', 0, 0, '<br />'),
(117, '148', 3, 'fdsfdsfdsfds<br>fds<br>', '', 0, '2013-06-12 20:33:15', 0, 0, 'fdsfdsfdsfds<br />fds<br />'),
(118, '148', 3, 'dsadsdsadsadsaads<br>', '', 0, '2013-06-12 20:33:53', 0, 0, 'dsadsdsadsadsaads<br />'),
(119, '148', 3, '<br>', '', 0, '2013-06-12 20:49:36', 0, 0, '<br />'),
(120, '148', 3, '<br>', '', 0, '2013-06-12 20:49:46', 0, 0, '<br />'),
(121, '148', 3, '<br>', '', 0, '2013-06-12 20:51:07', 0, 0, '<br />'),
(122, '148', 3, '<br>', '', 0, '2013-06-12 20:51:37', 0, 0, '<br />'),
(123, '148', 3, '<br>', '', 0, '2013-06-12 21:27:29', 0, 0, '<br />'),
(124, '148', 3, '<br>', '', 0, '2013-06-12 21:29:27', 0, 0, '<br />'),
(125, '148', 3, '<br>', '', 0, '2013-06-12 21:29:34', 0, 0, '<br />'),
(126, '148', 3, '<br>', '', 0, '2013-06-12 21:30:02', 1, 0, '<br />'),
(127, '148', 3, '<br>', '', 0, '2013-06-12 21:30:09', 1, 0, '<br />'),
(128, '148', 3, 'xczcxzcxcxzcxzcxzcxzzcx', '127', 1, '2013-06-12 21:32:59', 0, 0, 'xczcxzcxcxzcxzcxzcxzzcx'),
(129, '148', 3, 'asjdsahdsa<div>ds</div><div>dsa</div><div>dsa</div><div>dsa</div><div>dsasda</div>', '', 0, '2013-06-12 21:33:08', 0, 0, 'asjdsahdsa<div>ds</div><div>dsa</div><div>dsa</div><div>dsa</div><div>dsasda</div>'),
(130, '148', 3, 'czxcxzcx<div>zxc</div><div>dsa</div><div>d</div><div>dsa</div><div>dsa</div><div>dsa</div><div>dsa</div><div>dsa</div><div>sda</div>', '', 0, '2013-06-12 21:33:37', 0, 0, 'czxcxzcx<div>zxc</div><div>dsa</div><div>d</div><div>dsa</div><div>dsa</div><div>dsa</div><div>dsa</div><div>dsa</div><div>sda</div>'),
(131, '139', 3, 'Se incluye el footables en la base y en la carga de los ajax.<br>', '', 0, '2013-06-12 21:56:35', 0, 0, 'Se incluye el footables en la base y en la carga de los ajax.<br />'),
(132, '147', 3, 'Prueba de comentario<br>', '', 0, '2013-06-16 22:00:07', 0, 0, 'Prueba de comentario<br />'),
(133, '151', 3, 'dsadssaddsadsa<br>', '', 0, '2013-06-17 21:13:58', 1, 0, 'dsadssaddsadsa<br />'),
(134, '151', 3, 'dsadsadsasda<br>', '', 0, '2013-06-17 21:27:07', 1, 0, 'dsadsadsasda<br />'),
(135, '151', 3, 'dsaddsa<br>', '', 0, '2013-06-17 21:58:26', 1, 0, 'dsaddsa<br />'),
(136, '151', 3, 'dsaddsadsdsaasddsa<br>', '', 0, '2013-06-17 21:58:30', 0, 0, 'dsaddsadsdsaasddsa<br />'),
(137, '151', 3, 'dsaddsadsdsaasddsa<br>', '', 0, '2013-06-17 21:58:34', 0, 0, 'dsaddsadsdsaasddsa<br />'),
(138, '151', 3, 'dsaddsadsdsaasddsa<br>', '', 0, '2013-06-17 21:58:38', 0, 0, 'dsaddsadsdsaasddsa<br />'),
(139, '151', 3, 'dsaddsadsdsaasddsa<br>', '', 0, '2013-06-17 21:58:41', 0, 0, 'dsaddsadsdsaasddsa<br />'),
(140, '151', 3, 'dsaddsadsdsaasddsa<br>', '', 0, '2013-06-17 21:58:46', 0, 0, 'dsaddsadsdsaasddsa<br />'),
(141, '151', 3, 'dsaddsadsdsaasddsa<br>', '', 0, '2013-06-17 21:58:49', 0, 0, 'dsaddsadsdsaasddsa<br />'),
(142, '151', 3, 'dsaddsadsdsaasddsa<br>', '', 0, '2013-06-17 21:58:53', 0, 0, 'dsaddsadsdsaasddsa<br />'),
(143, '151', 3, 'dsadsadsadsa<br>', '', 0, '2013-06-17 21:59:04', 0, 0, 'dsadsadsadsa<br />'),
(144, '151', 3, 'dsadsadsadsadsa<br>', '', 0, '2013-06-18 09:16:58', 0, 0, 'dsadsadsadsadsa<br />'),
(145, '151', 3, 'Otro comentario<br>', '', 0, '2013-06-18 09:17:36', 0, 0, 'Otro comentario<br />'),
(146, '151', 3, 'OTRO COMENTARIO<br>', '', 0, '2013-06-18 09:22:48', 0, 0, 'OTRO COMENTARIO<br />'),
(147, '151', 3, 'OTRO COMENTARIO<br>', '', 0, '2013-06-18 09:27:22', 0, 0, 'OTRO COMENTARIO<br />'),
(148, '151', 3, 'OTRO COMENTARIO<br>', '', 0, '2013-06-18 09:28:59', 0, 0, 'OTRO COMENTARIO<br />'),
(149, '151', 3, 'OTRO COMENTARIO<br>', '', 0, '2013-06-18 09:31:14', 0, 0, 'OTRO COMENTARIO<br />'),
(150, '152', 3, 'dasdsadasdasa<br>', '', 0, '2013-06-18 09:43:18', 0, 0, 'dasdsadasdasa<br />'),
(151, '152', 3, 'otro comss<br>', '', 0, '2013-06-18 09:47:05', 0, 0, 'otro comss<br />'),
(152, '145', 3, 'Otro de prueba<br>', '', 0, '2013-06-18 09:48:13', 0, 0, 'Otro de prueba<br />'),
(153, '139', 3, 'fdsfdsfdsfdsfdsfdsdsf<br>', '', 0, '2013-06-18 09:50:43', 0, 0, 'fdsfdsfdsfdsfdsfdsdsf<br />'),
(154, '139', 3, 'fdsfdsfdsfdsfdsfdsdsf<br>', '', 0, '2013-06-18 09:51:10', 0, 0, 'fdsfdsfdsfdsfdsfdsdsf<br />'),
(155, '139', 3, 'gdfgfgdgfd<br>', '', 0, '2013-06-18 09:51:34', 0, 0, 'gdfgfgdgfd<br />'),
(156, '139', 3, 'gdfgfgdgfd<br>', '', 0, '2013-06-18 09:54:32', 0, 0, 'gdfgfgdgfd<br />'),
(157, '139', 3, 'sddsadsadsadsa<br>', '', 0, '2013-06-18 09:54:53', 0, 0, 'sddsadsadsadsa<br />'),
(158, '139', 3, 'dasdsadsadsasda<br>', '', 0, '2013-06-18 09:55:56', 0, 0, 'dasdsadsadsasda<br />'),
(159, '139', 3, 'fdsfdsfsdfds<br>', '', 0, '2013-06-18 09:56:50', 0, 0, 'fdsfdsfsdfds<br />'),
(160, '153', 3, 'Esta todo OK<br>', '', 0, '2013-06-18 10:52:23', 0, 0, 'Esta todo OK<br />'),
(161, '153', 3, 'dsadsadsadsa<br>', '160', 1, '2013-06-18 11:22:19', 0, 0, 'dsadsadsadsa<br />'),
(162, '142', 3, 'Ya esta implementado.<br><br>Revisar si funciona bien cuando el usuario aun no está creado:<br><br>1.- Viene desde fb<br>2.- Viene desde email<br>', '', 0, '2013-06-18 18:54:54', 0, 0, 'Ya esta implementado.<br /><br />Revisar si funciona bien cuando el usuario aun no está creado:<br /><br />1.- Viene desde fb<br />2.- Viene desde email<br />'),
(163, '149', 3, 'Esto esta OK<br>', '', 0, '2013-06-18 18:58:18', 0, 0, 'Esto esta OK<br />'),
(164, '146', 3, 'Todo OK.<br><br>Se meten junto con las de archivos y tareas todas juntas.<br>', '', 0, '2013-06-18 18:59:27', 0, 0, 'Todo OK.<br /><br />Se meten junto con las de archivos y tareas todas juntas.<br />'),
(165, '157', 3, 'Prueba de comentarios', '', 0, '2013-06-20 21:40:06', 0, 0, 'Prueba de comentarios'),
(166, '157', 3, 'Prueba de comentarios', '', 0, '2013-06-20 21:40:07', 0, 0, 'Prueba de comentarios'),
(167, '157', 3, 'Prueba de comentarios', '', 0, '2013-06-20 21:40:23', 0, 0, 'Prueba de comentarios'),
(168, '157', 3, 'Prueba de comentarios', '', 0, '2013-06-20 21:40:24', 0, 0, 'Prueba de comentarios'),
(169, '145', 3, 'Los comentarios se vuelven a repetir', '', 0, '2013-06-20 21:41:36', 0, 0, 'Los comentarios se vuelven a repetir'),
(170, '145', 3, 'Los comentarios se vuelven a repetir', '', 0, '2013-06-20 21:41:36', 0, 0, 'Los comentarios se vuelven a repetir'),
(171, '145', 3, 'Los comentarios se vuelven a repetir', '', 0, '2013-06-20 21:41:52', 0, 0, 'Los comentarios se vuelven a repetir'),
(172, '145', 3, 'Los comentarios se vuelven a repetir', '', 0, '2013-06-20 21:41:53', 0, 0, 'Los comentarios se vuelven a repetir'),
(173, '145', 3, 'Prueba', '', 0, '2013-06-20 21:42:26', 0, 0, 'Prueba'),
(174, '145', 3, 'Otra prueba', '', 0, '2013-06-20 21:43:58', 0, 0, 'Otra prueba'),
(175, '145', 3, 'TEST', '', 0, '2013-06-26 18:53:48', 0, 0, 'TEST'),
(176, '156', 3, 'Comentarioiooo nuevo', '', 0, '2013-07-01 19:30:26', 0, 0, 'Comentarioiooo nuevo'),
(177, '156', 3, 'Comentarioiooo nuevo', '', 0, '2013-07-01 19:30:27', 0, 0, 'Comentarioiooo nuevo'),
(178, '156', 3, 'Comentarioiooo nuevo', '', 0, '2013-07-01 19:32:45', 0, 0, 'Comentarioiooo nuevo'),
(179, '156', 3, 'Comentarioiooo nuevo', '', 0, '2013-07-01 19:32:46', 0, 0, 'Comentarioiooo nuevo'),
(180, '156', 3, 'Comentarioiooo nuevo', '', 0, '2013-07-01 19:35:47', 0, 0, 'Comentarioiooo nuevo'),
(181, '156', 3, 'Comentarioiooo nuevo', '', 0, '2013-07-01 19:35:48', 0, 0, 'Comentarioiooo nuevo'),
(182, '156', 3, 'Prueba', '', 0, '2013-07-01 19:38:01', 0, 0, 'Prueba'),
(183, '156', 3, 'Prueba', '', 0, '2013-07-01 19:38:01', 0, 0, 'Prueba'),
(184, '156', 3, 'Prueba', '', 0, '2013-07-01 19:46:35', 0, 0, 'Prueba'),
(185, '156', 3, 'Prueba', '', 0, '2013-07-01 19:46:36', 0, 0, 'Prueba'),
(186, '156', 3, 'Prueba', '', 0, '2013-07-01 19:47:00', 0, 0, 'Prueba'),
(187, '156', 3, 'Prueba', '', 0, '2013-07-01 19:47:03', 0, 0, 'Prueba'),
(188, '155', 3, 'dsadsads<br>', '', 0, '2013-07-01 19:58:30', 0, 0, 'dsadsads<br />'),
(189, '155', 3, 'dsadsadsadsadsaads<br>', '188', 1, '2013-07-01 19:58:40', 0, 0, 'dsadsadsadsadsaads<br />'),
(190, '156', 3, 'dsadsadadsadas', '187', 1, '2013-07-01 19:58:53', 0, 0, 'dsadsadadsadas'),
(191, '156', 3, 'dsadsadadsadas', '187', 1, '2013-07-01 19:58:57', 0, 0, 'dsadsadadsadas'),
(192, '156', 3, 'Una respuesta', '187', 1, '2013-07-01 19:59:14', 0, 0, 'Una respuesta'),
(193, '156', 3, 'Una respuesta', '187', 1, '2013-07-01 19:59:18', 0, 0, 'Una respuesta'),
(194, '156', 3, 'Un comentario', '', 0, '2013-07-01 19:59:36', 0, 0, 'Un comentario'),
(195, '156', 3, 'Un comentario', '', 0, '2013-07-01 19:59:39', 0, 0, 'Un comentario'),
(196, '156', 3, 'Otro comentario<br>', '', 0, '2013-07-01 20:00:12', 0, 0, 'Otro comentario<br />'),
(197, '156', 3, 'oTRO COMENTARIO DE RESPUESTA', '195', 1, '2013-07-01 20:00:57', 0, 0, 'oTRO COMENTARIO DE RESPUESTA'),
(198, '156', 3, 'oTRO COMENTARIO DE RESPUESTA', '195', 1, '2013-07-01 20:01:03', 0, 0, 'oTRO COMENTARIO DE RESPUESTA'),
(199, '156', 3, 'oTRO A UN COMENTAIORRR', '195', 1, '2013-07-01 20:01:31', 0, 0, 'oTRO A UN COMENTAIORRR'),
(200, '156', 3, 'oTRO A UN COMENTAIORRR', '195', 1, '2013-07-01 20:01:34', 0, 0, 'oTRO A UN COMENTAIORRR'),
(201, '156', 3, 'DSADSADSA<br>', '', 0, '2013-07-01 20:03:24', 0, 0, 'DSADSADSA<br />'),
(202, '156', 3, 'DSADSADSA', '', 0, '2013-07-01 20:03:35', 0, 0, 'DSADSADSA'),
(203, '156', 3, 'DSADSADSA', '', 0, '2013-07-01 20:04:03', 0, 0, 'DSADSADSA'),
(204, '156', 3, '<br>', '', 0, '2013-07-01 20:04:10', 0, 0, '<br />'),
(205, '156', 3, 'dsadsadsa<br>', '', 0, '2013-07-01 20:07:26', 0, 0, 'dsadsadsa<br />'),
(206, '156', 3, 'dsadsadsadas', '', 0, '2013-07-01 20:07:44', 0, 0, 'dsadsadsadas'),
(207, '156', 3, 'Uno nuevo', '', 0, '2013-07-01 20:08:00', 0, 0, 'Uno nuevo'),
(208, '156', 3, 'dsaddsdsadsa', '', 0, '2013-07-01 20:09:19', 0, 0, 'dsaddsdsadsa'),
(209, '156', 3, 'otroro masssss', '', 0, '2013-07-01 20:09:32', 0, 0, 'otroro masssss'),
(210, '156', 3, 'Aqui ponemosososososos', '208', 1, '2013-07-01 20:09:45', 0, 0, 'Aqui ponemosososososos'),
(211, '156', 3, 'dsadsadsadsadsa', '', 0, '2013-07-01 20:10:22', 0, 0, 'dsadsadsadsadsa'),
(212, '156', 3, 'dsadsadsa', '208/210', 2, '2013-07-01 20:19:31', 0, 0, 'dsadsadsa'),
(213, '160', 3, 'sdfdsfds', '', 0, '2013-07-03 18:45:24', 0, 0, 'sdfdsfds'),
(214, '156', 3, 'dsadsadsa\r\nds\r\n\r\ndsa\r\ndsa\r\nds\r\ndsa\r\nds\r\nds\r\nads\r\nadsadsa', '', 0, '2013-07-03 19:16:42', 0, 0, 'dsadsadsa\nds\n\ndsa\ndsa\nds\ndsa\nds\nds\nads\nadsadsa'),
(215, '161', 3, 'TEST', '', 0, '2013-07-05 18:33:07', 0, 0, 'TEST'),
(216, '161', 3, 'dsa', '', 0, '2013-07-05 18:33:14', 0, 0, 'dsa'),
(217, '166', 8, 'Aqui va el primero comentario', '', 0, '2013-07-07 19:51:05', 0, 0, 'Aqui va el primero comentario'),
(218, '160', 3, 'Se arregla en las tareas, contactos, solicitudes de contactos y en los mensajes', '', 0, '2013-07-07 20:11:58', 0, 0, 'Se arregla en las tareas, contactos, solicitudes de contactos y en los mensajes'),
(219, '155', 3, 'Las notificaciones ya no muestran entidades eliminadas.\r\n\r\nLas solicitudes de amistad tampoco tampoco se muestran en notificaciones si estan activadas,.', '', 0, '2013-07-07 20:13:26', 0, 0, 'Las notificaciones ya no muestran entidades eliminadas.\n\nLas solicitudes de amistad tampoco tampoco se muestran en notificaciones si estan activadas,.'),
(220, '165', 3, 'Ya se muestra.\r\n\r\nEs debido a la gestion de las notificaciones si se hace asincrono muestra todo en el mismo sitio.\r\n\r\nSe deja sincrono por ahora.', '', 0, '2013-07-07 20:14:40', 0, 0, 'Ya se muestra.\n\nEs debido a la gestion de las notificaciones si se hace asincrono muestra todo en el mismo sitio.\n\nSe deja sincrono por ahora.'),
(221, '145', 3, 'Arreglado, era debido a la gestion de los formularios ajax, se envia uno por el js de los comentarios y otro por el js de los formularios ajax.', '', 0, '2013-07-07 20:15:53', 0, 0, 'Arreglado, era debido a la gestion de los formularios ajax, se envia uno por el js de los comentarios y otro por el js de los formularios ajax.'),
(222, '166', 3, 'Se pasa a otra tarea,', '', 0, '2013-07-07 20:39:29', 0, 0, 'Se pasa a otra tarea,');

-- --------------------------------------------------------

--
-- Estructura de tabla para la tabla `document`
--

CREATE TABLE IF NOT EXISTS `document` (
  `id` int(11) NOT NULL AUTO_INCREMENT,
  `owner_id` int(11) DEFAULT NULL,
  `name` varchar(255) COLLATE utf8_unicode_ci NOT NULL,
  `size` int(11) NOT NULL,
  `class` varchar(255) COLLATE utf8_unicode_ci NOT NULL,
  `id_object` int(11) NOT NULL,
  `to_delete` tinyint(1) NOT NULL,
  PRIMARY KEY (`id`),
  KEY `IDX_D8698A767E3C61F9` (`owner_id`)
) ENGINE=InnoDB  DEFAULT CHARSET=utf8 COLLATE=utf8_unicode_ci AUTO_INCREMENT=65 ;

--
-- Volcado de datos para la tabla `document`
--

INSERT INTO `document` (`id`, `owner_id`, `name`, `size`, `class`, `id_object`, `to_delete`) VALUES
(1, 3, 'sublime_text.png', 961, 'Task', 145, 0),
(2, 3, 'pass13.gpg', 2497, 'Task', 145, 0),
(3, 3, 'pass13 (1).gpg', 2497, 'Task', 156, 0),
(4, 3, 'Captura de pantalla de 2013-07-01 19:40:49.png', 491862, 'Task', 159, 0),
(5, 3, 'Captura de pantalla de 2013-07-01 19:40:49 (1).png', 491862, 'Task', 159, 0),
(6, 3, 'Captura de pantalla de 2013-07-01 19:40:49 (2).png', 491862, 'Task', 159, 0),
(7, 3, 'Captura de pantalla de 2013-07-01 19:40:49 (3).png', 491862, 'Task', 159, 0),
(8, 3, 'Captura de pantalla de 2013-07-01 19:40:49 (4).png', 491862, 'Task', 142, 0),
(9, 3, 'Captura de pantalla de 2013-07-01 19:40:49 (5).png', 491862, 'Task', 161, 0),
(12, 3, 'Captura de pantalla de 2013-07-01 19:40:49 (8).png', 491862, 'Task', 162, 0),
(13, 3, 'Captura de pantalla de 2013-07-01 19:40:49 (9).png', 491862, 'Task', 162, 0),
(14, 3, 'Captura de pantalla de 2013-07-01 19:40:49 (10).png', 491862, 'Task', 162, 0),
(15, 3, 'Captura de pantalla de 2013-07-01 19:40:49 (11).png', 491862, 'Task', 162, 0),
(16, 3, 'Captura de pantalla de 2013-07-01 19:40:49 (12).png', 491862, 'Task', 162, 0),
(17, 3, 'Captura de pantalla de 2013-07-01 19:40:49 (13).png', 491862, 'Task', 162, 0),
(38, 3, 'Captura de pantalla de 2013-07-01 19:40:49 (6).png', 491862, 'Task', 164, 0),
(39, 8, 'Captura de pantalla de 2013-07-06 19:31:49.png', 181830, 'Task', 166, 0),
(42, 8, 'Captura de pantalla de 2013-07-06 19:31:49 (1).png', 181830, 'Task', 166, 0),
(46, 8, 'Captura de pantalla de 2013-07-06 19:31:49 (3).png', 181830, 'Task', 166, 0),
(47, 8, 'Captura de pantalla de 2013-07-01 19:40:49 (4).png', 491862, 'Task', 166, 0),
(48, 8, 'Captura de pantalla de 2013-07-06 19:31:49 (4).png', 181830, 'Task', 166, 0),
(49, 8, 'Captura de pantalla de 2013-07-01 19:40:49 (5).png', 491862, 'Task', 166, 0),
(50, 8, 'Captura de pantalla de 2013-07-06 19:31:49 (5).png', 181830, 'Task', 166, 0),
(51, 8, 'Captura de pantalla de 2013-07-06 19:31:49 (6).png', 181830, 'Task', 166, 0),
(52, 8, 'Captura de pantalla de 2013-07-01 19:40:49 (6).png', 491862, 'Task', 166, 0),
(53, 8, 'Captura de pantalla de 2013-07-01 19:40:49 (7).png', 491862, 'Task', 166, 0),
(54, 8, 'Captura de pantalla de 2013-07-06 19:31:49 (7).png', 181830, 'Task', 166, 0),
(55, 8, 'Captura de pantalla de 2013-07-06 19:31:49 (8).png', 181830, 'Task', 166, 0),
(56, 8, 'Captura de pantalla de 2013-07-01 19:40:49 (8).png', 491862, 'Task', 166, 0),
(57, 8, 'Captura de pantalla de 2013-07-06 19:31:49 (9).png', 181830, 'Task', 166, 0),
(58, 8, 'Captura de pantalla de 2013-07-01 19:40:49 (9).png', 491862, 'Task', 166, 0),
(59, 8, 'Captura de pantalla de 2013-07-06 19:31:49 (10).png', 181830, 'Task', 166, 0),
(60, 8, 'Captura de pantalla de 2013-07-01 19:40:49 (10).png', 491862, 'Task', 166, 0),
(61, 8, 'Captura de pantalla de 2013-07-01 19:40:49 (11).png', 491862, 'Task', 166, 0),
(62, 8, 'Captura de pantalla de 2013-07-01 19:40:49 (12).png', 491862, 'Task', 166, 0),
(63, 8, 'Captura de pantalla de 2013-07-06 19:31:49 (11).png', 181830, 'Task', 166, 0),
(64, 8, 'Captura de pantalla de 2013-07-01 19:40:49 (13).png', 491862, 'Task', 166, 0);

-- --------------------------------------------------------

--
-- Estructura de tabla para la tabla `ext_log_entries`
--

CREATE TABLE IF NOT EXISTS `ext_log_entries` (
  `id` int(11) NOT NULL AUTO_INCREMENT,
  `action` varchar(8) COLLATE utf8_unicode_ci NOT NULL,
  `logged_at` datetime NOT NULL,
  `object_id` varchar(64) COLLATE utf8_unicode_ci DEFAULT NULL,
  `object_class` varchar(255) COLLATE utf8_unicode_ci NOT NULL,
  `version` int(11) NOT NULL,
  `data` longtext COLLATE utf8_unicode_ci COMMENT '(DC2Type:array)',
  `username` varchar(255) COLLATE utf8_unicode_ci DEFAULT NULL,
  PRIMARY KEY (`id`),
  KEY `log_class_lookup_idx` (`object_class`),
  KEY `log_date_lookup_idx` (`logged_at`),
  KEY `log_user_lookup_idx` (`username`),
  KEY `log_version_lookup_idx` (`object_id`,`object_class`,`version`)
) ENGINE=InnoDB DEFAULT CHARSET=utf8 COLLATE=utf8_unicode_ci AUTO_INCREMENT=1 ;

-- --------------------------------------------------------

--
-- Estructura de tabla para la tabla `ext_translations`
--

CREATE TABLE IF NOT EXISTS `ext_translations` (
  `id` int(11) NOT NULL AUTO_INCREMENT,
  `locale` varchar(8) COLLATE utf8_unicode_ci NOT NULL,
  `object_class` varchar(255) COLLATE utf8_unicode_ci NOT NULL,
  `field` varchar(32) COLLATE utf8_unicode_ci NOT NULL,
  `foreign_key` varchar(64) COLLATE utf8_unicode_ci NOT NULL,
  `content` longtext COLLATE utf8_unicode_ci,
  PRIMARY KEY (`id`),
  UNIQUE KEY `lookup_unique_idx` (`locale`,`object_class`,`field`,`foreign_key`),
  KEY `translations_lookup_idx` (`locale`,`object_class`,`foreign_key`)
) ENGINE=InnoDB DEFAULT CHARSET=utf8 COLLATE=utf8_unicode_ci AUTO_INCREMENT=1 ;

-- --------------------------------------------------------

--
-- Estructura de tabla para la tabla `fos_group`
--

CREATE TABLE IF NOT EXISTS `fos_group` (
  `id` int(11) NOT NULL AUTO_INCREMENT,
  `name` varchar(255) COLLATE utf8_unicode_ci NOT NULL,
  `roles` longtext COLLATE utf8_unicode_ci NOT NULL COMMENT '(DC2Type:array)',
  PRIMARY KEY (`id`),
  UNIQUE KEY `UNIQ_4B019DDB5E237E06` (`name`)
) ENGINE=InnoDB DEFAULT CHARSET=utf8 COLLATE=utf8_unicode_ci AUTO_INCREMENT=1 ;

-- --------------------------------------------------------

--
-- Estructura de tabla para la tabla `fos_group_audit`
--

CREATE TABLE IF NOT EXISTS `fos_group_audit` (
  `id` int(11) NOT NULL,
  `rev` int(11) NOT NULL,
  `name` varchar(255) COLLATE utf8_unicode_ci DEFAULT NULL,
  `roles` longtext COLLATE utf8_unicode_ci COMMENT '(DC2Type:array)',
  `revtype` varchar(4) COLLATE utf8_unicode_ci NOT NULL,
  PRIMARY KEY (`id`,`rev`)
) ENGINE=InnoDB DEFAULT CHARSET=utf8 COLLATE=utf8_unicode_ci;

-- --------------------------------------------------------

--
-- Estructura de tabla para la tabla `fos_user`
--

CREATE TABLE IF NOT EXISTS `fos_user` (
  `id` int(11) NOT NULL AUTO_INCREMENT,
  `firstname` varchar(255) COLLATE utf8_unicode_ci DEFAULT NULL,
  `lastname` varchar(255) COLLATE utf8_unicode_ci DEFAULT NULL,
  `facebookId` varchar(255) COLLATE utf8_unicode_ci DEFAULT NULL,
  `code_upload` varchar(255) COLLATE utf8_unicode_ci DEFAULT NULL,
  `created` datetime NOT NULL,
  `updated` datetime NOT NULL,
  `username` varchar(255) COLLATE utf8_unicode_ci NOT NULL,
  `username_canonical` varchar(255) COLLATE utf8_unicode_ci NOT NULL,
  `email` varchar(255) COLLATE utf8_unicode_ci NOT NULL,
  `email_canonical` varchar(255) COLLATE utf8_unicode_ci NOT NULL,
  `enabled` tinyint(1) NOT NULL,
  `salt` varchar(255) COLLATE utf8_unicode_ci NOT NULL,
  `password` varchar(255) COLLATE utf8_unicode_ci NOT NULL,
  `last_login` datetime DEFAULT NULL,
  `locked` tinyint(1) NOT NULL,
  `expired` tinyint(1) NOT NULL,
  `expires_at` datetime DEFAULT NULL,
  `confirmation_token` varchar(255) COLLATE utf8_unicode_ci DEFAULT NULL,
  `password_requested_at` datetime DEFAULT NULL,
  `roles` longtext COLLATE utf8_unicode_ci NOT NULL COMMENT '(DC2Type:array)',
  `credentials_expired` tinyint(1) NOT NULL,
  `credentials_expire_at` datetime DEFAULT NULL,
  PRIMARY KEY (`id`),
  UNIQUE KEY `UNIQ_957A647992FC23A8` (`username_canonical`),
  UNIQUE KEY `UNIQ_957A6479A0D96FBF` (`email_canonical`)
) ENGINE=InnoDB  DEFAULT CHARSET=utf8 COLLATE=utf8_unicode_ci AUTO_INCREMENT=27 ;

--
-- Volcado de datos para la tabla `fos_user`
--

INSERT INTO `fos_user` (`id`, `firstname`, `lastname`, `facebookId`, `code_upload`, `created`, `updated`, `username`, `username_canonical`, `email`, `email_canonical`, `enabled`, `salt`, `password`, `last_login`, `locked`, `expired`, `expires_at`, `confirmation_token`, `password_requested_at`, `roles`, `credentials_expired`, `credentials_expire_at`) VALUES
(3, 'Centrored', 'Desarrollo', '100002898191039', 'd7b4b5383c11b74daf2c06b54951294fe0f0274b7474e11fa614c57897ba6a68', '0000-00-00 00:00:00', '2013-07-13 09:22:23', 'produccion@centrored.com', 'produccion@centrored.com', 'produccion@centrored.com', 'produccion@centrored.com', 1, '', 'nYojx61OBGZDF/m1BIg/NmmSFxCytwJ9ftVy2UIjinxLV7GiyBQ9CzuGaKLKf609IMyE8Ca+xl6I70+vKRcQzg==', '2013-07-13 09:22:23', 0, 0, NULL, NULL, NULL, 'a:0:{}', 0, NULL),
(8, 'Camilo', 'Cota', '1460598469', 'ef397ba45b267531c77c06a6f6af032d04b6ef154c527c21aa99673548112912', '0000-00-00 00:00:00', '2013-07-12 20:15:16', 'camilocot@gmail.com', 'camilocot@gmail.com', 'camilocot@gmail.com', 'camilocot@gmail.com', 1, '', 'zKgdNE7BHguhCKv+42U0WnRCbF8DgMJRQCi2aqzk3vMGfP0ZNIIes6SK+aE6cZtlVm4rEKfY4earvqcNGIMuSA==', '2013-07-12 20:14:52', 0, 0, NULL, NULL, NULL, 'a:1:{i:0;s:13:"ROLE_FACEBOOK";}', 0, NULL),
(20, NULL, NULL, NULL, NULL, '2013-07-10 21:38:28', '2013-07-12 21:43:04', 'admin@admin.com', 'admin@admin.com', 'admin@admin.com', 'admin@admin.com', 1, 'm0gpp4mi5ogw8kk84co48c0swogco4s', '/o1DdhKRZT7w2/u9D/nkH0G2zm4ZynVFMvsaKCTFFRXkxnwK7SWyRCE7vhIBsIE4jCHJA8oJcFG/nLNaqy0/uw==', '2013-07-12 21:43:04', 0, 0, NULL, NULL, NULL, 'a:1:{i:0;s:16:"ROLE_SUPER_ADMIN";}', 0, NULL),
(21, NULL, NULL, NULL, '140abe87b6ffc78307aab829b17166790df107090c53eca409bb986715360c97', '2013-07-12 20:41:39', '2013-07-12 20:41:39', 'indenai@centrored.com', 'indenai@centrored.com', 'indenai@centrored.com', 'indenai@centrored.com', 1, 'dufgzjx2kwg8gg84cg44sc4sg0oss0o', 'E+y+ixz+XbO4RsNAbQSz/LwSO+KFoTRByhyF8Fckepoqk8Jczn3chR2y0yKlBjakdNtQeboHSgnQDwzaKNExag==', NULL, 0, 0, NULL, NULL, NULL, 'a:0:{}', 0, NULL),
(22, NULL, NULL, NULL, 'e246c10607561ea928d676b61fe63bab57e37419d9c2b13da2873ddf349ad56f', '2013-07-12 20:51:08', '2013-07-12 21:25:34', 'indenai80@centrored.com', 'indenai80@centrored.com', 'indenai80@centrored.com', 'indenai80@centrored.com', 1, '1b8znj1k6n408ssc4o0w840gocw8wgw', 'TcNCKtVnKrT0vhd4WDeNGULDnqLv7aqoJhgc4KTtJiAEQx2+POOsTLsL9NHjImy1ukr/CG4LDiccsi6pFzS26A==', '2013-07-12 21:25:34', 0, 0, NULL, NULL, NULL, 'a:0:{}', 0, NULL),
(23, NULL, NULL, NULL, '5ccf1feeb8c4469147c03d6824c41bc38adcf66ab3e07b5808d318b86f57f2f1', '2013-07-12 20:51:58', '2013-07-12 20:52:27', 'indenai81@centrored.com', 'indenai81@centrored.com', 'indenai81@centrored.com', 'indenai81@centrored.com', 1, 'ftcndo62y680w48kkwscwc8408kks88', 'eBD1AEDolEOMCYOkq8oI0UuwBKcg2JTDvd3CaNmN2WFlJYpEbXW/Thpl0r+0RHBEhSpU3zmJVlZHmjfNbcRXeg==', '2013-07-12 20:52:27', 0, 0, NULL, NULL, NULL, 'a:0:{}', 0, NULL),
(24, NULL, NULL, NULL, NULL, '2013-07-12 21:00:29', '2013-07-12 21:00:29', 'indenai8@centrored.com', 'indenai8@centrored.com', 'indenai8@centrored.com', 'indenai8@centrored.com', 1, '6w0q3pd88348c8ogw84g4ocg8ggc04o', 'Ld0q+PygmsWbLKQ7DEpn/MyhRCVoRSRYiPx8Uj6EJrC99/OitmXl9K+6XOb4HyvBlmyLX/esRXvjbMAuScljFQ==', NULL, 0, 0, NULL, NULL, NULL, 'a:0:{}', 0, NULL),
(25, NULL, NULL, NULL, NULL, '2013-07-12 21:01:11', '2013-07-12 21:01:11', 'indenai811@centrored.com', 'indenai811@centrored.com', 'indenai811@centrored.com', 'indenai811@centrored.com', 1, 'm6pkvkgxhv4oggkw84s08c0gscwk4sw', 'FMoe+Hl7IdKkO5adLk0dFKFKQmkxulRFwn2eP7XquFsLj48wuc9gy/FDA9V9jkglJc/FuVnrJeTti8VK/KbqNg==', NULL, 0, 0, NULL, NULL, NULL, 'a:0:{}', 0, NULL),
(26, NULL, NULL, NULL, '4d3322b75ed2e642104239bddec9497835d5885832834573f09eda281bc0e445', '2013-07-12 21:02:01', '2013-07-12 21:02:01', 'indenai8121@centrored.com', 'indenai8121@centrored.com', 'indenai8121@centrored.com', 'indenai8121@centrored.com', 1, 'pcxxt1ukgnkck8o08wkkw00kcksw48g', 'hvmT/uw4RNiv5MSZ13RkPvPxCh0Nedrqq/GEfl6IyR9NSfhJ+Q+3RG5N0dUHCiMDUD+rmGtSxZz9BE4QDzxAuA==', NULL, 0, 0, NULL, NULL, NULL, 'a:0:{}', 0, NULL);

-- --------------------------------------------------------

--
-- Estructura de tabla para la tabla `fos_user_audit`
--

CREATE TABLE IF NOT EXISTS `fos_user_audit` (
  `id` int(11) NOT NULL,
  `rev` int(11) NOT NULL,
  `username` varchar(255) COLLATE utf8_unicode_ci DEFAULT NULL,
  `username_canonical` varchar(255) COLLATE utf8_unicode_ci DEFAULT NULL,
  `email` varchar(255) COLLATE utf8_unicode_ci DEFAULT NULL,
  `email_canonical` varchar(255) COLLATE utf8_unicode_ci DEFAULT NULL,
  `enabled` tinyint(1) DEFAULT NULL,
  `salt` varchar(255) COLLATE utf8_unicode_ci DEFAULT NULL,
  `password` varchar(255) COLLATE utf8_unicode_ci DEFAULT NULL,
  `last_login` datetime DEFAULT NULL,
  `locked` tinyint(1) DEFAULT NULL,
  `expired` tinyint(1) DEFAULT NULL,
  `expires_at` datetime DEFAULT NULL,
  `confirmation_token` varchar(255) COLLATE utf8_unicode_ci DEFAULT NULL,
  `password_requested_at` datetime DEFAULT NULL,
  `roles` longtext COLLATE utf8_unicode_ci COMMENT '(DC2Type:array)',
  `credentials_expired` tinyint(1) DEFAULT NULL,
  `credentials_expire_at` datetime DEFAULT NULL,
  `created_at` datetime DEFAULT NULL,
  `updated_at` datetime DEFAULT NULL,
  `date_of_birth` datetime DEFAULT NULL,
  `firstname` varchar(64) COLLATE utf8_unicode_ci DEFAULT NULL,
  `lastname` varchar(64) COLLATE utf8_unicode_ci DEFAULT NULL,
  `website` varchar(64) COLLATE utf8_unicode_ci DEFAULT NULL,
  `biography` varchar(255) COLLATE utf8_unicode_ci DEFAULT NULL,
  `gender` varchar(1) COLLATE utf8_unicode_ci DEFAULT NULL,
  `locale` varchar(8) COLLATE utf8_unicode_ci DEFAULT NULL,
  `timezone` varchar(64) COLLATE utf8_unicode_ci DEFAULT NULL,
  `phone` varchar(64) COLLATE utf8_unicode_ci DEFAULT NULL,
  `facebook_uid` varchar(255) COLLATE utf8_unicode_ci DEFAULT NULL,
  `facebook_name` varchar(255) COLLATE utf8_unicode_ci DEFAULT NULL,
  `facebook_data` longtext COLLATE utf8_unicode_ci COMMENT '(DC2Type:json)',
  `twitter_uid` varchar(255) COLLATE utf8_unicode_ci DEFAULT NULL,
  `twitter_name` varchar(255) COLLATE utf8_unicode_ci DEFAULT NULL,
  `twitter_data` longtext COLLATE utf8_unicode_ci COMMENT '(DC2Type:json)',
  `gplus_uid` varchar(255) COLLATE utf8_unicode_ci DEFAULT NULL,
  `gplus_name` varchar(255) COLLATE utf8_unicode_ci DEFAULT NULL,
  `gplus_data` longtext COLLATE utf8_unicode_ci COMMENT '(DC2Type:json)',
  `token` varchar(255) COLLATE utf8_unicode_ci DEFAULT NULL,
  `two_step_code` varchar(255) COLLATE utf8_unicode_ci DEFAULT NULL,
  `facebookId` varchar(255) COLLATE utf8_unicode_ci DEFAULT NULL,
  `code_upload` varchar(255) COLLATE utf8_unicode_ci DEFAULT NULL,
  `created` datetime DEFAULT NULL,
  `updated` datetime DEFAULT NULL,
  `revtype` varchar(4) COLLATE utf8_unicode_ci NOT NULL,
  PRIMARY KEY (`id`,`rev`)
) ENGINE=InnoDB DEFAULT CHARSET=utf8 COLLATE=utf8_unicode_ci;

--
-- Volcado de datos para la tabla `fos_user_audit`
--

INSERT INTO `fos_user_audit` (`id`, `rev`, `username`, `username_canonical`, `email`, `email_canonical`, `enabled`, `salt`, `password`, `last_login`, `locked`, `expired`, `expires_at`, `confirmation_token`, `password_requested_at`, `roles`, `credentials_expired`, `credentials_expire_at`, `created_at`, `updated_at`, `date_of_birth`, `firstname`, `lastname`, `website`, `biography`, `gender`, `locale`, `timezone`, `phone`, `facebook_uid`, `facebook_name`, `facebook_data`, `twitter_uid`, `twitter_name`, `twitter_data`, `gplus_uid`, `gplus_name`, `gplus_data`, `token`, `two_step_code`, `facebookId`, `code_upload`, `created`, `updated`, `revtype`) VALUES
(3, 2, 'produccion@centrored.com', 'produccion@centrored.com', 'produccion@centrored.com', 'produccion@centrored.com', 1, '', 'nYojx61OBGZDF/m1BIg/NmmSFxCytwJ9ftVy2UIjinxLV7GiyBQ9CzuGaKLKf609IMyE8Ca+xl6I70+vKRcQzg==', '2013-07-12 21:44:27', 0, 0, NULL, NULL, NULL, 'a:0:{}', 0, NULL, '0000-00-00 00:00:00', '2013-07-12 21:44:27', NULL, 'Centrored', 'Desarrollo', NULL, NULL, NULL, NULL, NULL, NULL, NULL, NULL, 'null', NULL, NULL, 'null', NULL, NULL, 'null', NULL, NULL, '100002898191039', 'd7b4b5383c11b74daf2c06b54951294fe0f0274b7474e11fa614c57897ba6a68', '0000-00-00 00:00:00', '2013-07-12 21:44:27', 'UPD'),
(3, 3, 'produccion@centrored.com', 'produccion@centrored.com', 'produccion@centrored.com', 'produccion@centrored.com', 1, '', 'nYojx61OBGZDF/m1BIg/NmmSFxCytwJ9ftVy2UIjinxLV7GiyBQ9CzuGaKLKf609IMyE8Ca+xl6I70+vKRcQzg==', '2013-07-12 21:44:41', 0, 0, NULL, NULL, NULL, 'a:0:{}', 0, NULL, '0000-00-00 00:00:00', '2013-07-12 21:44:41', NULL, 'Centrored', 'Desarrollo', NULL, NULL, NULL, NULL, NULL, NULL, NULL, NULL, 'null', NULL, NULL, 'null', NULL, NULL, 'null', NULL, NULL, '100002898191039', 'd7b4b5383c11b74daf2c06b54951294fe0f0274b7474e11fa614c57897ba6a68', '0000-00-00 00:00:00', '2013-07-12 21:44:41', 'UPD'),
(20, 1, 'admin@admin.com', 'admin@admin.com', 'admin@admin.com', 'admin@admin.com', 1, 'm0gpp4mi5ogw8kk84co48c0swogco4s', '/o1DdhKRZT7w2/u9D/nkH0G2zm4ZynVFMvsaKCTFFRXkxnwK7SWyRCE7vhIBsIE4jCHJA8oJcFG/nLNaqy0/uw==', '2013-07-12 21:43:04', 0, 0, NULL, NULL, NULL, 'a:1:{i:0;s:16:"ROLE_SUPER_ADMIN";}', 0, NULL, '2013-07-10 21:38:28', '2013-07-12 21:43:04', NULL, NULL, NULL, NULL, NULL, 'u', NULL, NULL, NULL, NULL, NULL, 'null', NULL, NULL, 'null', NULL, NULL, 'null', NULL, NULL, NULL, NULL, '2013-07-10 21:38:28', '2013-07-12 21:43:04', 'UPD');

-- --------------------------------------------------------

--
-- Estructura de tabla para la tabla `fos_user_user_group`
--

CREATE TABLE IF NOT EXISTS `fos_user_user_group` (
  `user_id` int(11) NOT NULL,
  `group_id` int(11) NOT NULL,
  PRIMARY KEY (`user_id`,`group_id`),
  KEY `IDX_B3C77447A76ED395` (`user_id`),
  KEY `IDX_B3C77447FE54D947` (`group_id`)
) ENGINE=InnoDB DEFAULT CHARSET=utf8 COLLATE=utf8_unicode_ci;

-- --------------------------------------------------------

--
-- Estructura de tabla para la tabla `friends`
--

CREATE TABLE IF NOT EXISTS `friends` (
  `user_id` int(11) NOT NULL,
  `friend_user_id` int(11) NOT NULL,
  PRIMARY KEY (`user_id`,`friend_user_id`),
  KEY `IDX_21EE7069A76ED395` (`user_id`),
  KEY `IDX_21EE706993D1119E` (`friend_user_id`)
) ENGINE=InnoDB DEFAULT CHARSET=utf8 COLLATE=utf8_unicode_ci;

--
-- Volcado de datos para la tabla `friends`
--

INSERT INTO `friends` (`user_id`, `friend_user_id`) VALUES
(3, 8),
(8, 3);

-- --------------------------------------------------------

--
-- Estructura de tabla para la tabla `friend_request`
--

CREATE TABLE IF NOT EXISTS `friend_request` (
  `id` int(11) NOT NULL AUTO_INCREMENT,
  `from_id` int(11) DEFAULT NULL,
  `to_id` int(11) DEFAULT NULL,
  `message` varchar(255) COLLATE utf8_unicode_ci NOT NULL,
  `email` varchar(255) COLLATE utf8_unicode_ci DEFAULT NULL,
  `hash` varchar(255) COLLATE utf8_unicode_ci DEFAULT NULL,
  `fb_id` varchar(255) COLLATE utf8_unicode_ci DEFAULT NULL,
  `fb_request_id` varchar(255) COLLATE utf8_unicode_ci DEFAULT NULL,
  `active` tinyint(1) NOT NULL,
  `data` longtext COLLATE utf8_unicode_ci,
  `created` datetime NOT NULL,
  `updated` datetime NOT NULL,
  PRIMARY KEY (`id`),
  KEY `IDX_F284D9478CED90B` (`from_id`),
  KEY `IDX_F284D9430354A65` (`to_id`)
) ENGINE=InnoDB  DEFAULT CHARSET=utf8 COLLATE=utf8_unicode_ci AUTO_INCREMENT=58 ;

--
-- Volcado de datos para la tabla `friend_request`
--

INSERT INTO `friend_request` (`id`, `from_id`, `to_id`, `message`, `email`, `hash`, `fb_id`, `fb_request_id`, `active`, `data`, `created`, `updated`) VALUES
(7, 3, 8, 'TESTS', 'camilocot@gmail.com', '690db343b4ba7f3c27603ad31a7587a9fc46f62084b8776a3dcbc00dc6158c38', NULL, NULL, 1, NULL, '2013-06-18 18:40:58', '2013-06-18 18:56:26'),
(36, 3, NULL, 'dsdssadsad<br />', 'camilcot@gmail.com', 'd1d4725c926dc581fe29113a3a8b87f7f80aaa87dbc0cdbf6ec78749020c09df', NULL, NULL, 0, NULL, '2013-07-06 18:22:40', '2013-07-06 18:22:40'),
(37, 3, NULL, 'dsadsadsadsa<br />', 'camilcot@gmail.com', 'f033ba94f6be5d45b23a5e8a1119f5137adbeb442079f153cf381dc7460806c0', NULL, NULL, 0, NULL, '2013-07-06 18:24:10', '2013-07-06 18:24:10'),
(41, 3, NULL, 'dsaaaaaaaaaaaaaaaaaa<br />ds<br />dsa<br />dsa<br />sd<br />ads<br />ds<br /><br />dsa<br /><br />', 'camilcot@gmail.com', '219ad826ad5b2d218e2b48ce3d85354721ea7ea53c7b9a67269873465a272b24', NULL, NULL, 0, NULL, '2013-07-06 18:34:39', '2013-07-06 18:34:39'),
(43, 3, NULL, 'dasssssssssss<br />dsa<br /><br />ds<br />dsa<br />dsa<br /><br />sda<br />dsa<br />d<br />', 'camilcot@gmail.com', 'cb904ccf9ec9a8ad265e4193b9dc98222c61cd0417b031fca89bc6cd52f3c726', NULL, NULL, 0, NULL, '2013-07-06 18:36:00', '2013-07-06 18:36:00'),
(44, 3, NULL, 'dsadsa<br /><br />d<br />dsa<br /><br />dsa<br />dsa<br /><br />dsa<br />', 'camilcot@gmail.com', '034c3092074c93316bbab205ff7cb73810311a636e8d985ad0ace67cbd36ecce', NULL, NULL, 0, NULL, '2013-07-06 18:36:46', '2013-07-06 18:36:46'),
(45, 3, NULL, 'dsadsadsa<br />dsa<br />dsa<br />dsa<br />dsa<br />', 'camilcot@gmail.com', '59eada16768cf553264b07084b19ef94d04d243c73f4e17d62ea358e8d4129e1', NULL, NULL, 0, NULL, '2013-07-06 18:41:24', '2013-07-06 18:41:24'),
(46, 3, NULL, 'dsaaaaaaaaaaaaaa<br />', 'camilcot@gmail.com', 'bdb5917da11db7ae9f458a54862d404e78a8c86bfabeead73a22cc6d02714a03', NULL, NULL, 0, NULL, '2013-07-06 18:42:25', '2013-07-06 18:42:25'),
(47, 3, NULL, 'dsadsadsadsa<br />', 'camilcot@gmail.com', '24c1125f8a6479599c59814e7b24f3ad77a300a8a46f27bfb9fe50d6f1b7194a', NULL, NULL, 0, NULL, '2013-07-06 18:44:08', '2013-07-06 18:44:08'),
(51, 3, 8, 'dsaaaaaaaaa<br />', 'camilocot@gmail.com', '1d1e3ed4593bba9ebea9bb68f9bb88fb9d96b98181a0ea0f2e519c4f78821f73', NULL, NULL, 1, NULL, '2013-07-06 20:55:00', '2013-07-07 18:59:01'),
(52, 3, 8, 'dsadsadsadsadsaasa<br />', 'camilocot@gmail.com', '56c662d7d94cf6261f0cfc73e3e6396e81599a9e57d042f9d5388d74eb68e2d2', NULL, NULL, 1, NULL, '2013-07-06 21:14:48', '2013-07-06 21:15:36'),
(53, 3, 8, 'test<br />', 'camilocot@gmail.com', '2c06ac1b6be11dfb583dad098abc4af5ef2091edaedfbc868ea3af32d7354122', NULL, NULL, 1, NULL, '2013-07-07 19:02:15', '2013-07-07 21:02:06'),
(54, 3, 8, 'dsadsadsdsa<br />', 'camilocot@gmail.com', '4281c708fae7fc3fca4cd2bddf22a6a383862f11c320333477340a3724fd9df6', NULL, NULL, 1, NULL, '2013-07-07 19:02:56', '2013-07-07 19:13:13'),
(55, 3, 8, 'dsadsdsa<br />', 'camilocot@gmail.com', 'a8d82e1846fd04d5aac105a7c28b3df9a8b41220b98bc48c81792e592708db6a', NULL, NULL, 1, NULL, '2013-07-07 19:05:41', '2013-07-07 19:11:29'),
(56, 3, 8, 'testests<br />', 'camilocot@gmail.com', '5fdd98b6de6c3baf5736252ff1187f375d3f0c201ca4827c696c2559895a937c', NULL, NULL, 1, NULL, '2013-07-07 19:06:30', '2013-07-07 19:10:08'),
(57, 3, 8, 'dsaaaaaaaaaaaaaaa<br />', 'camilocot@gmail.com', '1104fa3f179ada6ef3f632a47659a5dd3bafd6619605657f3adad7324406b1bb', NULL, NULL, 1, NULL, '2013-07-07 19:06:56', '2013-07-07 19:08:10');

-- --------------------------------------------------------

--
-- Estructura de tabla para la tabla `kuma_acl_changesets`
--

CREATE TABLE IF NOT EXISTS `kuma_acl_changesets` (
  `id` bigint(20) NOT NULL AUTO_INCREMENT,
  `user_id` int(11) DEFAULT NULL,
  `ref_id` bigint(20) NOT NULL,
  `ref_entity_name` varchar(255) COLLATE utf8_unicode_ci NOT NULL,
  `changeset` longtext COLLATE utf8_unicode_ci NOT NULL COMMENT '(DC2Type:array)',
  `pid` int(11) DEFAULT NULL,
  `status` int(11) NOT NULL,
  `created` datetime DEFAULT NULL,
  `last_modified` datetime DEFAULT NULL,
  PRIMARY KEY (`id`),
  KEY `IDX_953E7491A76ED395` (`user_id`)
) ENGINE=InnoDB DEFAULT CHARSET=utf8 COLLATE=utf8_unicode_ci AUTO_INCREMENT=1 ;

-- --------------------------------------------------------

--
-- Estructura de tabla para la tabla `kuma_checkbox_page_parts`
--

CREATE TABLE IF NOT EXISTS `kuma_checkbox_page_parts` (
  `id` bigint(20) NOT NULL AUTO_INCREMENT,
  `required` tinyint(1) DEFAULT NULL,
  `error_message_required` varchar(255) COLLATE utf8_unicode_ci DEFAULT NULL,
  `label` varchar(255) COLLATE utf8_unicode_ci DEFAULT NULL,
  PRIMARY KEY (`id`)
) ENGINE=InnoDB DEFAULT CHARSET=utf8 COLLATE=utf8_unicode_ci AUTO_INCREMENT=1 ;

-- --------------------------------------------------------

--
-- Estructura de tabla para la tabla `kuma_choice_page_parts`
--

CREATE TABLE IF NOT EXISTS `kuma_choice_page_parts` (
  `id` bigint(20) NOT NULL AUTO_INCREMENT,
  `expanded` tinyint(1) DEFAULT NULL,
  `multiple` tinyint(1) DEFAULT NULL,
  `choices` longtext COLLATE utf8_unicode_ci,
  `empty_value` varchar(255) COLLATE utf8_unicode_ci DEFAULT NULL,
  `required` tinyint(1) DEFAULT NULL,
  `error_message_required` varchar(255) COLLATE utf8_unicode_ci DEFAULT NULL,
  `label` varchar(255) COLLATE utf8_unicode_ci DEFAULT NULL,
  PRIMARY KEY (`id`)
) ENGINE=InnoDB DEFAULT CHARSET=utf8 COLLATE=utf8_unicode_ci AUTO_INCREMENT=1 ;

-- --------------------------------------------------------

--
-- Estructura de tabla para la tabla `kuma_dashboard_configurations`
--

CREATE TABLE IF NOT EXISTS `kuma_dashboard_configurations` (
  `id` bigint(20) NOT NULL AUTO_INCREMENT,
  `title` varchar(255) COLLATE utf8_unicode_ci DEFAULT NULL,
  `content` longtext COLLATE utf8_unicode_ci,
  PRIMARY KEY (`id`)
) ENGINE=InnoDB DEFAULT CHARSET=utf8 COLLATE=utf8_unicode_ci AUTO_INCREMENT=1 ;

-- --------------------------------------------------------

--
-- Estructura de tabla para la tabla `kuma_download_page_parts`
--

CREATE TABLE IF NOT EXISTS `kuma_download_page_parts` (
  `id` bigint(20) NOT NULL AUTO_INCREMENT,
  `media_id` bigint(20) DEFAULT NULL,
  PRIMARY KEY (`id`),
  KEY `IDX_65E8DB81EA9FDD75` (`media_id`)
) ENGINE=InnoDB DEFAULT CHARSET=utf8 COLLATE=utf8_unicode_ci AUTO_INCREMENT=1 ;

-- --------------------------------------------------------

--
-- Estructura de tabla para la tabla `kuma_email_page_parts`
--

CREATE TABLE IF NOT EXISTS `kuma_email_page_parts` (
  `id` bigint(20) NOT NULL AUTO_INCREMENT,
  `required` tinyint(1) DEFAULT NULL,
  `error_message_required` varchar(255) COLLATE utf8_unicode_ci DEFAULT NULL,
  `error_message_invalid` varchar(255) COLLATE utf8_unicode_ci DEFAULT NULL,
  `label` varchar(255) COLLATE utf8_unicode_ci DEFAULT NULL,
  PRIMARY KEY (`id`)
) ENGINE=InnoDB DEFAULT CHARSET=utf8 COLLATE=utf8_unicode_ci AUTO_INCREMENT=1 ;

-- --------------------------------------------------------

--
-- Estructura de tabla para la tabla `kuma_file_upload_page_parts`
--

CREATE TABLE IF NOT EXISTS `kuma_file_upload_page_parts` (
  `id` bigint(20) NOT NULL AUTO_INCREMENT,
  `required` tinyint(1) DEFAULT NULL,
  `error_message_required` varchar(255) COLLATE utf8_unicode_ci DEFAULT NULL,
  `label` varchar(255) COLLATE utf8_unicode_ci DEFAULT NULL,
  PRIMARY KEY (`id`)
) ENGINE=InnoDB DEFAULT CHARSET=utf8 COLLATE=utf8_unicode_ci AUTO_INCREMENT=1 ;

-- --------------------------------------------------------

--
-- Estructura de tabla para la tabla `kuma_folders`
--

CREATE TABLE IF NOT EXISTS `kuma_folders` (
  `id` bigint(20) NOT NULL AUTO_INCREMENT,
  `parent_id` bigint(20) DEFAULT NULL,
  `name` varchar(255) COLLATE utf8_unicode_ci NOT NULL,
  `created_at` datetime NOT NULL,
  `updated_at` datetime NOT NULL,
  `rel` varchar(255) COLLATE utf8_unicode_ci DEFAULT NULL,
  `internal_name` varchar(255) COLLATE utf8_unicode_ci DEFAULT NULL,
  `deleted` tinyint(1) NOT NULL,
  PRIMARY KEY (`id`),
  KEY `IDX_2D3C07E4727ACA70` (`parent_id`)
) ENGINE=InnoDB DEFAULT CHARSET=utf8 COLLATE=utf8_unicode_ci AUTO_INCREMENT=1 ;

-- --------------------------------------------------------

--
-- Estructura de tabla para la tabla `kuma_form_submissions`
--

CREATE TABLE IF NOT EXISTS `kuma_form_submissions` (
  `id` bigint(20) NOT NULL AUTO_INCREMENT,
  `node_id` bigint(20) DEFAULT NULL,
  `ip_address` varchar(255) COLLATE utf8_unicode_ci NOT NULL,
  `lang` varchar(255) COLLATE utf8_unicode_ci NOT NULL,
  `created` datetime NOT NULL,
  PRIMARY KEY (`id`),
  KEY `IDX_6493A44D460D9FD7` (`node_id`)
) ENGINE=InnoDB DEFAULT CHARSET=utf8 COLLATE=utf8_unicode_ci AUTO_INCREMENT=1 ;

-- --------------------------------------------------------

--
-- Estructura de tabla para la tabla `kuma_form_submission_fields`
--

CREATE TABLE IF NOT EXISTS `kuma_form_submission_fields` (
  `id` bigint(20) NOT NULL AUTO_INCREMENT,
  `form_submission_id` bigint(20) DEFAULT NULL,
  `fieldName` varchar(255) COLLATE utf8_unicode_ci NOT NULL,
  `label` varchar(255) COLLATE utf8_unicode_ci NOT NULL,
  `discr` varchar(255) COLLATE utf8_unicode_ci NOT NULL,
  `sfsf_value` varchar(255) COLLATE utf8_unicode_ci DEFAULT NULL,
  `tfsf_value` longtext COLLATE utf8_unicode_ci,
  `bfsf_value` tinyint(1) DEFAULT NULL,
  `cfsf_value` longtext COLLATE utf8_unicode_ci COMMENT '(DC2Type:array)',
  `expanded` tinyint(1) DEFAULT NULL,
  `multiple` tinyint(1) DEFAULT NULL,
  `choices` longtext COLLATE utf8_unicode_ci COMMENT '(DC2Type:array)',
  `required` tinyint(1) DEFAULT NULL,
  `ffsf_value` varchar(255) COLLATE utf8_unicode_ci DEFAULT NULL,
  `efsf_value` varchar(255) COLLATE utf8_unicode_ci DEFAULT NULL,
  PRIMARY KEY (`id`),
  KEY `IDX_A0B2BD32422B0E0C` (`form_submission_id`)
) ENGINE=InnoDB DEFAULT CHARSET=utf8 COLLATE=utf8_unicode_ci AUTO_INCREMENT=1 ;

-- --------------------------------------------------------

--
-- Estructura de tabla para la tabla `kuma_groups`
--

CREATE TABLE IF NOT EXISTS `kuma_groups` (
  `id` int(11) NOT NULL AUTO_INCREMENT,
  `name` varchar(255) COLLATE utf8_unicode_ci NOT NULL,
  PRIMARY KEY (`id`)
) ENGINE=InnoDB DEFAULT CHARSET=utf8 COLLATE=utf8_unicode_ci AUTO_INCREMENT=1 ;

-- --------------------------------------------------------

--
-- Estructura de tabla para la tabla `kuma_groups_roles`
--

CREATE TABLE IF NOT EXISTS `kuma_groups_roles` (
  `group_id` int(11) NOT NULL,
  `role_id` int(11) NOT NULL,
  PRIMARY KEY (`group_id`,`role_id`),
  KEY `IDX_B7EFE85EFE54D947` (`group_id`),
  KEY `IDX_B7EFE85ED60322AC` (`role_id`)
) ENGINE=InnoDB DEFAULT CHARSET=utf8 COLLATE=utf8_unicode_ci;

-- --------------------------------------------------------

--
-- Estructura de tabla para la tabla `kuma_header_page_parts`
--

CREATE TABLE IF NOT EXISTS `kuma_header_page_parts` (
  `id` bigint(20) NOT NULL AUTO_INCREMENT,
  `niv` int(11) DEFAULT NULL,
  `title` varchar(255) COLLATE utf8_unicode_ci DEFAULT NULL,
  PRIMARY KEY (`id`)
) ENGINE=InnoDB DEFAULT CHARSET=utf8 COLLATE=utf8_unicode_ci AUTO_INCREMENT=1 ;

-- --------------------------------------------------------

--
-- Estructura de tabla para la tabla `kuma_image_page_parts`
--

CREATE TABLE IF NOT EXISTS `kuma_image_page_parts` (
  `id` bigint(20) NOT NULL AUTO_INCREMENT,
  `media_id` bigint(20) DEFAULT NULL,
  `link` varchar(255) COLLATE utf8_unicode_ci DEFAULT NULL,
  `open_in_new_window` tinyint(1) DEFAULT NULL,
  `alt_text` varchar(255) COLLATE utf8_unicode_ci DEFAULT NULL,
  PRIMARY KEY (`id`),
  KEY `IDX_CF8612B5EA9FDD75` (`media_id`)
) ENGINE=InnoDB DEFAULT CHARSET=utf8 COLLATE=utf8_unicode_ci AUTO_INCREMENT=1 ;

-- --------------------------------------------------------

--
-- Estructura de tabla para la tabla `kuma_line_page_parts`
--

CREATE TABLE IF NOT EXISTS `kuma_line_page_parts` (
  `id` bigint(20) NOT NULL AUTO_INCREMENT,
  PRIMARY KEY (`id`)
) ENGINE=InnoDB DEFAULT CHARSET=utf8 COLLATE=utf8_unicode_ci AUTO_INCREMENT=1 ;

-- --------------------------------------------------------

--
-- Estructura de tabla para la tabla `kuma_link_page_parts`
--

CREATE TABLE IF NOT EXISTS `kuma_link_page_parts` (
  `id` bigint(20) NOT NULL AUTO_INCREMENT,
  `url` varchar(255) COLLATE utf8_unicode_ci DEFAULT NULL,
  `openinnewwindow` tinyint(1) DEFAULT NULL,
  `text` varchar(255) COLLATE utf8_unicode_ci DEFAULT NULL,
  PRIMARY KEY (`id`)
) ENGINE=InnoDB DEFAULT CHARSET=utf8 COLLATE=utf8_unicode_ci AUTO_INCREMENT=1 ;

-- --------------------------------------------------------

--
-- Estructura de tabla para la tabla `kuma_media`
--

CREATE TABLE IF NOT EXISTS `kuma_media` (
  `id` bigint(20) NOT NULL AUTO_INCREMENT,
  `folder_id` bigint(20) DEFAULT NULL,
  `uuid` varchar(255) COLLATE utf8_unicode_ci NOT NULL,
  `name` varchar(255) COLLATE utf8_unicode_ci DEFAULT NULL,
  `location` varchar(255) COLLATE utf8_unicode_ci DEFAULT NULL,
  `content_type` varchar(255) COLLATE utf8_unicode_ci NOT NULL,
  `metadata` longtext COLLATE utf8_unicode_ci NOT NULL COMMENT '(DC2Type:array)',
  `created_at` datetime NOT NULL,
  `updated_at` datetime NOT NULL,
  `filesize` int(11) DEFAULT NULL,
  `url` varchar(255) COLLATE utf8_unicode_ci DEFAULT NULL,
  `deleted` tinyint(1) NOT NULL,
  PRIMARY KEY (`id`),
  UNIQUE KEY `UNIQ_47400F63D17F50A6` (`uuid`),
  KEY `IDX_47400F63162CB942` (`folder_id`)
) ENGINE=InnoDB DEFAULT CHARSET=utf8 COLLATE=utf8_unicode_ci AUTO_INCREMENT=1 ;

-- --------------------------------------------------------

--
-- Estructura de tabla para la tabla `kuma_multi_line_text_page_parts`
--

CREATE TABLE IF NOT EXISTS `kuma_multi_line_text_page_parts` (
  `id` bigint(20) NOT NULL AUTO_INCREMENT,
  `required` tinyint(1) DEFAULT NULL,
  `error_message_required` varchar(255) COLLATE utf8_unicode_ci DEFAULT NULL,
  `regex` varchar(255) COLLATE utf8_unicode_ci DEFAULT NULL,
  `error_message_regex` varchar(255) COLLATE utf8_unicode_ci DEFAULT NULL,
  `label` varchar(255) COLLATE utf8_unicode_ci DEFAULT NULL,
  PRIMARY KEY (`id`)
) ENGINE=InnoDB DEFAULT CHARSET=utf8 COLLATE=utf8_unicode_ci AUTO_INCREMENT=1 ;

-- --------------------------------------------------------

--
-- Estructura de tabla para la tabla `kuma_nodes`
--

CREATE TABLE IF NOT EXISTS `kuma_nodes` (
  `id` bigint(20) NOT NULL AUTO_INCREMENT,
  `parent_id` bigint(20) DEFAULT NULL,
  `sequence_number` int(11) NOT NULL,
  `lft` int(11) DEFAULT NULL,
  `lvl` int(11) DEFAULT NULL,
  `rgt` int(11) DEFAULT NULL,
  `deleted` tinyint(1) NOT NULL,
  `hidden_from_nav` tinyint(1) NOT NULL,
  `ref_entity_name` varchar(255) COLLATE utf8_unicode_ci NOT NULL,
  `internal_name` varchar(255) COLLATE utf8_unicode_ci DEFAULT NULL,
  PRIMARY KEY (`id`),
  KEY `IDX_3051AB93727ACA70` (`parent_id`)
) ENGINE=InnoDB DEFAULT CHARSET=utf8 COLLATE=utf8_unicode_ci AUTO_INCREMENT=1 ;

-- --------------------------------------------------------

--
-- Estructura de tabla para la tabla `kuma_node_queued_node_translation_actions`
--

CREATE TABLE IF NOT EXISTS `kuma_node_queued_node_translation_actions` (
  `id` bigint(20) NOT NULL AUTO_INCREMENT,
  `node_translation_id` bigint(20) DEFAULT NULL,
  `action` varchar(255) COLLATE utf8_unicode_ci NOT NULL,
  `user_id` int(11) NOT NULL,
  `date` datetime NOT NULL,
  PRIMARY KEY (`id`),
  KEY `IDX_D270D8D1E0B87CE0` (`node_translation_id`)
) ENGINE=InnoDB DEFAULT CHARSET=utf8 COLLATE=utf8_unicode_ci AUTO_INCREMENT=1 ;

-- --------------------------------------------------------

--
-- Estructura de tabla para la tabla `kuma_node_translations`
--

CREATE TABLE IF NOT EXISTS `kuma_node_translations` (
  `id` bigint(20) NOT NULL AUTO_INCREMENT,
  `node_id` bigint(20) DEFAULT NULL,
  `public_node_version_id` bigint(20) DEFAULT NULL,
  `lang` varchar(255) COLLATE utf8_unicode_ci NOT NULL,
  `online` tinyint(1) NOT NULL,
  `title` varchar(255) COLLATE utf8_unicode_ci NOT NULL,
  `slug` varchar(255) COLLATE utf8_unicode_ci DEFAULT NULL,
  `url` varchar(255) COLLATE utf8_unicode_ci DEFAULT NULL,
  `weight` smallint(6) DEFAULT NULL,
  PRIMARY KEY (`id`),
  UNIQUE KEY `ix_kuma_node_translations_node_lang` (`node_id`,`lang`),
  KEY `IDX_5E8968CD460D9FD7` (`node_id`),
  KEY `IDX_5E8968CDB9A563EE` (`public_node_version_id`)
) ENGINE=InnoDB DEFAULT CHARSET=utf8 COLLATE=utf8_unicode_ci AUTO_INCREMENT=1 ;

-- --------------------------------------------------------

--
-- Estructura de tabla para la tabla `kuma_node_versions`
--

CREATE TABLE IF NOT EXISTS `kuma_node_versions` (
  `id` bigint(20) NOT NULL AUTO_INCREMENT,
  `node_translation_id` bigint(20) DEFAULT NULL,
  `origin_id` bigint(20) DEFAULT NULL,
  `type` varchar(255) COLLATE utf8_unicode_ci NOT NULL,
  `owner` varchar(255) COLLATE utf8_unicode_ci NOT NULL,
  `created` datetime NOT NULL,
  `updated` datetime NOT NULL,
  `ref_id` bigint(20) NOT NULL,
  `ref_entity_name` varchar(255) COLLATE utf8_unicode_ci NOT NULL,
  PRIMARY KEY (`id`),
  KEY `IDX_FF496637E0B87CE0` (`node_translation_id`),
  KEY `IDX_FF49663756A273CC` (`origin_id`)
) ENGINE=InnoDB DEFAULT CHARSET=utf8 COLLATE=utf8_unicode_ci AUTO_INCREMENT=1 ;

-- --------------------------------------------------------

--
-- Estructura de tabla para la tabla `kuma_page_part_refs`
--

CREATE TABLE IF NOT EXISTS `kuma_page_part_refs` (
  `id` bigint(20) NOT NULL AUTO_INCREMENT,
  `pageId` bigint(20) NOT NULL,
  `pageEntityname` varchar(255) COLLATE utf8_unicode_ci NOT NULL,
  `context` varchar(255) COLLATE utf8_unicode_ci NOT NULL,
  `sequencenumber` int(11) NOT NULL,
  `pagePartId` bigint(20) NOT NULL,
  `pagePartEntityname` varchar(255) COLLATE utf8_unicode_ci NOT NULL,
  `created` datetime NOT NULL,
  `updated` datetime NOT NULL,
  PRIMARY KEY (`id`)
) ENGINE=InnoDB DEFAULT CHARSET=utf8 COLLATE=utf8_unicode_ci AUTO_INCREMENT=1 ;

-- --------------------------------------------------------

--
-- Estructura de tabla para la tabla `kuma_page_template_configuration`
--

CREATE TABLE IF NOT EXISTS `kuma_page_template_configuration` (
  `id` bigint(20) NOT NULL AUTO_INCREMENT,
  `page_id` bigint(20) NOT NULL,
  `page_entity_name` varchar(255) COLLATE utf8_unicode_ci NOT NULL,
  `page_template` varchar(255) COLLATE utf8_unicode_ci NOT NULL,
  PRIMARY KEY (`id`)
) ENGINE=InnoDB DEFAULT CHARSET=utf8 COLLATE=utf8_unicode_ci AUTO_INCREMENT=1 ;

-- --------------------------------------------------------

--
-- Estructura de tabla para la tabla `kuma_raw_html_page_parts`
--

CREATE TABLE IF NOT EXISTS `kuma_raw_html_page_parts` (
  `id` bigint(20) NOT NULL AUTO_INCREMENT,
  `content` longtext COLLATE utf8_unicode_ci,
  PRIMARY KEY (`id`)
) ENGINE=InnoDB DEFAULT CHARSET=utf8 COLLATE=utf8_unicode_ci AUTO_INCREMENT=1 ;

-- --------------------------------------------------------

--
-- Estructura de tabla para la tabla `kuma_roles`
--

CREATE TABLE IF NOT EXISTS `kuma_roles` (
  `id` int(11) NOT NULL AUTO_INCREMENT,
  `role` varchar(70) COLLATE utf8_unicode_ci NOT NULL,
  PRIMARY KEY (`id`),
  UNIQUE KEY `UNIQ_9B5280A857698A6A` (`role`)
) ENGINE=InnoDB DEFAULT CHARSET=utf8 COLLATE=utf8_unicode_ci AUTO_INCREMENT=1 ;

-- --------------------------------------------------------

--
-- Estructura de tabla para la tabla `kuma_seo`
--

CREATE TABLE IF NOT EXISTS `kuma_seo` (
  `id` bigint(20) NOT NULL AUTO_INCREMENT,
  `og_image_id` bigint(20) DEFAULT NULL,
  `meta_title` varchar(255) COLLATE utf8_unicode_ci DEFAULT NULL,
  `meta_description` longtext COLLATE utf8_unicode_ci,
  `meta_author` varchar(255) COLLATE utf8_unicode_ci DEFAULT NULL,
  `meta_keywords` varchar(255) COLLATE utf8_unicode_ci DEFAULT NULL,
  `meta_robots` varchar(255) COLLATE utf8_unicode_ci DEFAULT NULL,
  `meta_revised` varchar(255) COLLATE utf8_unicode_ci DEFAULT NULL,
  `og_type` varchar(255) COLLATE utf8_unicode_ci DEFAULT NULL,
  `og_title` varchar(255) COLLATE utf8_unicode_ci DEFAULT NULL,
  `og_description` longtext COLLATE utf8_unicode_ci,
  `extra_metadata` longtext COLLATE utf8_unicode_ci,
  `cim_keyword` varchar(24) COLLATE utf8_unicode_ci DEFAULT NULL,
  `ref_id` bigint(20) NOT NULL,
  `ref_entity_name` varchar(255) COLLATE utf8_unicode_ci NOT NULL,
  `linked_in_recommend_link` varchar(255) COLLATE utf8_unicode_ci DEFAULT NULL,
  `linked_in_recommend_product_id` varchar(255) COLLATE utf8_unicode_ci DEFAULT NULL,
  `og_url` varchar(255) COLLATE utf8_unicode_ci DEFAULT NULL,
  PRIMARY KEY (`id`),
  KEY `IDX_4695F4A76EFCB8B8` (`og_image_id`)
) ENGINE=InnoDB DEFAULT CHARSET=utf8 COLLATE=utf8_unicode_ci AUTO_INCREMENT=1 ;

-- --------------------------------------------------------

--
-- Estructura de tabla para la tabla `kuma_single_line_text_page_parts`
--

CREATE TABLE IF NOT EXISTS `kuma_single_line_text_page_parts` (
  `id` bigint(20) NOT NULL AUTO_INCREMENT,
  `required` tinyint(1) DEFAULT NULL,
  `error_message_required` varchar(255) COLLATE utf8_unicode_ci DEFAULT NULL,
  `regex` varchar(255) COLLATE utf8_unicode_ci DEFAULT NULL,
  `error_message_regex` varchar(255) COLLATE utf8_unicode_ci DEFAULT NULL,
  `label` varchar(255) COLLATE utf8_unicode_ci DEFAULT NULL,
  PRIMARY KEY (`id`)
) ENGINE=InnoDB DEFAULT CHARSET=utf8 COLLATE=utf8_unicode_ci AUTO_INCREMENT=1 ;

-- --------------------------------------------------------

--
-- Estructura de tabla para la tabla `kuma_sitemap_pages`
--

CREATE TABLE IF NOT EXISTS `kuma_sitemap_pages` (
  `id` bigint(20) NOT NULL AUTO_INCREMENT,
  `title` varchar(255) COLLATE utf8_unicode_ci NOT NULL,
  `page_title` varchar(255) COLLATE utf8_unicode_ci DEFAULT NULL,
  PRIMARY KEY (`id`)
) ENGINE=InnoDB DEFAULT CHARSET=utf8 COLLATE=utf8_unicode_ci AUTO_INCREMENT=1 ;

-- --------------------------------------------------------

--
-- Estructura de tabla para la tabla `kuma_slide_page_parts`
--

CREATE TABLE IF NOT EXISTS `kuma_slide_page_parts` (
  `id` bigint(20) NOT NULL AUTO_INCREMENT,
  `media_id` bigint(20) DEFAULT NULL,
  PRIMARY KEY (`id`),
  KEY `IDX_EA7A3F17EA9FDD75` (`media_id`)
) ENGINE=InnoDB DEFAULT CHARSET=utf8 COLLATE=utf8_unicode_ci AUTO_INCREMENT=1 ;

-- --------------------------------------------------------

--
-- Estructura de tabla para la tabla `kuma_submit_button_page_parts`
--

CREATE TABLE IF NOT EXISTS `kuma_submit_button_page_parts` (
  `id` bigint(20) NOT NULL AUTO_INCREMENT,
  `label` varchar(255) COLLATE utf8_unicode_ci DEFAULT NULL,
  PRIMARY KEY (`id`)
) ENGINE=InnoDB DEFAULT CHARSET=utf8 COLLATE=utf8_unicode_ci AUTO_INCREMENT=1 ;

-- --------------------------------------------------------

--
-- Estructura de tabla para la tabla `kuma_text_page_parts`
--

CREATE TABLE IF NOT EXISTS `kuma_text_page_parts` (
  `id` bigint(20) NOT NULL AUTO_INCREMENT,
  `content` longtext COLLATE utf8_unicode_ci,
  PRIMARY KEY (`id`)
) ENGINE=InnoDB DEFAULT CHARSET=utf8 COLLATE=utf8_unicode_ci AUTO_INCREMENT=1 ;

-- --------------------------------------------------------

--
-- Estructura de tabla para la tabla `kuma_toc_page_parts`
--

CREATE TABLE IF NOT EXISTS `kuma_toc_page_parts` (
  `id` bigint(20) NOT NULL AUTO_INCREMENT,
  PRIMARY KEY (`id`)
) ENGINE=InnoDB DEFAULT CHARSET=utf8 COLLATE=utf8_unicode_ci AUTO_INCREMENT=1 ;

-- --------------------------------------------------------

--
-- Estructura de tabla para la tabla `kuma_to_top_page_parts`
--

CREATE TABLE IF NOT EXISTS `kuma_to_top_page_parts` (
  `id` bigint(20) NOT NULL AUTO_INCREMENT,
  PRIMARY KEY (`id`)
) ENGINE=InnoDB DEFAULT CHARSET=utf8 COLLATE=utf8_unicode_ci AUTO_INCREMENT=1 ;

-- --------------------------------------------------------

--
-- Estructura de tabla para la tabla `kuma_users`
--

CREATE TABLE IF NOT EXISTS `kuma_users` (
  `id` int(11) NOT NULL AUTO_INCREMENT,
  `username` varchar(255) COLLATE utf8_unicode_ci NOT NULL,
  `username_canonical` varchar(255) COLLATE utf8_unicode_ci NOT NULL,
  `email` varchar(255) COLLATE utf8_unicode_ci NOT NULL,
  `email_canonical` varchar(255) COLLATE utf8_unicode_ci NOT NULL,
  `enabled` tinyint(1) NOT NULL,
  `salt` varchar(255) COLLATE utf8_unicode_ci NOT NULL,
  `password` varchar(255) COLLATE utf8_unicode_ci NOT NULL,
  `last_login` datetime DEFAULT NULL,
  `locked` tinyint(1) NOT NULL,
  `expired` tinyint(1) NOT NULL,
  `expires_at` datetime DEFAULT NULL,
  `confirmation_token` varchar(255) COLLATE utf8_unicode_ci DEFAULT NULL,
  `password_requested_at` datetime DEFAULT NULL,
  `roles` longtext COLLATE utf8_unicode_ci NOT NULL COMMENT '(DC2Type:array)',
  `credentials_expired` tinyint(1) NOT NULL,
  `credentials_expire_at` datetime DEFAULT NULL,
  PRIMARY KEY (`id`),
  UNIQUE KEY `UNIQ_39EF0B8692FC23A8` (`username_canonical`),
  UNIQUE KEY `UNIQ_39EF0B86A0D96FBF` (`email_canonical`)
) ENGINE=InnoDB DEFAULT CHARSET=utf8 COLLATE=utf8_unicode_ci AUTO_INCREMENT=1 ;

-- --------------------------------------------------------

--
-- Estructura de tabla para la tabla `kuma_users_groups`
--

CREATE TABLE IF NOT EXISTS `kuma_users_groups` (
  `user_id` int(11) NOT NULL,
  `group_id` int(11) NOT NULL,
  PRIMARY KEY (`user_id`,`group_id`),
  KEY `IDX_AFF816DDA76ED395` (`user_id`),
  KEY `IDX_AFF816DDFE54D947` (`group_id`)
) ENGINE=InnoDB DEFAULT CHARSET=utf8 COLLATE=utf8_unicode_ci;

-- --------------------------------------------------------

--
-- Estructura de tabla para la tabla `kuma_video_page_parts`
--

CREATE TABLE IF NOT EXISTS `kuma_video_page_parts` (
  `id` bigint(20) NOT NULL AUTO_INCREMENT,
  `media_id` bigint(20) DEFAULT NULL,
  PRIMARY KEY (`id`),
  KEY `IDX_23FF1D35EA9FDD75` (`media_id`)
) ENGINE=InnoDB DEFAULT CHARSET=utf8 COLLATE=utf8_unicode_ci AUTO_INCREMENT=1 ;

-- --------------------------------------------------------

--
-- Estructura de tabla para la tabla `lexik_email`
--

CREATE TABLE IF NOT EXISTS `lexik_email` (
  `id` int(11) NOT NULL AUTO_INCREMENT,
  `layout_id` int(11) DEFAULT NULL,
  `reference` varchar(255) COLLATE utf8_unicode_ci NOT NULL,
  `description` varchar(255) COLLATE utf8_unicode_ci DEFAULT NULL,
  `bcc` varchar(255) COLLATE utf8_unicode_ci DEFAULT NULL,
  `spool` tinyint(1) NOT NULL,
  PRIMARY KEY (`id`),
  UNIQUE KEY `UNIQ_D781892EAEA34913` (`reference`),
  KEY `IDX_D781892E8C22AA1A` (`layout_id`)
) ENGINE=InnoDB  DEFAULT CHARSET=utf8 COLLATE=utf8_unicode_ci AUTO_INCREMENT=3 ;

--
-- Volcado de datos para la tabla `lexik_email`
--

INSERT INTO `lexik_email` (`id`, `layout_id`, `reference`, `description`, `bcc`, `spool`) VALUES
(1, 1, 'contact-hash', 'Email de peticion de contacto por hash', NULL, 0),
(2, 1, 'notification-hash', 'Recepción de notificación', NULL, 0);

-- --------------------------------------------------------

--
-- Estructura de tabla para la tabla `lexik_email_translation`
--

CREATE TABLE IF NOT EXISTS `lexik_email_translation` (
  `id` int(11) NOT NULL AUTO_INCREMENT,
  `email_id` int(11) DEFAULT NULL,
  `lang` varchar(2) COLLATE utf8_unicode_ci NOT NULL,
  `subject` varchar(255) COLLATE utf8_unicode_ci NOT NULL,
  `body` longtext COLLATE utf8_unicode_ci NOT NULL,
  `body_text` longtext COLLATE utf8_unicode_ci,
  `from_address` varchar(255) COLLATE utf8_unicode_ci DEFAULT NULL,
  `from_name` varchar(255) COLLATE utf8_unicode_ci DEFAULT NULL,
  `created_at` datetime DEFAULT NULL,
  `updated_at` datetime DEFAULT NULL,
  PRIMARY KEY (`id`),
  KEY `IDX_6ED9BAA2A832C1C9` (`email_id`)
) ENGINE=InnoDB  DEFAULT CHARSET=utf8 COLLATE=utf8_unicode_ci AUTO_INCREMENT=3 ;

--
-- Volcado de datos para la tabla `lexik_email_translation`
--

INSERT INTO `lexik_email_translation` (`id`, `email_id`, `lang`, `subject`, `body`, `body_text`, `from_address`, `from_name`, `created_at`, `updated_at`) VALUES
(1, 1, 'es', '[Taskul.net] Solicitud de contacto', 'Ha recibido una solicitud de contacto enviada por: {{ from.firstname }} {{ from.lastname }} con el siguiente mensaje:\r\n\r\n<blockquote>\r\n{{ message|raw }}\r\n</blockquote>\r\n\r\nPara activarla <a href="{{ url(''frequest_register'',{''hash'': hash}) }}">pulse aqui.</a>', 'Ha recibido una solicitud de contacto enviada por: {{ from.firstname }} {{ from.lastname }} con el siguiente mensaje:\r\n\r\n{{ message|striptags }}\r\n\r\nPara activarla siga el siguiente enlace: url(''frequest_register'',{''hash'': hash}) }}.', NULL, 'Taskul Net', '2013-06-26 19:18:04', '2013-07-01 19:09:52'),
(2, 2, 'es', '[Taskul.net] Tiene notificaciones pendientes', 'Tiene notificaciones pendientes en su cuenta acceda <a href="{{ url(''homepage'') }}">haciendo clíck aquí</a> para revisarlas.', 'Tiene notificaciones pendientes en su cuenta acceda siguiendo este enlace: {{ url(''homepage'') }} para revisarlas.', NULL, 'Taskul Net', '2013-07-01 18:58:38', '2013-07-01 19:15:03');

-- --------------------------------------------------------

--
-- Estructura de tabla para la tabla `lexik_layout`
--

CREATE TABLE IF NOT EXISTS `lexik_layout` (
  `id` int(11) NOT NULL AUTO_INCREMENT,
  `reference` varchar(255) COLLATE utf8_unicode_ci NOT NULL,
  `description` varchar(255) COLLATE utf8_unicode_ci DEFAULT NULL,
  PRIMARY KEY (`id`),
  UNIQUE KEY `UNIQ_B1B4C0FDAEA34913` (`reference`)
) ENGINE=InnoDB  DEFAULT CHARSET=utf8 COLLATE=utf8_unicode_ci AUTO_INCREMENT=2 ;

--
-- Volcado de datos para la tabla `lexik_layout`
--

INSERT INTO `lexik_layout` (`id`, `reference`, `description`) VALUES
(1, 'super-layout', 'Super Base');

-- --------------------------------------------------------

--
-- Estructura de tabla para la tabla `lexik_layout_translation`
--

CREATE TABLE IF NOT EXISTS `lexik_layout_translation` (
  `id` int(11) NOT NULL AUTO_INCREMENT,
  `layout_id` int(11) DEFAULT NULL,
  `lang` varchar(2) COLLATE utf8_unicode_ci NOT NULL,
  `body` longtext COLLATE utf8_unicode_ci NOT NULL,
  `created_at` datetime DEFAULT NULL,
  `updated_at` datetime DEFAULT NULL,
  PRIMARY KEY (`id`),
  KEY `IDX_495DCB868C22AA1A` (`layout_id`)
) ENGINE=InnoDB  DEFAULT CHARSET=utf8 COLLATE=utf8_unicode_ci AUTO_INCREMENT=2 ;

--
-- Volcado de datos para la tabla `lexik_layout_translation`
--

INSERT INTO `lexik_layout_translation` (`id`, `layout_id`, `lang`, `body`, `created_at`, `updated_at`) VALUES
(1, 1, 'es', '<!doctype html>\r\n<html xmlns="http://www.w3.org/1999/xhtml">\r\n<head>\r\n\r\n<meta http-equiv="Content-Type" content="text/html; charset=UTF-8" />\r\n\r\n<title>Responsive Email Template</title>\r\n                                                                                                                                                                                                                                                                                                                                                                                                        \r\n<style type="text/css">\r\n	.ReadMsgBody {width: 100%; background-color: #ffffff;}\r\n	.ExternalClass {width: 100%; background-color: #ffffff;}\r\n	body	 {width: 100%; background-color: #ffffff; margin:0; padding:0; -webkit-font-smoothing: antialiased;font-family: Georgia, Times, serif}\r\n	table {border-collapse: collapse;}\r\n	\r\n	@media only screen and (max-width: 640px)  {\r\n					body[yahoo] .deviceWidth {width:440px!important; padding:0 4px;}	\r\n					body[yahoo] .center {text-align: center!important;}	 \r\n			}\r\n			\r\n	@media only screen and (max-width: 479px) {\r\n					body[yahoo] .deviceWidth {width:280px!important; padding:0 4px;}	\r\n					body[yahoo] .center {text-align: center!important;}	 \r\n			}\r\n\r\n</style>\r\n</head>\r\n\r\n<body leftmargin="0" topmargin="0" marginwidth="0" marginheight="0" yahoo="fix" style="font-family: Georgia, Times, serif">\r\n\r\n<!-- Wrapper -->\r\n<table width="100%" border="0" cellpadding="0" cellspacing="0" align="center">\r\n	<tr>\r\n		<td width="100%" valign="top" bgcolor="#ffffff" style="padding-top:20px">\r\n		\r\n			<!-- Start Header-->\r\n			<table width="580" border="0" cellpadding="0" cellspacing="0" align="center" class="deviceWidth">\r\n				<tr>\r\n					<td width="100%" bgcolor="#ffffff">\r\n\r\n                            <!-- Logo -->\r\n                            <table border="0" cellpadding="0" cellspacing="0" align="left" class="deviceWidth">\r\n                                <tr>\r\n                                    <td style="padding:10px 20px" class="center">\r\n                                        <a href="#"><img src="http://www.emailonacid.com/images/blog_images/emailology/2013/logo2.jpg" alt="" border="0" /></a>\r\n                                    </td>\r\n                                </tr>\r\n                            </table><!-- End Logo -->\r\n                            \r\n                            <!-- Nav -->\r\n                            <table border="0" cellpadding="0" cellspacing="0" align="right" class="deviceWidth">\r\n                                <tr>\r\n                                    <td class="center" style="font-size: 13px; color: #272727; font-weight: light; text-align: right; font-family: Georgia, Times, serif; line-height: 20px; vertical-align: middle; padding:10px 20px; font-style:italic">\r\n                                        <a href="#" style="text-decoration: none; color: #3b3b3b;">Products</a>\r\n                                        &nbsp;&nbsp;&nbsp;\r\n                                        <a href="#" style="text-decoration: none; color: #3b3b3b;">Services</a>\r\n                                        &nbsp;&nbsp;&nbsp;\r\n                                        <a href="#" style="text-decoration: none; color: #3b3b3b;">Pricing</a>\r\n                                        &nbsp;&nbsp;&nbsp;\r\n                                        <a href="#" style="text-decoration: none; color: #3b3b3b;">Contact</a>\r\n                                    </td>\r\n                                </tr>\r\n                            </table><!-- End Nav -->\r\n\r\n					</td>\r\n				</tr>\r\n			</table><!-- End Header -->\r\n			\r\n			<!-- One Column -->\r\n			<table width="580"  class="deviceWidth" border="0" cellpadding="0" cellspacing="0" align="center" bgcolor="#eeeeed">\r\n				<tr>\r\n					<td valign="top" style="padding:0" bgcolor="#ffffff">\r\n						<a href="#"><img  class="deviceWidth" src="http://www.emailonacid.com/images/blog_images/Emailology/2013/free_template_1/headliner.jpg" alt="" border="0" style="display: block; border-radius: 4px;" /></a>						\r\n					</td>\r\n				</tr>\r\n                <tr>\r\n                    <td style="font-size: 13px; color: #959595; font-weight: normal; text-align: left; font-family: Georgia, Times, serif; line-height: 24px; vertical-align: top; padding:0px 20px 20px 20px" bgcolor="#eeeeed">\r\n                        \r\n                        <table>\r\n                            <tr>\r\n                                <td valign="top" style="padding:0 10px 10px 0">\r\n                                    <img  src="http://www.emailonacid.com/images/blog_images/Emailology/2013/free_template_1/1.jpg" alt="" border="0" align="left" />\r\n                                </td>\r\n                                <td valign="middle" style="padding:0 10px 10px 0"><a href="#" style="text-decoration: none; color: #272727; font-size: 16px; color: #272727; font-weight: bold; font-family:Arial, sans-serif ">One Column</a>\r\n                                </td>\r\n                            </tr>\r\n                        </table>\r\n    {% block content %}{% endblock %}						\r\n                    </td>\r\n                </tr>              \r\n			</table><!-- End One Column -->\r\n<div style="height:15px">&nbsp;</div><!-- spacer -->\r\n			<!-- 4 Columns -->\r\n			<table width="580" border="0" cellpadding="0" cellspacing="0" align="center" class="deviceWidth" >\r\n				<tr>\r\n					<td bgcolor="#363636" style="padding:20px 20px 20px 15px">\r\n                        <table width="580" border="0" cellpadding="0" cellspacing="0" align="center" class="deviceWidth">\r\n                            <tr>\r\n                                <td>                    \r\n                                        <table width="45%" cellpadding="0" cellspacing="0"  border="0" align="left" class="deviceWidth">\r\n                                            <tr>\r\n                                                <td valign="top" style="font-size: 11px; color: #f1f1f1; color:#999; font-family: Arial, sans-serif; padding-bottom:20px" class="center">\r\n\r\n                                                    You are receiving this email because<br/>\r\n                                                    1.) You''re an awesome customer of "Company Name" or<br/>\r\n                                                    2.) You subscribed via <a href="" style="color:#999;text-decoration:underline;">our website</a><br/>\r\n                                                    \r\n                                                    <br/><br/>\r\n                                                    Want to be removed? No problem, <a href="" style="color:#999;text-decoration:underline;">click here</a> and we won''t bug you again.\r\n\r\n                                                </td>\r\n                                            </tr>\r\n                                        </table>\r\n                        \r\n                                        <table width="40%" cellpadding="0" cellspacing="0"  border="0" align="right" class="deviceWidth">\r\n                                            <tr>\r\n                                                <td valign="top" style="font-size: 11px; color: #f1f1f1; font-weight: normal; font-family: Georgia, Times, serif; line-height: 26px; vertical-align: top; text-align:right" class="center">\r\n\r\n                                                    <a href=""><img src="http://www.emailonacid.com/images/emails/5_13/footer_rss.gif" width="42" height="42" alt="RSS Feed" title="RSS Feed" border="0" /></a>\r\n\r\n                                                    <a href=""><img src="http://www.emailonacid.com/images/emails/5_13/footer_twitter.gif" width="42" height="42" alt="Twitter" title="Twitter" border="0" /></a>\r\n\r\n                                                    <a href=""><img src="http://www.emailonacid.com/images/emails/5_13/footer_vm.gif" width="42" height="42" alt="Vimeo" title="Vimeo" border="0" /></a>\r\n\r\n                                                    <a href=""><img src="http://www.emailonacid.com/images/emails/5_13/footer_fb.gif" width="42" height="42" alt="Facebook" title="Facebook" border="0" /></a>\r\n                                                    <br />\r\n\r\n                                                    <a href="#"><img src="http://www.emailonacid.com/images/blog_images/emailology/2013/footer_logo2.jpg" alt="" border="0" style="padding-top: 5px;" /></a><br/>\r\n                                                    <a href="#" style="text-decoration: none; color: #848484; font-weight: normal;">555-555-5555</a><br/>\r\n                                                    <a href="#" style="text-decoration: none; color: #848484; font-weight: normal;">email@email.com</a>\r\n                                                </td>\r\n                                            </tr>\r\n                                        </table>   \r\n                        \r\n                        		</td>\r\n                        	</tr>\r\n                        </table>                                                              		\r\n                    </td>\r\n                </tr>\r\n            </table><!-- End 4 Columns -->\r\n		</td>\r\n	</tr>\r\n</table> <!-- End Wrapper -->\r\n\r\n</body>\r\n</html>', '2013-06-25 22:12:47', '2013-06-25 22:12:47');

-- --------------------------------------------------------

--
-- Estructura de tabla para la tabla `message`
--

CREATE TABLE IF NOT EXISTS `message` (
  `id` int(11) NOT NULL AUTO_INCREMENT,
  `thread_id` int(11) DEFAULT NULL,
  `user_id` int(11) DEFAULT NULL,
  `body` longtext COLLATE utf8_unicode_ci NOT NULL,
  `created_at` datetime NOT NULL,
  PRIMARY KEY (`id`),
  KEY `IDX_B6BD307FE2904019` (`thread_id`),
  KEY `IDX_B6BD307FA76ED395` (`user_id`)
) ENGINE=InnoDB  DEFAULT CHARSET=utf8 COLLATE=utf8_unicode_ci AUTO_INCREMENT=5 ;

--
-- Volcado de datos para la tabla `message`
--

INSERT INTO `message` (`id`, `thread_id`, `user_id`, `body`, `created_at`) VALUES
(1, 1, 3, 'Alehoposppsps<br />', '2013-06-18 19:46:20'),
(2, 1, 3, 'Creoooo unosd<br>', '2013-06-18 19:58:12'),
(3, 1, 8, 'Lo respondodododo', '2013-06-18 19:58:55'),
(4, 2, 3, 'Otromassss<br />', '2013-06-18 19:59:32');

-- --------------------------------------------------------

--
-- Estructura de tabla para la tabla `message_message_metadata`
--

CREATE TABLE IF NOT EXISTS `message_message_metadata` (
  `id` int(11) NOT NULL AUTO_INCREMENT,
  `message_id` int(11) DEFAULT NULL,
  `participant_id` int(11) DEFAULT NULL,
  `is_read` tinyint(1) NOT NULL,
  PRIMARY KEY (`id`),
  KEY `IDX_1294FE72537A1329` (`message_id`),
  KEY `IDX_1294FE729D1C3019` (`participant_id`)
) ENGINE=InnoDB  DEFAULT CHARSET=utf8 COLLATE=utf8_unicode_ci AUTO_INCREMENT=9 ;

--
-- Volcado de datos para la tabla `message_message_metadata`
--

INSERT INTO `message_message_metadata` (`id`, `message_id`, `participant_id`, `is_read`) VALUES
(1, 1, 8, 1),
(2, 1, 3, 1),
(3, 2, 8, 1),
(4, 2, 3, 1),
(5, 3, 8, 1),
(6, 3, 3, 1),
(7, 4, 8, 1),
(8, 4, 3, 1);

-- --------------------------------------------------------

--
-- Estructura de tabla para la tabla `message_thread`
--

CREATE TABLE IF NOT EXISTS `message_thread` (
  `id` int(11) NOT NULL AUTO_INCREMENT,
  `subject` varchar(255) COLLATE utf8_unicode_ci NOT NULL,
  `createdAt` datetime NOT NULL,
  `isSpam` tinyint(1) NOT NULL,
  `createdBy_id` int(11) DEFAULT NULL,
  PRIMARY KEY (`id`),
  KEY `IDX_607D18C3174800F` (`createdBy_id`)
) ENGINE=InnoDB  DEFAULT CHARSET=utf8 COLLATE=utf8_unicode_ci AUTO_INCREMENT=3 ;

--
-- Volcado de datos para la tabla `message_thread`
--

INSERT INTO `message_thread` (`id`, `subject`, `createdAt`, `isSpam`, `createdBy_id`) VALUES
(1, 'Este es el asunto', '2013-06-18 19:46:20', 0, 3),
(2, 'dsadsdsad', '2013-06-18 19:59:32', 0, 3);

-- --------------------------------------------------------

--
-- Estructura de tabla para la tabla `message_thread_metadata`
--

CREATE TABLE IF NOT EXISTS `message_thread_metadata` (
  `id` int(11) NOT NULL AUTO_INCREMENT,
  `thread_id` int(11) DEFAULT NULL,
  `participant_id` int(11) DEFAULT NULL,
  `is_deleted` tinyint(1) NOT NULL,
  `last_participant_message_date` datetime DEFAULT NULL,
  `last_message_date` datetime DEFAULT NULL,
  PRIMARY KEY (`id`),
  KEY `IDX_38FC293EE2904019` (`thread_id`),
  KEY `IDX_38FC293E9D1C3019` (`participant_id`)
) ENGINE=InnoDB  DEFAULT CHARSET=utf8 COLLATE=utf8_unicode_ci AUTO_INCREMENT=5 ;

--
-- Volcado de datos para la tabla `message_thread_metadata`
--

INSERT INTO `message_thread_metadata` (`id`, `thread_id`, `participant_id`, `is_deleted`, `last_participant_message_date`, `last_message_date`) VALUES
(1, 1, 8, 1, '2013-06-18 19:58:55', '2013-06-18 19:58:12'),
(2, 1, 3, 0, '2013-06-18 19:58:12', '2013-06-18 19:58:55'),
(3, 2, 8, 1, NULL, '2013-06-18 19:59:32'),
(4, 2, 3, 0, '2013-06-18 19:59:32', NULL);

-- --------------------------------------------------------

--
-- Estructura de tabla para la tabla `revisions`
--

CREATE TABLE IF NOT EXISTS `revisions` (
  `id` int(11) NOT NULL AUTO_INCREMENT,
  `timestamp` datetime NOT NULL,
  `username` varchar(255) COLLATE utf8_unicode_ci NOT NULL,
  PRIMARY KEY (`id`)
) ENGINE=InnoDB  DEFAULT CHARSET=utf8 COLLATE=utf8_unicode_ci AUTO_INCREMENT=4 ;

--
-- Volcado de datos para la tabla `revisions`
--

INSERT INTO `revisions` (`id`, `timestamp`, `username`) VALUES
(1, '2013-07-12 21:43:04', ''),
(2, '2013-07-12 21:44:27', ''),
(3, '2013-07-12 21:44:41', '');

-- --------------------------------------------------------

--
-- Estructura de tabla para la tabla `spy_timeline`
--

CREATE TABLE IF NOT EXISTS `spy_timeline` (
  `id` int(11) NOT NULL AUTO_INCREMENT,
  `action_id` int(11) DEFAULT NULL,
  `subject_id` int(11) DEFAULT NULL,
  `context` varchar(255) COLLATE utf8_unicode_ci NOT NULL,
  `type` varchar(255) COLLATE utf8_unicode_ci NOT NULL,
  `created_at` datetime NOT NULL,
  PRIMARY KEY (`id`),
  KEY `IDX_5248FE629D32F035` (`action_id`),
  KEY `IDX_5248FE6223EDC87` (`subject_id`)
) ENGINE=InnoDB  DEFAULT CHARSET=utf8 COLLATE=utf8_unicode_ci AUTO_INCREMENT=2519 ;

--
-- Volcado de datos para la tabla `spy_timeline`
--

INSERT INTO `spy_timeline` (`id`, `action_id`, `subject_id`, `context`, `type`, `created_at`) VALUES
(1375, 309, 179, 'GLOBAL', 'timeline', '2013-06-16 22:05:32'),
(1376, 309, 179, 'TASK', 'timeline', '2013-06-16 22:05:32'),
(1379, 310, 179, 'GLOBAL', 'timeline', '2013-06-16 22:05:37'),
(1380, 310, 179, 'TASK', 'timeline', '2013-06-16 22:05:37'),
(1383, 311, 179, 'GLOBAL', 'timeline', '2013-06-16 22:08:59'),
(1384, 311, 179, 'TASK', 'timeline', '2013-06-16 22:08:59'),
(1387, 312, 179, 'GLOBAL', 'timeline', '2013-06-16 22:09:40'),
(1388, 312, 179, 'TASK', 'timeline', '2013-06-16 22:09:40'),
(1391, 313, 179, 'GLOBAL', 'timeline', '2013-06-17 21:13:59'),
(1392, 313, 179, 'COMMENT', 'timeline', '2013-06-17 21:13:59'),
(1393, 313, 179, 'GLOBAL', 'notification', '2013-06-17 21:13:59'),
(1394, 313, 179, 'COMMENT', 'notification', '2013-06-17 21:13:59'),
(1395, 314, 179, 'GLOBAL', 'timeline', '2013-06-17 21:27:07'),
(1396, 314, 179, 'TASK', 'timeline', '2013-06-17 21:27:07'),
(1399, 315, 179, 'GLOBAL', 'timeline', '2013-06-17 21:58:26'),
(1400, 315, 179, 'TASK', 'timeline', '2013-06-17 21:58:26'),
(1403, 316, 179, 'GLOBAL', 'timeline', '2013-06-17 21:58:31'),
(1404, 316, 179, 'TASK', 'timeline', '2013-06-17 21:58:31'),
(1407, 317, 179, 'GLOBAL', 'timeline', '2013-06-17 21:58:34'),
(1408, 317, 179, 'TASK', 'timeline', '2013-06-17 21:58:34'),
(1411, 318, 179, 'GLOBAL', 'timeline', '2013-06-17 21:58:38'),
(1412, 318, 179, 'TASK', 'timeline', '2013-06-17 21:58:38'),
(1415, 319, 179, 'GLOBAL', 'timeline', '2013-06-17 21:58:42'),
(1416, 319, 179, 'TASK', 'timeline', '2013-06-17 21:58:42'),
(1419, 320, 179, 'GLOBAL', 'timeline', '2013-06-17 21:58:46'),
(1420, 320, 179, 'TASK', 'timeline', '2013-06-17 21:58:46'),
(1423, 321, 179, 'GLOBAL', 'timeline', '2013-06-17 21:58:50'),
(1424, 321, 179, 'TASK', 'timeline', '2013-06-17 21:58:50'),
(1427, 322, 179, 'GLOBAL', 'timeline', '2013-06-17 21:58:53'),
(1428, 322, 179, 'TASK', 'timeline', '2013-06-17 21:58:53'),
(1429, 322, 179, 'GLOBAL', 'notification', '2013-06-17 21:58:53'),
(1431, 323, 179, 'GLOBAL', 'timeline', '2013-06-17 21:59:04'),
(1432, 323, 179, 'TASK', 'timeline', '2013-06-17 21:59:04'),
(1433, 324, 179, 'GLOBAL', 'timeline', '2013-06-18 08:43:25'),
(1434, 324, 179, 'TASK', 'timeline', '2013-06-18 08:43:25'),
(1435, 324, 179, 'GLOBAL', 'notification', '2013-06-18 08:43:25'),
(1436, 324, 179, 'TASK', 'notification', '2013-06-18 08:43:25'),
(1437, 325, 179, 'GLOBAL', 'timeline', '2013-06-18 08:43:27'),
(1438, 325, 179, 'TASK', 'timeline', '2013-06-18 08:43:27'),
(1441, 326, 179, 'GLOBAL', 'timeline', '2013-06-18 08:43:29'),
(1442, 326, 179, 'TASK', 'timeline', '2013-06-18 08:43:29'),
(1445, 327, 179, 'GLOBAL', 'timeline', '2013-06-18 09:16:58'),
(1446, 327, 179, 'TASK', 'timeline', '2013-06-18 09:16:58'),
(1449, 328, 179, 'GLOBAL', 'timeline', '2013-06-18 09:17:36'),
(1450, 328, 179, 'TASK', 'timeline', '2013-06-18 09:17:36'),
(1453, 329, 179, 'GLOBAL', 'timeline', '2013-06-18 09:22:48'),
(1454, 329, 179, 'TASK', 'timeline', '2013-06-18 09:22:48'),
(1457, 330, 179, 'GLOBAL', 'timeline', '2013-06-18 09:27:22'),
(1458, 330, 179, 'TASK', 'timeline', '2013-06-18 09:27:22'),
(1461, 331, 179, 'GLOBAL', 'timeline', '2013-06-18 09:28:59'),
(1462, 331, 179, 'TASK', 'timeline', '2013-06-18 09:28:59'),
(1465, 333, 179, 'GLOBAL', 'timeline', '2013-06-18 09:43:11'),
(1466, 333, 179, 'TASK', 'timeline', '2013-06-18 09:43:11'),
(1469, 334, 179, 'GLOBAL', 'timeline', '2013-06-18 09:43:19'),
(1470, 334, 179, 'TASK', 'timeline', '2013-06-18 09:43:19'),
(1473, 336, 179, 'GLOBAL', 'timeline', '2013-06-18 09:47:45'),
(1474, 336, 179, 'TASK', 'timeline', '2013-06-18 09:47:45'),
(1477, 337, 179, 'GLOBAL', 'timeline', '2013-06-18 09:48:14'),
(1478, 337, 179, 'TASK', 'timeline', '2013-06-18 09:48:14'),
(1481, 338, 179, 'GLOBAL', 'timeline', '2013-06-18 09:50:37'),
(1482, 338, 179, 'TASK', 'timeline', '2013-06-18 09:50:37'),
(1485, 339, 179, 'GLOBAL', 'timeline', '2013-06-18 09:50:44'),
(1486, 339, 179, 'TASK', 'timeline', '2013-06-18 09:50:44'),
(1489, 340, 179, 'GLOBAL', 'timeline', '2013-06-18 09:51:11'),
(1490, 340, 179, 'TASK', 'timeline', '2013-06-18 09:51:11'),
(1493, 341, 179, 'GLOBAL', 'timeline', '2013-06-18 09:51:35'),
(1494, 341, 179, 'TASK', 'timeline', '2013-06-18 09:51:35'),
(1497, 342, 179, 'GLOBAL', 'timeline', '2013-06-18 09:54:33'),
(1498, 342, 179, 'TASK', 'timeline', '2013-06-18 09:54:33'),
(1501, 343, 179, 'GLOBAL', 'timeline', '2013-06-18 09:54:53'),
(1502, 343, 179, 'TASK', 'timeline', '2013-06-18 09:54:53'),
(1505, 344, 179, 'GLOBAL', 'timeline', '2013-06-18 09:55:56'),
(1506, 344, 179, 'TASK', 'timeline', '2013-06-18 09:55:56'),
(1509, 345, 179, 'GLOBAL', 'timeline', '2013-06-18 09:56:50'),
(1510, 345, 179, 'GLOBAL', 'notification', '2013-06-18 09:56:50'),
(1511, 346, 179, 'GLOBAL', 'timeline', '2013-06-18 10:27:28'),
(1512, 346, 179, 'GLOBAL', 'notification', '2013-06-18 10:27:28'),
(1513, 347, 179, 'GLOBAL', 'timeline', '2013-06-18 10:27:56'),
(1514, 347, 179, 'GLOBAL', 'notification', '2013-06-18 10:27:56'),
(1515, 348, 179, 'GLOBAL', 'timeline', '2013-06-18 10:28:22'),
(1516, 348, 179, 'GLOBAL', 'notification', '2013-06-18 10:28:22'),
(1517, 349, 179, 'GLOBAL', 'timeline', '2013-06-18 10:30:31'),
(1518, 349, 179, 'GLOBAL', 'notification', '2013-06-18 10:30:31'),
(1519, 350, 179, 'GLOBAL', 'timeline', '2013-06-18 10:34:17'),
(1520, 350, 179, 'GLOBAL', 'notification', '2013-06-18 10:34:17'),
(1521, 351, 179, 'GLOBAL', 'timeline', '2013-06-18 10:37:22'),
(1522, 351, 179, 'GLOBAL', 'notification', '2013-06-18 10:37:22'),
(1523, 352, 179, 'GLOBAL', 'timeline', '2013-06-18 10:39:34'),
(1524, 352, 179, 'GLOBAL', 'notification', '2013-06-18 10:39:34'),
(1525, 353, 179, 'GLOBAL', 'timeline', '2013-06-18 10:43:38'),
(1526, 353, 179, 'GLOBAL', 'notification', '2013-06-18 10:43:38'),
(1527, 354, 179, 'GLOBAL', 'timeline', '2013-06-18 10:44:28'),
(1528, 354, 179, 'GLOBAL', 'notification', '2013-06-18 10:44:28'),
(1529, 355, 179, 'GLOBAL', 'timeline', '2013-06-18 10:46:01'),
(1530, 355, 179, 'GLOBAL', 'notification', '2013-06-18 10:46:01'),
(1531, 356, 179, 'GLOBAL', 'timeline', '2013-06-18 10:50:40'),
(1532, 356, 179, 'GLOBAL', 'notification', '2013-06-18 10:50:40'),
(1533, 357, 179, 'GLOBAL', 'timeline', '2013-06-18 10:52:23'),
(1534, 357, 179, 'GLOBAL', 'notification', '2013-06-18 10:52:23'),
(1535, 358, 179, 'GLOBAL', 'timeline', '2013-06-18 10:52:33'),
(1536, 358, 179, 'GLOBAL', 'notification', '2013-06-18 10:52:33'),
(1537, 359, 179, 'GLOBAL', 'timeline', '2013-06-18 11:22:19'),
(1538, 359, 179, 'GLOBAL', 'notification', '2013-06-18 11:22:19'),
(1539, 360, 179, 'GLOBAL', 'timeline', '2013-06-18 17:08:05'),
(1540, 360, 179, 'GLOBAL', 'notification', '2013-06-18 17:08:05'),
(1541, 361, 179, 'GLOBAL', 'timeline', '2013-06-18 17:22:54'),
(1542, 361, 179, 'GLOBAL', 'notification', '2013-06-18 17:22:54'),
(1543, 362, 179, 'GLOBAL', 'timeline', '2013-06-18 17:25:22'),
(1544, 362, 179, 'GLOBAL', 'notification', '2013-06-18 17:25:22'),
(1545, 363, 179, 'GLOBAL', 'timeline', '2013-06-18 17:27:19'),
(1546, 363, 179, 'GLOBAL', 'notification', '2013-06-18 17:27:19'),
(1547, 364, 179, 'GLOBAL', 'timeline', '2013-06-18 17:28:09'),
(1548, 364, 216, 'GLOBAL', 'timeline', '2013-06-18 17:28:09'),
(1549, 364, 216, 'FRIENDREQUEST', 'timeline', '2013-06-18 17:28:09'),
(1550, 364, 179, 'GLOBAL', 'notification', '2013-06-18 17:28:09'),
(1553, 365, 179, 'GLOBAL', 'timeline', '2013-06-18 18:40:58'),
(1554, 365, 216, 'GLOBAL', 'timeline', '2013-06-18 18:40:58'),
(1555, 365, 216, 'FRIENDREQUEST', 'timeline', '2013-06-18 18:40:58'),
(1556, 365, 179, 'GLOBAL', 'notification', '2013-06-18 18:40:58'),
(1559, 366, 179, 'GLOBAL', 'timeline', '2013-06-18 18:54:55'),
(1560, 366, 179, 'GLOBAL', 'notification', '2013-06-18 18:54:55'),
(1561, 367, 179, 'GLOBAL', 'timeline', '2013-06-18 18:55:25'),
(1562, 367, 179, 'GLOBAL', 'notification', '2013-06-18 18:55:25'),
(1563, 368, 179, 'GLOBAL', 'timeline', '2013-06-18 18:57:21'),
(1564, 368, 179, 'GLOBAL', 'notification', '2013-06-18 18:57:21'),
(1565, 369, 179, 'GLOBAL', 'timeline', '2013-06-18 18:58:18'),
(1566, 369, 179, 'GLOBAL', 'notification', '2013-06-18 18:58:18'),
(1567, 370, 179, 'GLOBAL', 'timeline', '2013-06-18 18:58:26'),
(1568, 370, 179, 'GLOBAL', 'notification', '2013-06-18 18:58:26'),
(1569, 371, 179, 'GLOBAL', 'timeline', '2013-06-18 18:59:27'),
(1570, 371, 179, 'GLOBAL', 'notification', '2013-06-18 18:59:27'),
(1571, 372, 179, 'GLOBAL', 'timeline', '2013-06-18 18:59:35'),
(1572, 372, 179, 'GLOBAL', 'notification', '2013-06-18 18:59:35'),
(1573, 373, 179, 'GLOBAL', 'timeline', '2013-06-18 19:01:29'),
(1574, 373, 179, 'GLOBAL', 'notification', '2013-06-18 19:01:29'),
(1575, 374, 179, 'GLOBAL', 'timeline', '2013-06-18 19:03:50'),
(1576, 374, 179, 'GLOBAL', 'notification', '2013-06-18 19:03:50'),
(1577, 375, 179, 'GLOBAL', 'timeline', '2013-06-18 19:27:02'),
(1578, 375, 179, 'GLOBAL', 'notification', '2013-06-18 19:27:02'),
(1579, 376, 179, 'GLOBAL', 'timeline', '2013-06-18 19:30:12'),
(1580, 376, 179, 'GLOBAL', 'notification', '2013-06-18 19:30:12'),
(1581, 377, 179, 'GLOBAL', 'timeline', '2013-06-18 19:46:21'),
(1582, 377, 216, 'GLOBAL', 'timeline', '2013-06-18 19:46:21'),
(1583, 377, 216, 'MESSAGE', 'timeline', '2013-06-18 19:46:21'),
(1584, 377, 179, 'GLOBAL', 'notification', '2013-06-18 19:46:21'),
(1585, 377, 216, 'GLOBAL', 'notification', '2013-06-18 19:46:21'),
(1586, 377, 216, 'MESSAGE', 'notification', '2013-06-18 19:46:21'),
(1587, 378, 179, 'GLOBAL', 'timeline', '2013-06-18 19:46:21'),
(1588, 378, 179, 'MESSAGE', 'timeline', '2013-06-18 19:46:21'),
(1589, 378, 179, 'GLOBAL', 'notification', '2013-06-18 19:46:21'),
(1590, 378, 179, 'MESSAGE', 'notification', '2013-06-18 19:46:21'),
(1591, 379, 179, 'GLOBAL', 'timeline', '2013-06-18 19:59:32'),
(1592, 379, 216, 'GLOBAL', 'timeline', '2013-06-18 19:59:32'),
(1593, 379, 216, 'MESSAGE', 'timeline', '2013-06-18 19:59:32'),
(1594, 379, 179, 'GLOBAL', 'notification', '2013-06-18 19:59:32'),
(1595, 379, 216, 'GLOBAL', 'notification', '2013-06-18 19:59:32'),
(1596, 379, 216, 'MESSAGE', 'notification', '2013-06-18 19:59:32'),
(1597, 380, 179, 'GLOBAL', 'timeline', '2013-06-18 19:59:33'),
(1598, 380, 179, 'MESSAGE', 'timeline', '2013-06-18 19:59:33'),
(1599, 380, 179, 'GLOBAL', 'notification', '2013-06-18 19:59:33'),
(1600, 380, 179, 'MESSAGE', 'notification', '2013-06-18 19:59:33'),
(1601, 381, 179, 'GLOBAL', 'timeline', '2013-06-19 21:46:42'),
(1602, 381, 216, 'GLOBAL', 'timeline', '2013-06-19 21:46:42'),
(1603, 381, 216, 'FRIENDREQUEST', 'timeline', '2013-06-19 21:46:42'),
(1604, 381, 179, 'GLOBAL', 'notification', '2013-06-19 21:46:42'),
(1605, 381, 216, 'GLOBAL', 'notification', '2013-06-19 21:46:42'),
(1606, 381, 216, 'FRIENDREQUEST', 'notification', '2013-06-19 21:46:42'),
(1607, 382, 179, 'GLOBAL', 'timeline', '2013-06-19 21:48:34'),
(1608, 382, 216, 'GLOBAL', 'timeline', '2013-06-19 21:48:34'),
(1609, 382, 216, 'FRIENDREQUEST', 'timeline', '2013-06-19 21:48:34'),
(1610, 382, 179, 'GLOBAL', 'notification', '2013-06-19 21:48:34'),
(1611, 382, 216, 'GLOBAL', 'notification', '2013-06-19 21:48:34'),
(1612, 382, 216, 'FRIENDREQUEST', 'notification', '2013-06-19 21:48:34'),
(1613, 383, 179, 'GLOBAL', 'timeline', '2013-06-19 21:51:00'),
(1614, 383, 216, 'GLOBAL', 'timeline', '2013-06-19 21:51:00'),
(1615, 383, 216, 'FRIENDREQUEST', 'timeline', '2013-06-19 21:51:00'),
(1616, 383, 179, 'GLOBAL', 'notification', '2013-06-19 21:51:00'),
(1617, 383, 216, 'GLOBAL', 'notification', '2013-06-19 21:51:00'),
(1618, 383, 216, 'FRIENDREQUEST', 'notification', '2013-06-19 21:51:00'),
(1619, 384, 179, 'GLOBAL', 'timeline', '2013-06-19 21:53:18'),
(1620, 384, 216, 'GLOBAL', 'timeline', '2013-06-19 21:53:18'),
(1621, 384, 216, 'FRIENDREQUEST', 'timeline', '2013-06-19 21:53:18'),
(1622, 384, 179, 'GLOBAL', 'notification', '2013-06-19 21:53:18'),
(1623, 384, 216, 'GLOBAL', 'notification', '2013-06-19 21:53:18'),
(1624, 384, 216, 'FRIENDREQUEST', 'notification', '2013-06-19 21:53:18'),
(1625, 385, 179, 'GLOBAL', 'timeline', '2013-06-19 21:54:19'),
(1626, 385, 216, 'GLOBAL', 'timeline', '2013-06-19 21:54:19'),
(1627, 385, 216, 'FRIENDREQUEST', 'timeline', '2013-06-19 21:54:19'),
(1628, 385, 179, 'GLOBAL', 'notification', '2013-06-19 21:54:19'),
(1629, 385, 216, 'GLOBAL', 'notification', '2013-06-19 21:54:19'),
(1630, 385, 216, 'FRIENDREQUEST', 'notification', '2013-06-19 21:54:19'),
(1631, 386, 179, 'GLOBAL', 'timeline', '2013-06-19 21:54:50'),
(1632, 386, 216, 'GLOBAL', 'timeline', '2013-06-19 21:54:50'),
(1633, 386, 216, 'FRIENDREQUEST', 'timeline', '2013-06-19 21:54:50'),
(1634, 386, 179, 'GLOBAL', 'notification', '2013-06-19 21:54:50'),
(1637, 387, 179, 'GLOBAL', 'timeline', '2013-06-19 22:03:43'),
(1638, 387, 216, 'GLOBAL', 'timeline', '2013-06-19 22:03:43'),
(1639, 387, 216, 'FRIENDREQUEST', 'timeline', '2013-06-19 22:03:43'),
(1640, 387, 179, 'GLOBAL', 'notification', '2013-06-19 22:03:43'),
(1641, 387, 216, 'GLOBAL', 'notification', '2013-06-19 22:03:43'),
(1642, 387, 216, 'FRIENDREQUEST', 'notification', '2013-06-19 22:03:43'),
(1643, 388, 179, 'GLOBAL', 'timeline', '2013-06-19 22:03:49'),
(1644, 388, 216, 'GLOBAL', 'timeline', '2013-06-19 22:03:49'),
(1645, 388, 216, 'FRIENDREQUEST', 'timeline', '2013-06-19 22:03:49'),
(1646, 388, 179, 'GLOBAL', 'notification', '2013-06-19 22:03:49'),
(1647, 388, 216, 'GLOBAL', 'notification', '2013-06-19 22:03:49'),
(1648, 388, 216, 'FRIENDREQUEST', 'notification', '2013-06-19 22:03:49'),
(1649, 389, 179, 'GLOBAL', 'timeline', '2013-06-19 22:04:14'),
(1650, 389, 216, 'GLOBAL', 'timeline', '2013-06-19 22:04:14'),
(1651, 389, 216, 'FRIENDREQUEST', 'timeline', '2013-06-19 22:04:14'),
(1652, 389, 179, 'GLOBAL', 'notification', '2013-06-19 22:04:14'),
(1653, 389, 216, 'GLOBAL', 'notification', '2013-06-19 22:04:14'),
(1654, 389, 216, 'FRIENDREQUEST', 'notification', '2013-06-19 22:04:14'),
(1655, 390, 179, 'GLOBAL', 'timeline', '2013-06-20 21:39:45'),
(1656, 390, 179, 'GLOBAL', 'notification', '2013-06-20 21:39:45'),
(1657, 391, 179, 'GLOBAL', 'timeline', '2013-06-20 21:40:07'),
(1658, 391, 179, 'GLOBAL', 'notification', '2013-06-20 21:40:07'),
(1659, 392, 179, 'GLOBAL', 'timeline', '2013-06-20 21:40:07'),
(1660, 392, 179, 'GLOBAL', 'notification', '2013-06-20 21:40:07'),
(1661, 393, 179, 'GLOBAL', 'timeline', '2013-06-20 21:40:24'),
(1662, 393, 179, 'GLOBAL', 'notification', '2013-06-20 21:40:24'),
(1663, 394, 179, 'GLOBAL', 'timeline', '2013-06-20 21:40:24'),
(1664, 394, 179, 'GLOBAL', 'notification', '2013-06-20 21:40:24'),
(1665, 395, 179, 'GLOBAL', 'timeline', '2013-06-20 21:40:58'),
(1666, 395, 179, 'GLOBAL', 'notification', '2013-06-20 21:40:58'),
(1667, 396, 179, 'GLOBAL', 'timeline', '2013-06-20 21:41:36'),
(1668, 396, 179, 'GLOBAL', 'notification', '2013-06-20 21:41:36'),
(1669, 397, 179, 'GLOBAL', 'timeline', '2013-06-20 21:41:36'),
(1670, 397, 179, 'GLOBAL', 'notification', '2013-06-20 21:41:36'),
(1671, 398, 179, 'GLOBAL', 'timeline', '2013-06-20 21:41:52'),
(1672, 398, 179, 'GLOBAL', 'notification', '2013-06-20 21:41:52'),
(1673, 399, 179, 'GLOBAL', 'timeline', '2013-06-20 21:41:53'),
(1674, 399, 179, 'GLOBAL', 'notification', '2013-06-20 21:41:53'),
(1675, 400, 179, 'GLOBAL', 'timeline', '2013-06-20 21:42:26'),
(1676, 400, 179, 'GLOBAL', 'notification', '2013-06-20 21:42:26'),
(1677, 401, 179, 'GLOBAL', 'timeline', '2013-06-20 21:43:58'),
(1678, 401, 179, 'GLOBAL', 'notification', '2013-06-20 21:43:58'),
(1679, 402, 179, 'GLOBAL', 'timeline', '2013-06-20 21:44:51'),
(1680, 402, 179, 'GLOBAL', 'notification', '2013-06-20 21:44:51'),
(1681, 403, 179, 'GLOBAL', 'timeline', '2013-06-20 21:45:46'),
(1682, 403, 179, 'GLOBAL', 'notification', '2013-06-20 21:45:46'),
(1683, 404, 179, 'GLOBAL', 'timeline', '2013-06-20 21:46:31'),
(1684, 404, 179, 'GLOBAL', 'notification', '2013-06-20 21:46:31'),
(1685, 405, 179, 'GLOBAL', 'timeline', '2013-06-26 18:53:49'),
(1686, 405, 179, 'GLOBAL', 'notification', '2013-06-26 18:53:49'),
(1687, 406, 263, 'GLOBAL', 'timeline', '2013-06-26 21:50:49'),
(1688, 406, 265, 'GLOBAL', 'timeline', '2013-06-26 21:50:49'),
(1689, 406, 265, 'FRIENDREQUEST', 'timeline', '2013-06-26 21:50:49'),
(1690, 406, 263, 'GLOBAL', 'notification', '2013-06-26 21:50:49'),
(1691, 406, 265, 'GLOBAL', 'notification', '2013-06-26 21:50:49'),
(1692, 406, 265, 'FRIENDREQUEST', 'notification', '2013-06-26 21:50:49'),
(1693, 407, 179, 'GLOBAL', 'timeline', '2013-07-01 18:15:13'),
(1694, 407, 179, 'GLOBAL', 'notification', '2013-07-01 18:15:13'),
(1695, 408, 179, 'GLOBAL', 'timeline', '2013-07-01 18:16:13'),
(1696, 408, 179, 'GLOBAL', 'notification', '2013-07-01 18:16:13'),
(1697, 409, 179, 'GLOBAL', 'timeline', '2013-07-01 18:25:57'),
(1698, 409, 179, 'GLOBAL', 'notification', '2013-07-01 18:25:57'),
(1699, 410, 179, 'GLOBAL', 'timeline', '2013-07-01 18:27:48'),
(1700, 410, 179, 'GLOBAL', 'notification', '2013-07-01 18:27:48'),
(1701, 411, 179, 'GLOBAL', 'timeline', '2013-07-01 18:43:48'),
(1702, 411, 179, 'GLOBAL', 'notification', '2013-07-01 18:43:48'),
(1703, 412, 263, 'GLOBAL', 'timeline', '2013-07-01 19:20:20'),
(1704, 412, 271, 'GLOBAL', 'timeline', '2013-07-01 19:20:20'),
(1705, 412, 271, 'FRIENDREQUEST', 'timeline', '2013-07-01 19:20:20'),
(1706, 412, 263, 'GLOBAL', 'notification', '2013-07-01 19:20:20'),
(1707, 412, 271, 'GLOBAL', 'notification', '2013-07-01 19:20:20'),
(1708, 412, 271, 'FRIENDREQUEST', 'notification', '2013-07-01 19:20:20'),
(1709, 413, 179, 'GLOBAL', 'timeline', '2013-07-01 19:30:17'),
(1710, 413, 271, 'GLOBAL', 'timeline', '2013-07-01 19:30:17'),
(1711, 413, 271, 'TASK', 'timeline', '2013-07-01 19:30:17'),
(1712, 413, 179, 'GLOBAL', 'notification', '2013-07-01 19:30:17'),
(1713, 413, 271, 'GLOBAL', 'notification', '2013-07-01 19:30:17'),
(1714, 413, 271, 'TASK', 'notification', '2013-07-01 19:30:17'),
(1715, 414, 179, 'GLOBAL', 'timeline', '2013-07-01 19:30:27'),
(1716, 414, 271, 'GLOBAL', 'timeline', '2013-07-01 19:30:27'),
(1717, 414, 271, 'TASK', 'timeline', '2013-07-01 19:30:27'),
(1718, 414, 179, 'GLOBAL', 'notification', '2013-07-01 19:30:27'),
(1719, 414, 271, 'GLOBAL', 'notification', '2013-07-01 19:30:27'),
(1720, 414, 271, 'TASK', 'notification', '2013-07-01 19:30:27'),
(1721, 415, 179, 'GLOBAL', 'timeline', '2013-07-01 19:30:27'),
(1722, 415, 271, 'GLOBAL', 'timeline', '2013-07-01 19:30:27'),
(1723, 415, 271, 'TASK', 'timeline', '2013-07-01 19:30:27'),
(1724, 415, 179, 'GLOBAL', 'notification', '2013-07-01 19:30:27'),
(1725, 415, 271, 'GLOBAL', 'notification', '2013-07-01 19:30:27'),
(1726, 415, 271, 'TASK', 'notification', '2013-07-01 19:30:27'),
(1727, 416, 179, 'GLOBAL', 'timeline', '2013-07-01 19:32:46'),
(1728, 416, 271, 'GLOBAL', 'timeline', '2013-07-01 19:32:46'),
(1729, 416, 271, 'TASK', 'timeline', '2013-07-01 19:32:46'),
(1730, 416, 179, 'GLOBAL', 'notification', '2013-07-01 19:32:46'),
(1731, 416, 271, 'GLOBAL', 'notification', '2013-07-01 19:32:46'),
(1732, 416, 271, 'TASK', 'notification', '2013-07-01 19:32:46'),
(1733, 417, 179, 'GLOBAL', 'timeline', '2013-07-01 19:32:47'),
(1734, 417, 271, 'GLOBAL', 'timeline', '2013-07-01 19:32:47'),
(1735, 417, 271, 'TASK', 'timeline', '2013-07-01 19:32:47'),
(1736, 417, 179, 'GLOBAL', 'notification', '2013-07-01 19:32:47'),
(1737, 417, 271, 'GLOBAL', 'notification', '2013-07-01 19:32:47'),
(1738, 417, 271, 'TASK', 'notification', '2013-07-01 19:32:47'),
(1739, 418, 179, 'GLOBAL', 'timeline', '2013-07-01 19:35:48'),
(1740, 418, 271, 'GLOBAL', 'timeline', '2013-07-01 19:35:48'),
(1741, 418, 271, 'TASK', 'timeline', '2013-07-01 19:35:48'),
(1742, 418, 179, 'GLOBAL', 'notification', '2013-07-01 19:35:48'),
(1743, 418, 271, 'GLOBAL', 'notification', '2013-07-01 19:35:48'),
(1744, 418, 271, 'TASK', 'notification', '2013-07-01 19:35:48'),
(1745, 419, 179, 'GLOBAL', 'timeline', '2013-07-01 19:35:48'),
(1746, 419, 271, 'GLOBAL', 'timeline', '2013-07-01 19:35:48'),
(1747, 419, 271, 'TASK', 'timeline', '2013-07-01 19:35:48'),
(1748, 419, 179, 'GLOBAL', 'notification', '2013-07-01 19:35:48'),
(1749, 419, 271, 'GLOBAL', 'notification', '2013-07-01 19:35:48'),
(1750, 419, 271, 'TASK', 'notification', '2013-07-01 19:35:48'),
(1751, 420, 179, 'GLOBAL', 'timeline', '2013-07-01 19:36:49'),
(1752, 420, 256, 'GLOBAL', 'timeline', '2013-07-01 19:36:49'),
(1753, 420, 256, 'FRIENDREQUEST', 'timeline', '2013-07-01 19:36:49'),
(1754, 420, 179, 'GLOBAL', 'notification', '2013-07-01 19:36:49'),
(1755, 420, 256, 'GLOBAL', 'notification', '2013-07-01 19:36:49'),
(1756, 420, 256, 'FRIENDREQUEST', 'notification', '2013-07-01 19:36:49'),
(1757, 421, 179, 'GLOBAL', 'timeline', '2013-07-01 19:37:47'),
(1758, 421, 271, 'GLOBAL', 'timeline', '2013-07-01 19:37:47'),
(1759, 421, 271, 'TASK', 'timeline', '2013-07-01 19:37:47'),
(1760, 421, 179, 'GLOBAL', 'notification', '2013-07-01 19:37:47'),
(1761, 421, 271, 'GLOBAL', 'notification', '2013-07-01 19:37:47'),
(1762, 421, 271, 'TASK', 'notification', '2013-07-01 19:37:47'),
(1763, 422, 179, 'GLOBAL', 'timeline', '2013-07-01 19:38:01'),
(1764, 422, 271, 'GLOBAL', 'timeline', '2013-07-01 19:38:01'),
(1765, 422, 271, 'TASK', 'timeline', '2013-07-01 19:38:01'),
(1766, 422, 179, 'GLOBAL', 'notification', '2013-07-01 19:38:01'),
(1767, 422, 271, 'GLOBAL', 'notification', '2013-07-01 19:38:01'),
(1768, 422, 271, 'TASK', 'notification', '2013-07-01 19:38:01'),
(1769, 423, 179, 'GLOBAL', 'timeline', '2013-07-01 19:38:02'),
(1770, 423, 271, 'GLOBAL', 'timeline', '2013-07-01 19:38:02'),
(1771, 423, 271, 'TASK', 'timeline', '2013-07-01 19:38:02'),
(1772, 423, 179, 'GLOBAL', 'notification', '2013-07-01 19:38:02'),
(1773, 423, 271, 'GLOBAL', 'notification', '2013-07-01 19:38:02'),
(1774, 423, 271, 'TASK', 'notification', '2013-07-01 19:38:02'),
(1775, 426, 179, 'GLOBAL', 'timeline', '2013-07-01 19:47:01'),
(1776, 426, 271, 'GLOBAL', 'timeline', '2013-07-01 19:47:01'),
(1777, 426, 271, 'TASK', 'timeline', '2013-07-01 19:47:01'),
(1778, 426, 179, 'GLOBAL', 'notification', '2013-07-01 19:47:01'),
(1779, 426, 271, 'GLOBAL', 'notification', '2013-07-01 19:47:01'),
(1780, 426, 271, 'TASK', 'notification', '2013-07-01 19:47:01'),
(1781, 427, 179, 'GLOBAL', 'timeline', '2013-07-01 19:47:04'),
(1782, 427, 271, 'GLOBAL', 'timeline', '2013-07-01 19:47:04'),
(1783, 427, 271, 'TASK', 'timeline', '2013-07-01 19:47:04'),
(1784, 427, 179, 'GLOBAL', 'notification', '2013-07-01 19:47:04'),
(1785, 427, 271, 'GLOBAL', 'notification', '2013-07-01 19:47:04'),
(1786, 427, 271, 'TASK', 'notification', '2013-07-01 19:47:04'),
(1787, 428, 179, 'GLOBAL', 'timeline', '2013-07-01 19:58:30'),
(1788, 428, 179, 'GLOBAL', 'notification', '2013-07-01 19:58:30'),
(1789, 429, 179, 'GLOBAL', 'timeline', '2013-07-01 19:58:41'),
(1790, 429, 179, 'GLOBAL', 'notification', '2013-07-01 19:58:41'),
(1791, 430, 179, 'GLOBAL', 'timeline', '2013-07-01 19:58:54'),
(1792, 430, 271, 'GLOBAL', 'timeline', '2013-07-01 19:58:54'),
(1793, 430, 271, 'TASK', 'timeline', '2013-07-01 19:58:54'),
(1794, 430, 179, 'GLOBAL', 'notification', '2013-07-01 19:58:54'),
(1795, 430, 271, 'GLOBAL', 'notification', '2013-07-01 19:58:54'),
(1796, 430, 271, 'TASK', 'notification', '2013-07-01 19:58:54'),
(1797, 431, 179, 'GLOBAL', 'timeline', '2013-07-01 19:58:57'),
(1798, 431, 271, 'GLOBAL', 'timeline', '2013-07-01 19:58:57'),
(1799, 431, 271, 'TASK', 'timeline', '2013-07-01 19:58:57'),
(1800, 431, 179, 'GLOBAL', 'notification', '2013-07-01 19:58:57'),
(1801, 431, 271, 'GLOBAL', 'notification', '2013-07-01 19:58:57'),
(1802, 431, 271, 'TASK', 'notification', '2013-07-01 19:58:57'),
(1803, 432, 179, 'GLOBAL', 'timeline', '2013-07-01 19:59:14'),
(1804, 432, 271, 'GLOBAL', 'timeline', '2013-07-01 19:59:14'),
(1805, 432, 271, 'TASK', 'timeline', '2013-07-01 19:59:14'),
(1806, 432, 179, 'GLOBAL', 'notification', '2013-07-01 19:59:14'),
(1807, 432, 271, 'GLOBAL', 'notification', '2013-07-01 19:59:14'),
(1808, 432, 271, 'TASK', 'notification', '2013-07-01 19:59:14'),
(1809, 433, 179, 'GLOBAL', 'timeline', '2013-07-01 19:59:19'),
(1810, 433, 271, 'GLOBAL', 'timeline', '2013-07-01 19:59:19'),
(1811, 433, 271, 'TASK', 'timeline', '2013-07-01 19:59:19'),
(1812, 433, 179, 'GLOBAL', 'notification', '2013-07-01 19:59:19'),
(1813, 433, 271, 'GLOBAL', 'notification', '2013-07-01 19:59:19'),
(1814, 433, 271, 'TASK', 'notification', '2013-07-01 19:59:19'),
(1815, 434, 179, 'GLOBAL', 'timeline', '2013-07-01 19:59:36'),
(1816, 434, 271, 'GLOBAL', 'timeline', '2013-07-01 19:59:36'),
(1817, 434, 271, 'TASK', 'timeline', '2013-07-01 19:59:36'),
(1818, 434, 179, 'GLOBAL', 'notification', '2013-07-01 19:59:36'),
(1819, 434, 271, 'GLOBAL', 'notification', '2013-07-01 19:59:36'),
(1820, 434, 271, 'TASK', 'notification', '2013-07-01 19:59:36'),
(1821, 435, 179, 'GLOBAL', 'timeline', '2013-07-01 19:59:40'),
(1822, 435, 271, 'GLOBAL', 'timeline', '2013-07-01 19:59:40'),
(1823, 435, 271, 'TASK', 'timeline', '2013-07-01 19:59:40'),
(1824, 435, 179, 'GLOBAL', 'notification', '2013-07-01 19:59:40'),
(1825, 435, 271, 'GLOBAL', 'notification', '2013-07-01 19:59:40'),
(1826, 435, 271, 'TASK', 'notification', '2013-07-01 19:59:40'),
(1827, 436, 179, 'GLOBAL', 'timeline', '2013-07-01 20:00:13'),
(1828, 436, 271, 'GLOBAL', 'timeline', '2013-07-01 20:00:13'),
(1829, 436, 271, 'TASK', 'timeline', '2013-07-01 20:00:13'),
(1830, 436, 179, 'GLOBAL', 'notification', '2013-07-01 20:00:13'),
(1831, 436, 271, 'GLOBAL', 'notification', '2013-07-01 20:00:13'),
(1832, 436, 271, 'TASK', 'notification', '2013-07-01 20:00:13'),
(1833, 437, 179, 'GLOBAL', 'timeline', '2013-07-01 20:00:58'),
(1834, 437, 271, 'GLOBAL', 'timeline', '2013-07-01 20:00:58'),
(1835, 437, 271, 'TASK', 'timeline', '2013-07-01 20:00:58'),
(1836, 437, 179, 'GLOBAL', 'notification', '2013-07-01 20:00:58'),
(1837, 437, 271, 'GLOBAL', 'notification', '2013-07-01 20:00:58'),
(1838, 437, 271, 'TASK', 'notification', '2013-07-01 20:00:58'),
(1839, 438, 179, 'GLOBAL', 'timeline', '2013-07-01 20:01:03'),
(1840, 438, 271, 'GLOBAL', 'timeline', '2013-07-01 20:01:03'),
(1841, 438, 271, 'TASK', 'timeline', '2013-07-01 20:01:03'),
(1842, 438, 179, 'GLOBAL', 'notification', '2013-07-01 20:01:03'),
(1843, 438, 271, 'GLOBAL', 'notification', '2013-07-01 20:01:03'),
(1844, 438, 271, 'TASK', 'notification', '2013-07-01 20:01:03'),
(1845, 439, 179, 'GLOBAL', 'timeline', '2013-07-01 20:01:32'),
(1846, 439, 271, 'GLOBAL', 'timeline', '2013-07-01 20:01:32'),
(1847, 439, 271, 'TASK', 'timeline', '2013-07-01 20:01:32'),
(1848, 439, 179, 'GLOBAL', 'notification', '2013-07-01 20:01:32'),
(1849, 439, 271, 'GLOBAL', 'notification', '2013-07-01 20:01:32'),
(1850, 439, 271, 'TASK', 'notification', '2013-07-01 20:01:32'),
(1851, 440, 179, 'GLOBAL', 'timeline', '2013-07-01 20:01:35'),
(1852, 440, 271, 'GLOBAL', 'timeline', '2013-07-01 20:01:35'),
(1853, 440, 271, 'TASK', 'timeline', '2013-07-01 20:01:35'),
(1854, 440, 179, 'GLOBAL', 'notification', '2013-07-01 20:01:35'),
(1855, 440, 271, 'GLOBAL', 'notification', '2013-07-01 20:01:35'),
(1856, 440, 271, 'TASK', 'notification', '2013-07-01 20:01:35'),
(1857, 441, 179, 'GLOBAL', 'timeline', '2013-07-01 20:03:24'),
(1858, 441, 271, 'GLOBAL', 'timeline', '2013-07-01 20:03:24'),
(1859, 441, 271, 'TASK', 'timeline', '2013-07-01 20:03:24'),
(1860, 441, 179, 'GLOBAL', 'notification', '2013-07-01 20:03:24'),
(1861, 441, 271, 'GLOBAL', 'notification', '2013-07-01 20:03:24'),
(1862, 441, 271, 'TASK', 'notification', '2013-07-01 20:03:24'),
(1863, 442, 179, 'GLOBAL', 'timeline', '2013-07-01 20:03:35'),
(1864, 442, 271, 'GLOBAL', 'timeline', '2013-07-01 20:03:35'),
(1865, 442, 271, 'TASK', 'timeline', '2013-07-01 20:03:35'),
(1866, 442, 179, 'GLOBAL', 'notification', '2013-07-01 20:03:35'),
(1867, 442, 271, 'GLOBAL', 'notification', '2013-07-01 20:03:35'),
(1868, 442, 271, 'TASK', 'notification', '2013-07-01 20:03:35'),
(1869, 443, 179, 'GLOBAL', 'timeline', '2013-07-01 20:04:03'),
(1870, 443, 271, 'GLOBAL', 'timeline', '2013-07-01 20:04:03'),
(1871, 443, 271, 'TASK', 'timeline', '2013-07-01 20:04:03'),
(1872, 443, 179, 'GLOBAL', 'notification', '2013-07-01 20:04:03'),
(1873, 443, 271, 'GLOBAL', 'notification', '2013-07-01 20:04:03'),
(1874, 443, 271, 'TASK', 'notification', '2013-07-01 20:04:03'),
(1875, 444, 179, 'GLOBAL', 'timeline', '2013-07-01 20:04:10'),
(1876, 444, 271, 'GLOBAL', 'timeline', '2013-07-01 20:04:10'),
(1877, 444, 271, 'TASK', 'timeline', '2013-07-01 20:04:10'),
(1878, 444, 179, 'GLOBAL', 'notification', '2013-07-01 20:04:10'),
(1879, 444, 271, 'GLOBAL', 'notification', '2013-07-01 20:04:10'),
(1880, 444, 271, 'TASK', 'notification', '2013-07-01 20:04:10'),
(1881, 445, 179, 'GLOBAL', 'timeline', '2013-07-01 20:07:26'),
(1882, 445, 271, 'GLOBAL', 'timeline', '2013-07-01 20:07:26'),
(1883, 445, 271, 'TASK', 'timeline', '2013-07-01 20:07:26'),
(1884, 445, 179, 'GLOBAL', 'notification', '2013-07-01 20:07:26'),
(1885, 445, 271, 'GLOBAL', 'notification', '2013-07-01 20:07:26'),
(1886, 445, 271, 'TASK', 'notification', '2013-07-01 20:07:26'),
(1887, 446, 179, 'GLOBAL', 'timeline', '2013-07-01 20:07:45'),
(1888, 446, 271, 'GLOBAL', 'timeline', '2013-07-01 20:07:45'),
(1889, 446, 271, 'TASK', 'timeline', '2013-07-01 20:07:45'),
(1890, 446, 179, 'GLOBAL', 'notification', '2013-07-01 20:07:45'),
(1891, 446, 271, 'GLOBAL', 'notification', '2013-07-01 20:07:45'),
(1892, 446, 271, 'TASK', 'notification', '2013-07-01 20:07:45'),
(1893, 447, 179, 'GLOBAL', 'timeline', '2013-07-01 20:08:01'),
(1894, 447, 271, 'GLOBAL', 'timeline', '2013-07-01 20:08:01'),
(1895, 447, 271, 'TASK', 'timeline', '2013-07-01 20:08:01'),
(1896, 447, 179, 'GLOBAL', 'notification', '2013-07-01 20:08:01'),
(1897, 447, 271, 'GLOBAL', 'notification', '2013-07-01 20:08:01'),
(1898, 447, 271, 'TASK', 'notification', '2013-07-01 20:08:01'),
(1899, 448, 179, 'GLOBAL', 'timeline', '2013-07-01 20:09:20'),
(1900, 448, 271, 'GLOBAL', 'timeline', '2013-07-01 20:09:20'),
(1901, 448, 271, 'TASK', 'timeline', '2013-07-01 20:09:20'),
(1902, 448, 179, 'GLOBAL', 'notification', '2013-07-01 20:09:20'),
(1903, 448, 271, 'GLOBAL', 'notification', '2013-07-01 20:09:20'),
(1904, 448, 271, 'TASK', 'notification', '2013-07-01 20:09:20'),
(1905, 449, 179, 'GLOBAL', 'timeline', '2013-07-01 20:09:32'),
(1906, 449, 271, 'GLOBAL', 'timeline', '2013-07-01 20:09:32'),
(1907, 449, 271, 'TASK', 'timeline', '2013-07-01 20:09:32'),
(1908, 449, 179, 'GLOBAL', 'notification', '2013-07-01 20:09:32'),
(1909, 449, 271, 'GLOBAL', 'notification', '2013-07-01 20:09:32'),
(1910, 449, 271, 'TASK', 'notification', '2013-07-01 20:09:32'),
(1911, 450, 179, 'GLOBAL', 'timeline', '2013-07-01 20:09:45'),
(1912, 450, 271, 'GLOBAL', 'timeline', '2013-07-01 20:09:45'),
(1913, 450, 271, 'TASK', 'timeline', '2013-07-01 20:09:45'),
(1914, 450, 179, 'GLOBAL', 'notification', '2013-07-01 20:09:46'),
(1915, 450, 271, 'GLOBAL', 'notification', '2013-07-01 20:09:46'),
(1916, 450, 271, 'TASK', 'notification', '2013-07-01 20:09:46'),
(1917, 451, 179, 'GLOBAL', 'timeline', '2013-07-01 20:10:22'),
(1918, 451, 271, 'GLOBAL', 'timeline', '2013-07-01 20:10:22'),
(1919, 451, 271, 'TASK', 'timeline', '2013-07-01 20:10:22'),
(1920, 451, 179, 'GLOBAL', 'notification', '2013-07-01 20:10:22'),
(1921, 451, 271, 'GLOBAL', 'notification', '2013-07-01 20:10:22'),
(1922, 451, 271, 'TASK', 'notification', '2013-07-01 20:10:22'),
(1923, 452, 179, 'GLOBAL', 'timeline', '2013-07-01 20:17:14'),
(1924, 452, 271, 'GLOBAL', 'timeline', '2013-07-01 20:17:14'),
(1925, 452, 271, 'TASK', 'timeline', '2013-07-01 20:17:14'),
(1926, 452, 179, 'GLOBAL', 'notification', '2013-07-01 20:17:14'),
(1927, 452, 271, 'GLOBAL', 'notification', '2013-07-01 20:17:14'),
(1928, 452, 271, 'TASK', 'notification', '2013-07-01 20:17:14'),
(1929, 453, 179, 'GLOBAL', 'timeline', '2013-07-01 20:17:18'),
(1930, 453, 271, 'GLOBAL', 'timeline', '2013-07-01 20:17:18'),
(1931, 453, 271, 'TASK', 'timeline', '2013-07-01 20:17:18'),
(1932, 453, 179, 'GLOBAL', 'notification', '2013-07-01 20:17:18'),
(1933, 453, 271, 'GLOBAL', 'notification', '2013-07-01 20:17:18'),
(1934, 453, 271, 'TASK', 'notification', '2013-07-01 20:17:18'),
(1935, 454, 179, 'GLOBAL', 'timeline', '2013-07-01 20:19:32'),
(1936, 454, 271, 'GLOBAL', 'timeline', '2013-07-01 20:19:32'),
(1937, 454, 271, 'TASK', 'timeline', '2013-07-01 20:19:32'),
(1938, 454, 179, 'GLOBAL', 'notification', '2013-07-01 20:19:32'),
(1939, 454, 271, 'GLOBAL', 'notification', '2013-07-01 20:19:32'),
(1940, 454, 271, 'TASK', 'notification', '2013-07-01 20:19:32'),
(1941, 455, 179, 'GLOBAL', 'timeline', '2013-07-03 18:07:45'),
(1942, 455, 271, 'GLOBAL', 'timeline', '2013-07-03 18:07:45'),
(1943, 455, 271, 'TASK', 'timeline', '2013-07-03 18:07:45'),
(1944, 455, 179, 'GLOBAL', 'notification', '2013-07-03 18:07:45'),
(1945, 455, 271, 'GLOBAL', 'notification', '2013-07-03 18:07:45'),
(1946, 455, 271, 'TASK', 'notification', '2013-07-03 18:07:45'),
(1947, 456, 179, 'GLOBAL', 'timeline', '2013-07-03 18:07:46'),
(1948, 456, 271, 'GLOBAL', 'timeline', '2013-07-03 18:07:46'),
(1949, 456, 271, 'TASK', 'timeline', '2013-07-03 18:07:46'),
(1950, 456, 179, 'GLOBAL', 'notification', '2013-07-03 18:07:46'),
(1951, 456, 271, 'GLOBAL', 'notification', '2013-07-03 18:07:46'),
(1952, 456, 271, 'TASK', 'notification', '2013-07-03 18:07:46'),
(1953, 457, 179, 'GLOBAL', 'timeline', '2013-07-03 18:09:41'),
(1954, 457, 271, 'GLOBAL', 'timeline', '2013-07-03 18:09:41'),
(1955, 457, 271, 'TASK', 'timeline', '2013-07-03 18:09:41'),
(1956, 457, 179, 'GLOBAL', 'notification', '2013-07-03 18:09:41'),
(1957, 457, 271, 'GLOBAL', 'notification', '2013-07-03 18:09:41'),
(1958, 457, 271, 'TASK', 'notification', '2013-07-03 18:09:41'),
(1959, 458, 179, 'GLOBAL', 'timeline', '2013-07-03 18:09:45'),
(1960, 458, 271, 'GLOBAL', 'timeline', '2013-07-03 18:09:45'),
(1961, 458, 271, 'TASK', 'timeline', '2013-07-03 18:09:45'),
(1962, 458, 179, 'GLOBAL', 'notification', '2013-07-03 18:09:45'),
(1963, 458, 271, 'GLOBAL', 'notification', '2013-07-03 18:09:45'),
(1964, 458, 271, 'TASK', 'notification', '2013-07-03 18:09:45'),
(1965, 459, 179, 'GLOBAL', 'timeline', '2013-07-03 18:14:24'),
(1966, 459, 271, 'GLOBAL', 'timeline', '2013-07-03 18:14:24'),
(1967, 459, 271, 'TASK', 'timeline', '2013-07-03 18:14:24'),
(1968, 459, 179, 'GLOBAL', 'notification', '2013-07-03 18:14:24'),
(1969, 459, 271, 'GLOBAL', 'notification', '2013-07-03 18:14:24'),
(1970, 459, 271, 'TASK', 'notification', '2013-07-03 18:14:24'),
(1971, 460, 179, 'GLOBAL', 'timeline', '2013-07-03 18:14:33'),
(1972, 460, 271, 'GLOBAL', 'timeline', '2013-07-03 18:14:33'),
(1973, 460, 271, 'TASK', 'timeline', '2013-07-03 18:14:33'),
(1974, 460, 179, 'GLOBAL', 'notification', '2013-07-03 18:14:33'),
(1975, 460, 271, 'GLOBAL', 'notification', '2013-07-03 18:14:33'),
(1976, 460, 271, 'TASK', 'notification', '2013-07-03 18:14:33'),
(1977, 461, 179, 'GLOBAL', 'timeline', '2013-07-03 18:15:28'),
(1978, 461, 271, 'GLOBAL', 'timeline', '2013-07-03 18:15:28'),
(1979, 461, 271, 'TASK', 'timeline', '2013-07-03 18:15:28'),
(1980, 461, 179, 'GLOBAL', 'notification', '2013-07-03 18:15:28'),
(1981, 461, 271, 'GLOBAL', 'notification', '2013-07-03 18:15:28'),
(1982, 461, 271, 'TASK', 'notification', '2013-07-03 18:15:28'),
(1983, 462, 179, 'GLOBAL', 'timeline', '2013-07-03 18:21:28'),
(1984, 462, 271, 'GLOBAL', 'timeline', '2013-07-03 18:21:28'),
(1985, 462, 271, 'TASK', 'timeline', '2013-07-03 18:21:28'),
(1986, 462, 179, 'GLOBAL', 'notification', '2013-07-03 18:21:28'),
(1987, 462, 271, 'GLOBAL', 'notification', '2013-07-03 18:21:28'),
(1988, 462, 271, 'TASK', 'notification', '2013-07-03 18:21:28'),
(1989, 463, 179, 'GLOBAL', 'timeline', '2013-07-03 18:21:37'),
(1990, 463, 271, 'GLOBAL', 'timeline', '2013-07-03 18:21:37'),
(1991, 463, 271, 'TASK', 'timeline', '2013-07-03 18:21:37'),
(1992, 465, 179, 'GLOBAL', 'timeline', '2013-07-03 18:21:37'),
(1993, 465, 271, 'GLOBAL', 'timeline', '2013-07-03 18:21:37'),
(1994, 465, 271, 'TASK', 'timeline', '2013-07-03 18:21:37'),
(1995, 464, 179, 'GLOBAL', 'timeline', '2013-07-03 18:21:37'),
(1996, 464, 271, 'GLOBAL', 'timeline', '2013-07-03 18:21:37'),
(1997, 463, 179, 'GLOBAL', 'notification', '2013-07-03 18:21:37'),
(1998, 464, 271, 'TASK', 'timeline', '2013-07-03 18:21:37'),
(1999, 463, 271, 'GLOBAL', 'notification', '2013-07-03 18:21:37'),
(2000, 463, 271, 'TASK', 'notification', '2013-07-03 18:21:37'),
(2001, 465, 179, 'GLOBAL', 'notification', '2013-07-03 18:21:37'),
(2002, 465, 271, 'GLOBAL', 'notification', '2013-07-03 18:21:37'),
(2003, 465, 271, 'TASK', 'notification', '2013-07-03 18:21:37'),
(2004, 464, 179, 'GLOBAL', 'notification', '2013-07-03 18:21:37'),
(2005, 464, 271, 'GLOBAL', 'notification', '2013-07-03 18:21:37'),
(2006, 464, 271, 'TASK', 'notification', '2013-07-03 18:21:37'),
(2007, 466, 179, 'GLOBAL', 'timeline', '2013-07-03 18:23:07'),
(2008, 466, 271, 'GLOBAL', 'timeline', '2013-07-03 18:23:07'),
(2009, 466, 271, 'TASK', 'timeline', '2013-07-03 18:23:07'),
(2010, 466, 179, 'GLOBAL', 'notification', '2013-07-03 18:23:07'),
(2011, 466, 271, 'GLOBAL', 'notification', '2013-07-03 18:23:07'),
(2012, 466, 271, 'TASK', 'notification', '2013-07-03 18:23:07'),
(2013, 467, 179, 'GLOBAL', 'timeline', '2013-07-03 18:28:13'),
(2014, 467, 179, 'GLOBAL', 'notification', '2013-07-03 18:28:13'),
(2015, 468, 179, 'GLOBAL', 'timeline', '2013-07-03 18:29:20'),
(2016, 468, 271, 'GLOBAL', 'timeline', '2013-07-03 18:29:20'),
(2017, 468, 271, 'TASK', 'timeline', '2013-07-03 18:29:20'),
(2018, 468, 179, 'GLOBAL', 'notification', '2013-07-03 18:29:20'),
(2019, 468, 271, 'GLOBAL', 'notification', '2013-07-03 18:29:20'),
(2020, 468, 271, 'TASK', 'notification', '2013-07-03 18:29:20'),
(2021, 469, 179, 'GLOBAL', 'timeline', '2013-07-03 18:33:56'),
(2022, 469, 179, 'GLOBAL', 'notification', '2013-07-03 18:33:56'),
(2023, 470, 179, 'GLOBAL', 'timeline', '2013-07-03 18:37:28'),
(2024, 470, 179, 'GLOBAL', 'notification', '2013-07-03 18:37:28'),
(2025, 471, 179, 'GLOBAL', 'timeline', '2013-07-03 18:39:04'),
(2026, 471, 179, 'GLOBAL', 'notification', '2013-07-03 18:39:04'),
(2027, 472, 179, 'GLOBAL', 'timeline', '2013-07-03 18:39:28'),
(2028, 472, 179, 'GLOBAL', 'notification', '2013-07-03 18:39:28'),
(2029, 473, 179, 'GLOBAL', 'timeline', '2013-07-03 18:40:25'),
(2030, 473, 179, 'GLOBAL', 'notification', '2013-07-03 18:40:25'),
(2031, 474, 179, 'GLOBAL', 'timeline', '2013-07-03 18:45:24'),
(2032, 474, 179, 'GLOBAL', 'notification', '2013-07-03 18:45:24'),
(2033, 475, 179, 'GLOBAL', 'timeline', '2013-07-03 18:50:05'),
(2034, 475, 179, 'GLOBAL', 'notification', '2013-07-03 18:50:05'),
(2035, 476, 179, 'GLOBAL', 'timeline', '2013-07-03 18:50:31'),
(2036, 476, 179, 'GLOBAL', 'notification', '2013-07-03 18:50:31'),
(2037, 477, 179, 'GLOBAL', 'timeline', '2013-07-03 18:52:16'),
(2038, 477, 179, 'GLOBAL', 'notification', '2013-07-03 18:52:16'),
(2039, 478, 179, 'GLOBAL', 'timeline', '2013-07-03 18:52:48'),
(2040, 478, 179, 'GLOBAL', 'notification', '2013-07-03 18:52:48'),
(2041, 479, 179, 'GLOBAL', 'timeline', '2013-07-03 19:09:14'),
(2042, 479, 271, 'GLOBAL', 'timeline', '2013-07-03 19:09:14'),
(2043, 479, 271, 'TASK', 'timeline', '2013-07-03 19:09:14'),
(2044, 479, 179, 'GLOBAL', 'notification', '2013-07-03 19:09:14'),
(2045, 479, 271, 'GLOBAL', 'notification', '2013-07-03 19:09:14'),
(2046, 479, 271, 'TASK', 'notification', '2013-07-03 19:09:14'),
(2047, 480, 179, 'GLOBAL', 'timeline', '2013-07-03 19:16:43'),
(2048, 480, 271, 'GLOBAL', 'timeline', '2013-07-03 19:16:43'),
(2049, 480, 271, 'TASK', 'timeline', '2013-07-03 19:16:43'),
(2050, 480, 179, 'GLOBAL', 'notification', '2013-07-03 19:16:43'),
(2051, 480, 271, 'GLOBAL', 'notification', '2013-07-03 19:16:43'),
(2052, 480, 271, 'TASK', 'notification', '2013-07-03 19:16:43'),
(2053, 481, 179, 'GLOBAL', 'timeline', '2013-07-03 19:18:59'),
(2054, 481, 271, 'GLOBAL', 'timeline', '2013-07-03 19:18:59'),
(2055, 481, 271, 'TASK', 'timeline', '2013-07-03 19:18:59'),
(2056, 481, 179, 'GLOBAL', 'notification', '2013-07-03 19:18:59'),
(2057, 481, 271, 'GLOBAL', 'notification', '2013-07-03 19:18:59'),
(2058, 481, 271, 'TASK', 'notification', '2013-07-03 19:18:59'),
(2059, 482, 179, 'GLOBAL', 'timeline', '2013-07-03 19:19:31'),
(2060, 482, 271, 'GLOBAL', 'timeline', '2013-07-03 19:19:31'),
(2061, 482, 271, 'TASK', 'timeline', '2013-07-03 19:19:31'),
(2062, 482, 179, 'GLOBAL', 'notification', '2013-07-03 19:19:31'),
(2063, 482, 271, 'GLOBAL', 'notification', '2013-07-03 19:19:31'),
(2064, 482, 271, 'TASK', 'notification', '2013-07-03 19:19:31'),
(2065, 483, 179, 'GLOBAL', 'timeline', '2013-07-03 19:20:24'),
(2066, 483, 271, 'GLOBAL', 'timeline', '2013-07-03 19:20:24'),
(2067, 483, 271, 'TASK', 'timeline', '2013-07-03 19:20:24'),
(2068, 483, 179, 'GLOBAL', 'notification', '2013-07-03 19:20:24'),
(2069, 483, 271, 'GLOBAL', 'notification', '2013-07-03 19:20:24'),
(2070, 483, 271, 'TASK', 'notification', '2013-07-03 19:20:24'),
(2071, 484, 179, 'GLOBAL', 'timeline', '2013-07-03 19:22:45'),
(2072, 484, 179, 'GLOBAL', 'notification', '2013-07-03 19:22:45'),
(2073, 485, 179, 'GLOBAL', 'timeline', '2013-07-03 19:22:52'),
(2074, 485, 179, 'GLOBAL', 'notification', '2013-07-03 19:22:52'),
(2075, 486, 179, 'GLOBAL', 'timeline', '2013-07-03 19:24:23'),
(2076, 486, 179, 'GLOBAL', 'notification', '2013-07-03 19:24:23'),
(2077, 487, 179, 'GLOBAL', 'timeline', '2013-07-03 19:45:42'),
(2078, 487, 179, 'GLOBAL', 'notification', '2013-07-03 19:45:42'),
(2079, 488, 179, 'GLOBAL', 'timeline', '2013-07-03 19:47:31'),
(2080, 488, 179, 'GLOBAL', 'notification', '2013-07-03 19:47:31'),
(2081, 489, 179, 'GLOBAL', 'timeline', '2013-07-03 19:47:39'),
(2082, 489, 179, 'GLOBAL', 'notification', '2013-07-03 19:47:39'),
(2083, 490, 179, 'GLOBAL', 'timeline', '2013-07-03 19:48:16'),
(2084, 490, 179, 'GLOBAL', 'notification', '2013-07-03 19:48:16'),
(2085, 491, 179, 'GLOBAL', 'timeline', '2013-07-03 19:49:07'),
(2086, 491, 271, 'GLOBAL', 'timeline', '2013-07-03 19:49:07'),
(2087, 491, 271, 'TASK', 'timeline', '2013-07-03 19:49:07'),
(2088, 491, 179, 'GLOBAL', 'notification', '2013-07-03 19:49:07'),
(2089, 491, 271, 'GLOBAL', 'notification', '2013-07-03 19:49:07'),
(2090, 491, 271, 'TASK', 'notification', '2013-07-03 19:49:07'),
(2091, 492, 179, 'GLOBAL', 'timeline', '2013-07-03 19:49:17'),
(2092, 492, 271, 'GLOBAL', 'timeline', '2013-07-03 19:49:17'),
(2093, 492, 271, 'TASK', 'timeline', '2013-07-03 19:49:17'),
(2094, 492, 179, 'GLOBAL', 'notification', '2013-07-03 19:49:17'),
(2095, 492, 271, 'GLOBAL', 'notification', '2013-07-03 19:49:17'),
(2096, 492, 271, 'TASK', 'notification', '2013-07-03 19:49:17'),
(2097, 493, 179, 'GLOBAL', 'timeline', '2013-07-03 20:39:02'),
(2098, 493, 179, 'GLOBAL', 'notification', '2013-07-03 20:39:03'),
(2099, 494, 179, 'GLOBAL', 'timeline', '2013-07-03 20:39:12'),
(2100, 494, 179, 'GLOBAL', 'notification', '2013-07-03 20:39:12'),
(2101, 495, 179, 'GLOBAL', 'timeline', '2013-07-03 20:39:55'),
(2102, 495, 179, 'GLOBAL', 'notification', '2013-07-03 20:39:55'),
(2103, 496, 179, 'GLOBAL', 'timeline', '2013-07-03 20:40:31'),
(2104, 496, 179, 'GLOBAL', 'notification', '2013-07-03 20:40:31'),
(2105, 497, 179, 'GLOBAL', 'timeline', '2013-07-03 20:44:22'),
(2106, 497, 179, 'GLOBAL', 'notification', '2013-07-03 20:44:22'),
(2107, 498, 179, 'GLOBAL', 'timeline', '2013-07-05 18:33:08'),
(2108, 498, 179, 'GLOBAL', 'notification', '2013-07-05 18:33:08'),
(2109, 499, 179, 'GLOBAL', 'timeline', '2013-07-05 18:33:14'),
(2110, 499, 179, 'GLOBAL', 'notification', '2013-07-05 18:33:14'),
(2111, 500, 179, 'GLOBAL', 'timeline', '2013-07-05 18:54:47'),
(2112, 500, 179, 'GLOBAL', 'notification', '2013-07-05 18:54:47'),
(2113, 501, 179, 'GLOBAL', 'timeline', '2013-07-05 19:40:43'),
(2114, 501, 271, 'GLOBAL', 'timeline', '2013-07-05 19:40:43'),
(2115, 501, 271, 'TASK', 'timeline', '2013-07-05 19:40:43'),
(2116, 501, 179, 'GLOBAL', 'notification', '2013-07-05 19:40:43'),
(2117, 501, 271, 'GLOBAL', 'notification', '2013-07-05 19:40:43'),
(2118, 501, 271, 'TASK', 'notification', '2013-07-05 19:40:43'),
(2119, 502, 179, 'GLOBAL', 'timeline', '2013-07-05 19:50:38'),
(2120, 502, 271, 'GLOBAL', 'timeline', '2013-07-05 19:50:38'),
(2121, 502, 271, 'TASK', 'timeline', '2013-07-05 19:50:38'),
(2122, 502, 179, 'GLOBAL', 'notification', '2013-07-05 19:50:38'),
(2123, 502, 271, 'GLOBAL', 'notification', '2013-07-05 19:50:38'),
(2124, 502, 271, 'TASK', 'notification', '2013-07-05 19:50:38'),
(2125, 503, 179, 'GLOBAL', 'timeline', '2013-07-05 19:52:51'),
(2126, 503, 271, 'GLOBAL', 'timeline', '2013-07-05 19:52:51'),
(2127, 503, 271, 'TASK', 'timeline', '2013-07-05 19:52:51'),
(2128, 503, 179, 'GLOBAL', 'notification', '2013-07-05 19:52:51'),
(2129, 503, 271, 'GLOBAL', 'notification', '2013-07-05 19:52:51'),
(2130, 503, 271, 'TASK', 'notification', '2013-07-05 19:52:51'),
(2131, 504, 179, 'GLOBAL', 'timeline', '2013-07-05 19:53:27'),
(2132, 504, 271, 'GLOBAL', 'timeline', '2013-07-05 19:53:27'),
(2133, 504, 271, 'TASK', 'timeline', '2013-07-05 19:53:27'),
(2134, 504, 179, 'GLOBAL', 'notification', '2013-07-05 19:53:27'),
(2135, 504, 271, 'GLOBAL', 'notification', '2013-07-05 19:53:27'),
(2136, 504, 271, 'TASK', 'notification', '2013-07-05 19:53:27'),
(2137, 505, 179, 'GLOBAL', 'timeline', '2013-07-05 19:58:54'),
(2138, 505, 271, 'GLOBAL', 'timeline', '2013-07-05 19:58:54'),
(2139, 505, 271, 'TASK', 'timeline', '2013-07-05 19:58:54'),
(2140, 505, 179, 'GLOBAL', 'notification', '2013-07-05 19:58:54'),
(2141, 505, 271, 'GLOBAL', 'notification', '2013-07-05 19:58:54'),
(2142, 505, 271, 'TASK', 'notification', '2013-07-05 19:58:54'),
(2143, 506, 179, 'GLOBAL', 'timeline', '2013-07-05 19:59:15'),
(2144, 506, 271, 'GLOBAL', 'timeline', '2013-07-05 19:59:15'),
(2145, 506, 271, 'TASK', 'timeline', '2013-07-05 19:59:15'),
(2146, 506, 179, 'GLOBAL', 'notification', '2013-07-05 19:59:15'),
(2147, 506, 271, 'GLOBAL', 'notification', '2013-07-05 19:59:15'),
(2148, 506, 271, 'TASK', 'notification', '2013-07-05 19:59:15'),
(2149, 507, 179, 'GLOBAL', 'timeline', '2013-07-05 19:59:46'),
(2150, 507, 271, 'GLOBAL', 'timeline', '2013-07-05 19:59:46'),
(2151, 507, 271, 'TASK', 'timeline', '2013-07-05 19:59:46'),
(2152, 507, 179, 'GLOBAL', 'notification', '2013-07-05 19:59:46'),
(2153, 507, 271, 'GLOBAL', 'notification', '2013-07-05 19:59:46'),
(2154, 507, 271, 'TASK', 'notification', '2013-07-05 19:59:46'),
(2155, 508, 179, 'GLOBAL', 'timeline', '2013-07-05 20:05:56'),
(2156, 508, 271, 'GLOBAL', 'timeline', '2013-07-05 20:05:56'),
(2157, 508, 271, 'TASK', 'timeline', '2013-07-05 20:05:56'),
(2158, 508, 179, 'GLOBAL', 'notification', '2013-07-05 20:05:56'),
(2159, 508, 271, 'GLOBAL', 'notification', '2013-07-05 20:05:56'),
(2160, 508, 271, 'TASK', 'notification', '2013-07-05 20:05:56'),
(2161, 509, 179, 'GLOBAL', 'timeline', '2013-07-05 20:06:13'),
(2162, 509, 271, 'GLOBAL', 'timeline', '2013-07-05 20:06:13'),
(2163, 509, 271, 'TASK', 'timeline', '2013-07-05 20:06:13'),
(2164, 509, 179, 'GLOBAL', 'notification', '2013-07-05 20:06:13'),
(2165, 509, 271, 'GLOBAL', 'notification', '2013-07-05 20:06:13'),
(2166, 509, 271, 'TASK', 'notification', '2013-07-05 20:06:13'),
(2167, 510, 179, 'GLOBAL', 'timeline', '2013-07-05 20:56:09'),
(2168, 510, 179, 'GLOBAL', 'notification', '2013-07-05 20:56:09'),
(2169, 511, 179, 'GLOBAL', 'timeline', '2013-07-05 20:58:05'),
(2170, 511, 179, 'GLOBAL', 'notification', '2013-07-05 20:58:05'),
(2171, 512, 179, 'GLOBAL', 'timeline', '2013-07-05 21:00:16'),
(2172, 512, 179, 'GLOBAL', 'notification', '2013-07-05 21:00:16'),
(2173, 513, 179, 'GLOBAL', 'timeline', '2013-07-05 21:05:00'),
(2174, 513, 179, 'GLOBAL', 'notification', '2013-07-05 21:05:00'),
(2175, 514, 179, 'GLOBAL', 'timeline', '2013-07-05 21:05:07'),
(2176, 514, 179, 'GLOBAL', 'notification', '2013-07-05 21:05:08'),
(2177, 515, 179, 'GLOBAL', 'timeline', '2013-07-05 21:07:51'),
(2178, 515, 179, 'GLOBAL', 'notification', '2013-07-05 21:07:51'),
(2179, 516, 179, 'GLOBAL', 'timeline', '2013-07-05 21:07:56'),
(2180, 516, 179, 'GLOBAL', 'notification', '2013-07-05 21:07:56'),
(2181, 517, 179, 'GLOBAL', 'timeline', '2013-07-05 21:08:53'),
(2182, 517, 179, 'GLOBAL', 'notification', '2013-07-05 21:08:53'),
(2183, 518, 179, 'GLOBAL', 'timeline', '2013-07-05 21:09:42'),
(2184, 518, 179, 'GLOBAL', 'notification', '2013-07-05 21:09:42'),
(2185, 519, 179, 'GLOBAL', 'timeline', '2013-07-05 21:10:29'),
(2186, 519, 179, 'GLOBAL', 'notification', '2013-07-05 21:10:29'),
(2187, 520, 179, 'GLOBAL', 'timeline', '2013-07-05 21:11:00'),
(2188, 520, 179, 'GLOBAL', 'notification', '2013-07-05 21:11:00'),
(2189, 521, 179, 'GLOBAL', 'timeline', '2013-07-05 21:11:42'),
(2190, 521, 179, 'GLOBAL', 'notification', '2013-07-05 21:11:42'),
(2191, 522, 179, 'GLOBAL', 'timeline', '2013-07-05 21:12:14'),
(2192, 522, 179, 'GLOBAL', 'notification', '2013-07-05 21:12:14'),
(2193, 523, 179, 'GLOBAL', 'timeline', '2013-07-06 09:28:29'),
(2194, 523, 179, 'GLOBAL', 'notification', '2013-07-06 09:28:29'),
(2195, 524, 179, 'GLOBAL', 'timeline', '2013-07-06 09:29:30'),
(2196, 524, 179, 'GLOBAL', 'notification', '2013-07-06 09:29:30'),
(2197, 525, 179, 'GLOBAL', 'timeline', '2013-07-06 09:30:00'),
(2198, 525, 179, 'GLOBAL', 'notification', '2013-07-06 09:30:00'),
(2199, 526, 179, 'GLOBAL', 'timeline', '2013-07-06 09:41:17'),
(2200, 526, 179, 'GLOBAL', 'notification', '2013-07-06 09:41:17'),
(2201, 527, 179, 'GLOBAL', 'timeline', '2013-07-06 09:43:25'),
(2202, 527, 179, 'GLOBAL', 'notification', '2013-07-06 09:43:25'),
(2203, 528, 179, 'GLOBAL', 'timeline', '2013-07-06 09:43:34'),
(2204, 528, 179, 'GLOBAL', 'notification', '2013-07-06 09:43:34'),
(2205, 529, 179, 'GLOBAL', 'timeline', '2013-07-06 09:45:39'),
(2206, 529, 179, 'GLOBAL', 'notification', '2013-07-06 09:45:39'),
(2207, 530, 179, 'GLOBAL', 'timeline', '2013-07-06 09:50:39'),
(2208, 530, 179, 'GLOBAL', 'notification', '2013-07-06 09:50:39'),
(2209, 531, 179, 'GLOBAL', 'timeline', '2013-07-06 09:52:36'),
(2210, 531, 179, 'GLOBAL', 'notification', '2013-07-06 09:52:36'),
(2211, 532, 179, 'GLOBAL', 'timeline', '2013-07-06 09:57:21'),
(2212, 532, 179, 'GLOBAL', 'notification', '2013-07-06 09:57:21'),
(2213, 533, 179, 'GLOBAL', 'timeline', '2013-07-06 09:58:15'),
(2214, 533, 179, 'GLOBAL', 'notification', '2013-07-06 09:58:15'),
(2215, 534, 179, 'GLOBAL', 'timeline', '2013-07-06 09:58:55'),
(2216, 534, 179, 'GLOBAL', 'notification', '2013-07-06 09:58:55'),
(2217, 535, 179, 'GLOBAL', 'timeline', '2013-07-06 10:05:07'),
(2218, 535, 179, 'GLOBAL', 'notification', '2013-07-06 10:05:07'),
(2219, 536, 179, 'GLOBAL', 'timeline', '2013-07-06 10:10:22'),
(2220, 536, 179, 'GLOBAL', 'notification', '2013-07-06 10:10:22'),
(2221, 537, 179, 'GLOBAL', 'timeline', '2013-07-06 10:14:10'),
(2222, 537, 179, 'GLOBAL', 'notification', '2013-07-06 10:14:10'),
(2223, 538, 179, 'GLOBAL', 'timeline', '2013-07-06 10:44:53'),
(2224, 538, 179, 'GLOBAL', 'notification', '2013-07-06 10:44:53'),
(2225, 539, 179, 'GLOBAL', 'timeline', '2013-07-06 10:49:08'),
(2226, 539, 179, 'GLOBAL', 'notification', '2013-07-06 10:49:08'),
(2227, 540, 179, 'GLOBAL', 'timeline', '2013-07-06 10:49:58'),
(2228, 540, 179, 'GLOBAL', 'notification', '2013-07-06 10:49:59'),
(2229, 541, 179, 'GLOBAL', 'timeline', '2013-07-06 10:50:27'),
(2230, 541, 179, 'GLOBAL', 'notification', '2013-07-06 10:50:27'),
(2231, 542, 179, 'GLOBAL', 'timeline', '2013-07-06 10:51:00'),
(2232, 542, 179, 'GLOBAL', 'notification', '2013-07-06 10:51:00'),
(2233, 543, 179, 'GLOBAL', 'timeline', '2013-07-06 10:51:17'),
(2234, 543, 179, 'GLOBAL', 'notification', '2013-07-06 10:51:17'),
(2235, 544, 179, 'GLOBAL', 'timeline', '2013-07-06 10:51:36'),
(2236, 544, 179, 'GLOBAL', 'notification', '2013-07-06 10:51:36'),
(2237, 545, 179, 'GLOBAL', 'timeline', '2013-07-06 11:46:37');
INSERT INTO `spy_timeline` (`id`, `action_id`, `subject_id`, `context`, `type`, `created_at`) VALUES
(2238, 545, 179, 'GLOBAL', 'notification', '2013-07-06 11:46:37'),
(2239, 546, 179, 'GLOBAL', 'timeline', '2013-07-06 18:31:43'),
(2240, 546, 216, 'GLOBAL', 'timeline', '2013-07-06 18:31:43'),
(2241, 546, 216, 'FRIENDREQUEST', 'timeline', '2013-07-06 18:31:43'),
(2242, 546, 179, 'GLOBAL', 'notification', '2013-07-06 18:31:43'),
(2243, 546, 216, 'GLOBAL', 'notification', '2013-07-06 18:31:43'),
(2244, 546, 216, 'FRIENDREQUEST', 'notification', '2013-07-06 18:31:43'),
(2245, 547, 216, 'GLOBAL', 'timeline', '2013-07-06 18:35:22'),
(2246, 547, 216, 'FRIENDREQUEST', 'timeline', '2013-07-06 18:35:22'),
(2247, 547, 216, 'GLOBAL', 'notification', '2013-07-06 18:35:22'),
(2248, 547, 216, 'FRIENDREQUEST', 'notification', '2013-07-06 18:35:22'),
(2249, 548, 179, 'GLOBAL', 'timeline', '2013-07-06 19:25:09'),
(2250, 548, 216, 'GLOBAL', 'timeline', '2013-07-06 19:25:09'),
(2251, 548, 216, 'FRIENDREQUEST', 'timeline', '2013-07-06 19:25:09'),
(2252, 548, 179, 'GLOBAL', 'notification', '2013-07-06 19:25:09'),
(2255, 549, 179, 'GLOBAL', 'timeline', '2013-07-06 19:47:11'),
(2256, 549, 216, 'GLOBAL', 'timeline', '2013-07-06 19:47:11'),
(2257, 549, 216, 'FRIENDREQUEST', 'timeline', '2013-07-06 19:47:11'),
(2258, 549, 179, 'GLOBAL', 'notification', '2013-07-06 19:47:11'),
(2261, 550, 179, 'GLOBAL', 'timeline', '2013-07-06 20:07:12'),
(2262, 550, 216, 'GLOBAL', 'timeline', '2013-07-06 20:07:12'),
(2263, 550, 216, 'FRIENDREQUEST', 'timeline', '2013-07-06 20:07:12'),
(2264, 550, 179, 'GLOBAL', 'notification', '2013-07-06 20:07:12'),
(2265, 550, 216, 'GLOBAL', 'notification', '2013-07-06 20:07:12'),
(2266, 550, 216, 'FRIENDREQUEST', 'notification', '2013-07-06 20:07:12'),
(2267, 551, 179, 'GLOBAL', 'timeline', '2013-07-06 20:55:00'),
(2268, 551, 216, 'GLOBAL', 'timeline', '2013-07-06 20:55:00'),
(2269, 551, 216, 'FRIENDREQUEST', 'timeline', '2013-07-06 20:55:00'),
(2270, 551, 179, 'GLOBAL', 'notification', '2013-07-06 20:55:00'),
(2271, 551, 216, 'GLOBAL', 'notification', '2013-07-06 20:55:00'),
(2273, 552, 179, 'GLOBAL', 'timeline', '2013-07-06 21:14:48'),
(2274, 552, 216, 'GLOBAL', 'timeline', '2013-07-06 21:14:48'),
(2275, 552, 216, 'FRIENDREQUEST', 'timeline', '2013-07-06 21:14:48'),
(2276, 552, 179, 'GLOBAL', 'notification', '2013-07-06 21:14:48'),
(2279, 553, 179, 'GLOBAL', 'timeline', '2013-07-07 19:02:15'),
(2280, 553, 216, 'GLOBAL', 'timeline', '2013-07-07 19:02:15'),
(2281, 553, 216, 'FRIENDREQUEST', 'timeline', '2013-07-07 19:02:15'),
(2282, 553, 179, 'GLOBAL', 'notification', '2013-07-07 19:02:15'),
(2285, 554, 179, 'GLOBAL', 'timeline', '2013-07-07 19:02:56'),
(2286, 554, 216, 'GLOBAL', 'timeline', '2013-07-07 19:02:56'),
(2287, 554, 216, 'FRIENDREQUEST', 'timeline', '2013-07-07 19:02:56'),
(2288, 554, 179, 'GLOBAL', 'notification', '2013-07-07 19:02:56'),
(2291, 555, 179, 'GLOBAL', 'timeline', '2013-07-07 19:05:41'),
(2292, 555, 216, 'GLOBAL', 'timeline', '2013-07-07 19:05:41'),
(2293, 555, 216, 'FRIENDREQUEST', 'timeline', '2013-07-07 19:05:41'),
(2294, 555, 179, 'GLOBAL', 'notification', '2013-07-07 19:05:42'),
(2295, 555, 216, 'GLOBAL', 'notification', '2013-07-07 19:05:42'),
(2297, 556, 179, 'GLOBAL', 'timeline', '2013-07-07 19:06:30'),
(2298, 556, 216, 'GLOBAL', 'timeline', '2013-07-07 19:06:30'),
(2299, 556, 216, 'FRIENDREQUEST', 'timeline', '2013-07-07 19:06:30'),
(2300, 556, 179, 'GLOBAL', 'notification', '2013-07-07 19:06:30'),
(2301, 556, 216, 'GLOBAL', 'notification', '2013-07-07 19:06:30'),
(2303, 557, 179, 'GLOBAL', 'timeline', '2013-07-07 19:06:56'),
(2304, 557, 216, 'GLOBAL', 'timeline', '2013-07-07 19:06:56'),
(2305, 557, 216, 'FRIENDREQUEST', 'timeline', '2013-07-07 19:06:56'),
(2306, 557, 179, 'GLOBAL', 'notification', '2013-07-07 19:06:56'),
(2307, 557, 216, 'GLOBAL', 'notification', '2013-07-07 19:06:56'),
(2309, 558, 179, 'GLOBAL', 'timeline', '2013-07-07 19:25:03'),
(2310, 558, 216, 'GLOBAL', 'timeline', '2013-07-07 19:25:03'),
(2311, 558, 216, 'TASK', 'timeline', '2013-07-07 19:25:03'),
(2312, 558, 179, 'GLOBAL', 'notification', '2013-07-07 19:25:03'),
(2313, 558, 216, 'GLOBAL', 'notification', '2013-07-07 19:25:03'),
(2314, 558, 216, 'TASK', 'notification', '2013-07-07 19:25:03'),
(2315, 559, 179, 'GLOBAL', 'timeline', '2013-07-07 19:25:38'),
(2316, 559, 216, 'GLOBAL', 'timeline', '2013-07-07 19:25:38'),
(2317, 559, 216, 'TASK', 'timeline', '2013-07-07 19:25:38'),
(2318, 559, 179, 'GLOBAL', 'notification', '2013-07-07 19:25:38'),
(2319, 559, 216, 'GLOBAL', 'notification', '2013-07-07 19:25:38'),
(2320, 559, 216, 'TASK', 'notification', '2013-07-07 19:25:38'),
(2321, 560, 216, 'GLOBAL', 'timeline', '2013-07-07 19:51:06'),
(2322, 560, 216, 'TASK', 'timeline', '2013-07-07 19:51:06'),
(2323, 560, 216, 'GLOBAL', 'notification', '2013-07-07 19:51:06'),
(2324, 560, 216, 'TASK', 'notification', '2013-07-07 19:51:06'),
(2325, 561, 216, 'GLOBAL', 'timeline', '2013-07-07 19:52:02'),
(2326, 561, 216, 'TASK', 'timeline', '2013-07-07 19:52:02'),
(2327, 561, 216, 'GLOBAL', 'notification', '2013-07-07 19:52:02'),
(2328, 561, 216, 'TASK', 'notification', '2013-07-07 19:52:02'),
(2329, 562, 216, 'GLOBAL', 'timeline', '2013-07-07 19:52:12'),
(2330, 562, 216, 'TASK', 'timeline', '2013-07-07 19:52:12'),
(2331, 562, 216, 'GLOBAL', 'notification', '2013-07-07 19:52:12'),
(2332, 562, 216, 'TASK', 'notification', '2013-07-07 19:52:12'),
(2333, 563, 216, 'GLOBAL', 'timeline', '2013-07-07 19:52:21'),
(2334, 563, 216, 'TASK', 'timeline', '2013-07-07 19:52:21'),
(2335, 563, 216, 'GLOBAL', 'notification', '2013-07-07 19:52:21'),
(2336, 563, 216, 'TASK', 'notification', '2013-07-07 19:52:21'),
(2337, 564, 216, 'GLOBAL', 'timeline', '2013-07-07 19:52:24'),
(2338, 564, 216, 'TASK', 'timeline', '2013-07-07 19:52:24'),
(2339, 564, 216, 'GLOBAL', 'notification', '2013-07-07 19:52:24'),
(2340, 564, 216, 'TASK', 'notification', '2013-07-07 19:52:24'),
(2341, 565, 216, 'GLOBAL', 'timeline', '2013-07-07 19:52:32'),
(2342, 565, 216, 'TASK', 'timeline', '2013-07-07 19:52:32'),
(2343, 565, 216, 'GLOBAL', 'notification', '2013-07-07 19:52:32'),
(2344, 565, 216, 'TASK', 'notification', '2013-07-07 19:52:32'),
(2345, 566, 216, 'GLOBAL', 'timeline', '2013-07-07 19:52:36'),
(2346, 566, 216, 'TASK', 'timeline', '2013-07-07 19:52:36'),
(2347, 566, 216, 'GLOBAL', 'notification', '2013-07-07 19:52:36'),
(2348, 566, 216, 'TASK', 'notification', '2013-07-07 19:52:36'),
(2349, 567, 216, 'GLOBAL', 'timeline', '2013-07-07 19:52:43'),
(2350, 567, 216, 'TASK', 'timeline', '2013-07-07 19:52:43'),
(2351, 567, 216, 'GLOBAL', 'notification', '2013-07-07 19:52:43'),
(2352, 567, 216, 'TASK', 'notification', '2013-07-07 19:52:43'),
(2353, 568, 216, 'GLOBAL', 'timeline', '2013-07-07 19:52:46'),
(2354, 568, 216, 'TASK', 'timeline', '2013-07-07 19:52:46'),
(2357, 569, 216, 'GLOBAL', 'timeline', '2013-07-07 19:53:44'),
(2358, 569, 216, 'TASK', 'timeline', '2013-07-07 19:53:44'),
(2361, 570, 216, 'GLOBAL', 'timeline', '2013-07-07 19:53:47'),
(2362, 570, 216, 'TASK', 'timeline', '2013-07-07 19:53:47'),
(2365, 571, 216, 'GLOBAL', 'timeline', '2013-07-07 19:53:53'),
(2366, 571, 216, 'TASK', 'timeline', '2013-07-07 19:53:53'),
(2369, 572, 216, 'GLOBAL', 'timeline', '2013-07-07 19:53:56'),
(2370, 572, 216, 'TASK', 'timeline', '2013-07-07 19:53:56'),
(2373, 573, 216, 'GLOBAL', 'timeline', '2013-07-07 19:54:00'),
(2374, 573, 216, 'TASK', 'timeline', '2013-07-07 19:54:00'),
(2375, 573, 216, 'GLOBAL', 'notification', '2013-07-07 19:54:00'),
(2376, 573, 216, 'TASK', 'notification', '2013-07-07 19:54:00'),
(2377, 574, 216, 'GLOBAL', 'timeline', '2013-07-07 19:54:03'),
(2378, 574, 216, 'TASK', 'timeline', '2013-07-07 19:54:03'),
(2379, 574, 216, 'GLOBAL', 'notification', '2013-07-07 19:54:03'),
(2380, 574, 216, 'TASK', 'notification', '2013-07-07 19:54:03'),
(2381, 575, 216, 'GLOBAL', 'timeline', '2013-07-07 19:54:07'),
(2382, 575, 216, 'TASK', 'timeline', '2013-07-07 19:54:07'),
(2385, 576, 216, 'GLOBAL', 'timeline', '2013-07-07 19:54:10'),
(2386, 576, 216, 'TASK', 'timeline', '2013-07-07 19:54:10'),
(2389, 577, 216, 'GLOBAL', 'timeline', '2013-07-07 19:56:32'),
(2390, 577, 216, 'TASK', 'timeline', '2013-07-07 19:56:32'),
(2393, 578, 216, 'GLOBAL', 'timeline', '2013-07-07 19:56:36'),
(2394, 578, 216, 'TASK', 'timeline', '2013-07-07 19:56:36'),
(2395, 578, 216, 'GLOBAL', 'notification', '2013-07-07 19:56:36'),
(2396, 578, 216, 'TASK', 'notification', '2013-07-07 19:56:36'),
(2397, 579, 216, 'GLOBAL', 'timeline', '2013-07-07 19:57:40'),
(2398, 579, 216, 'TASK', 'timeline', '2013-07-07 19:57:40'),
(2399, 579, 216, 'GLOBAL', 'notification', '2013-07-07 19:57:40'),
(2400, 579, 216, 'TASK', 'notification', '2013-07-07 19:57:40'),
(2401, 580, 216, 'GLOBAL', 'timeline', '2013-07-07 19:57:43'),
(2402, 580, 216, 'TASK', 'timeline', '2013-07-07 19:57:43'),
(2403, 580, 216, 'GLOBAL', 'notification', '2013-07-07 19:57:43'),
(2404, 580, 216, 'TASK', 'notification', '2013-07-07 19:57:43'),
(2405, 581, 216, 'GLOBAL', 'timeline', '2013-07-07 19:58:39'),
(2406, 581, 216, 'TASK', 'timeline', '2013-07-07 19:58:39'),
(2409, 582, 216, 'GLOBAL', 'timeline', '2013-07-07 19:58:42'),
(2410, 582, 216, 'TASK', 'timeline', '2013-07-07 19:58:42'),
(2411, 582, 216, 'GLOBAL', 'notification', '2013-07-07 19:58:42'),
(2412, 582, 216, 'TASK', 'notification', '2013-07-07 19:58:42'),
(2413, 583, 216, 'GLOBAL', 'timeline', '2013-07-07 19:59:36'),
(2414, 583, 216, 'TASK', 'timeline', '2013-07-07 19:59:36'),
(2417, 584, 216, 'GLOBAL', 'timeline', '2013-07-07 20:00:13'),
(2418, 584, 216, 'TASK', 'timeline', '2013-07-07 20:00:13'),
(2421, 585, 216, 'GLOBAL', 'timeline', '2013-07-07 20:00:54'),
(2422, 585, 216, 'TASK', 'timeline', '2013-07-07 20:00:54'),
(2423, 585, 216, 'GLOBAL', 'notification', '2013-07-07 20:00:54'),
(2424, 585, 216, 'TASK', 'notification', '2013-07-07 20:00:54'),
(2425, 586, 216, 'GLOBAL', 'timeline', '2013-07-07 20:00:58'),
(2426, 586, 216, 'TASK', 'timeline', '2013-07-07 20:00:58'),
(2429, 587, 179, 'GLOBAL', 'timeline', '2013-07-07 20:11:58'),
(2430, 587, 179, 'GLOBAL', 'notification', '2013-07-07 20:11:58'),
(2431, 588, 179, 'GLOBAL', 'timeline', '2013-07-07 20:12:04'),
(2432, 588, 179, 'GLOBAL', 'notification', '2013-07-07 20:12:04'),
(2433, 589, 179, 'GLOBAL', 'timeline', '2013-07-07 20:13:26'),
(2434, 589, 179, 'GLOBAL', 'notification', '2013-07-07 20:13:26'),
(2435, 590, 179, 'GLOBAL', 'timeline', '2013-07-07 20:13:36'),
(2436, 590, 179, 'GLOBAL', 'notification', '2013-07-07 20:13:36'),
(2437, 591, 179, 'GLOBAL', 'timeline', '2013-07-07 20:14:40'),
(2438, 591, 179, 'GLOBAL', 'notification', '2013-07-07 20:14:40'),
(2439, 592, 179, 'GLOBAL', 'timeline', '2013-07-07 20:14:49'),
(2440, 592, 179, 'GLOBAL', 'notification', '2013-07-07 20:14:49'),
(2441, 593, 179, 'GLOBAL', 'timeline', '2013-07-07 20:15:54'),
(2442, 593, 179, 'GLOBAL', 'notification', '2013-07-07 20:15:54'),
(2443, 594, 179, 'GLOBAL', 'timeline', '2013-07-07 20:15:59'),
(2444, 594, 179, 'GLOBAL', 'notification', '2013-07-07 20:15:59'),
(2445, 595, 179, 'GLOBAL', 'timeline', '2013-07-07 20:33:26'),
(2446, 595, 179, 'GLOBAL', 'notification', '2013-07-07 20:33:26'),
(2447, 596, 179, 'GLOBAL', 'timeline', '2013-07-07 20:34:02'),
(2448, 596, 179, 'GLOBAL', 'notification', '2013-07-07 20:34:02'),
(2449, 597, 179, 'GLOBAL', 'timeline', '2013-07-07 20:34:53'),
(2450, 597, 179, 'GLOBAL', 'notification', '2013-07-07 20:34:53'),
(2451, 598, 179, 'GLOBAL', 'timeline', '2013-07-07 20:38:45'),
(2452, 598, 179, 'GLOBAL', 'notification', '2013-07-07 20:38:45'),
(2453, 599, 179, 'GLOBAL', 'timeline', '2013-07-07 20:38:58'),
(2454, 599, 179, 'GLOBAL', 'notification', '2013-07-07 20:38:58'),
(2455, 600, 179, 'GLOBAL', 'timeline', '2013-07-07 20:39:30'),
(2456, 600, 216, 'GLOBAL', 'timeline', '2013-07-07 20:39:30'),
(2457, 600, 216, 'TASK', 'timeline', '2013-07-07 20:39:30'),
(2458, 600, 179, 'GLOBAL', 'notification', '2013-07-07 20:39:30'),
(2461, 601, 179, 'GLOBAL', 'timeline', '2013-07-07 20:39:42'),
(2462, 601, 216, 'GLOBAL', 'timeline', '2013-07-07 20:39:42'),
(2463, 601, 216, 'TASK', 'timeline', '2013-07-07 20:39:42'),
(2464, 601, 179, 'GLOBAL', 'notification', '2013-07-07 20:39:42'),
(2467, 602, 179, 'GLOBAL', 'timeline', '2013-07-07 20:46:19'),
(2468, 602, 216, 'GLOBAL', 'timeline', '2013-07-07 20:46:19'),
(2469, 602, 216, 'TASK', 'timeline', '2013-07-07 20:46:19'),
(2470, 602, 179, 'GLOBAL', 'notification', '2013-07-07 20:46:19'),
(2473, 603, 179, 'GLOBAL', 'timeline', '2013-07-07 20:47:57'),
(2474, 603, 216, 'GLOBAL', 'timeline', '2013-07-07 20:47:57'),
(2475, 603, 216, 'TASK', 'timeline', '2013-07-07 20:47:57'),
(2476, 603, 179, 'GLOBAL', 'notification', '2013-07-07 20:47:57'),
(2479, 604, 179, 'GLOBAL', 'timeline', '2013-07-07 20:48:47'),
(2480, 604, 179, 'GLOBAL', 'notification', '2013-07-07 20:48:47'),
(2481, 605, 179, 'GLOBAL', 'timeline', '2013-07-07 20:56:34'),
(2482, 605, 179, 'GLOBAL', 'notification', '2013-07-07 20:56:34'),
(2483, 606, 179, 'GLOBAL', 'timeline', '2013-07-07 20:58:00'),
(2484, 606, 216, 'GLOBAL', 'timeline', '2013-07-07 20:58:00'),
(2485, 606, 216, 'TASK', 'timeline', '2013-07-07 20:58:00'),
(2486, 606, 179, 'GLOBAL', 'notification', '2013-07-07 20:58:00'),
(2489, 607, 179, 'GLOBAL', 'timeline', '2013-07-07 21:00:49'),
(2490, 607, 179, 'GLOBAL', 'notification', '2013-07-07 21:00:49'),
(2491, 608, 179, 'GLOBAL', 'timeline', '2013-07-07 21:08:20'),
(2492, 608, 179, 'GLOBAL', 'notification', '2013-07-07 21:08:20'),
(2493, 609, 216, 'GLOBAL', 'timeline', '2013-07-07 21:17:45'),
(2494, 609, 216, 'GLOBAL', 'notification', '2013-07-07 21:17:45'),
(2495, 610, 179, 'GLOBAL', 'timeline', '2013-07-07 21:22:14'),
(2496, 610, 179, 'GLOBAL', 'notification', '2013-07-07 21:22:15'),
(2497, 611, 179, 'GLOBAL', 'timeline', '2013-07-08 18:48:53'),
(2498, 611, 179, 'GLOBAL', 'notification', '2013-07-08 18:48:53'),
(2499, 612, 179, 'GLOBAL', 'timeline', '2013-07-08 18:49:16'),
(2500, 612, 179, 'GLOBAL', 'notification', '2013-07-08 18:49:16'),
(2501, 613, 179, 'GLOBAL', 'timeline', '2013-07-08 18:49:39'),
(2502, 613, 216, 'GLOBAL', 'timeline', '2013-07-08 18:49:39'),
(2503, 613, 216, 'TASK', 'timeline', '2013-07-08 18:49:39'),
(2504, 613, 179, 'GLOBAL', 'notification', '2013-07-08 18:49:39'),
(2505, 613, 216, 'GLOBAL', 'notification', '2013-07-08 18:49:39'),
(2506, 613, 216, 'TASK', 'notification', '2013-07-08 18:49:39'),
(2507, 614, 179, 'GLOBAL', 'timeline', '2013-07-08 18:50:05'),
(2508, 614, 179, 'GLOBAL', 'notification', '2013-07-08 18:50:05'),
(2509, 615, 179, 'GLOBAL', 'timeline', '2013-07-08 18:50:43'),
(2510, 615, 179, 'GLOBAL', 'notification', '2013-07-08 18:50:43'),
(2511, 616, 179, 'GLOBAL', 'timeline', '2013-07-08 18:51:31'),
(2512, 616, 216, 'GLOBAL', 'timeline', '2013-07-08 18:51:31'),
(2513, 616, 216, 'TASK', 'timeline', '2013-07-08 18:51:31'),
(2514, 616, 179, 'GLOBAL', 'notification', '2013-07-08 18:51:31'),
(2515, 616, 216, 'GLOBAL', 'notification', '2013-07-08 18:51:31'),
(2516, 616, 216, 'TASK', 'notification', '2013-07-08 18:51:31'),
(2517, 617, 179, 'GLOBAL', 'timeline', '2013-07-08 18:52:07'),
(2518, 617, 179, 'GLOBAL', 'notification', '2013-07-08 18:52:07');

-- --------------------------------------------------------

--
-- Estructura de tabla para la tabla `spy_timeline_action`
--

CREATE TABLE IF NOT EXISTS `spy_timeline_action` (
  `id` int(11) NOT NULL AUTO_INCREMENT,
  `verb` varchar(255) COLLATE utf8_unicode_ci NOT NULL,
  `status_current` varchar(255) COLLATE utf8_unicode_ci NOT NULL,
  `status_wanted` varchar(255) COLLATE utf8_unicode_ci NOT NULL,
  `duplicate_key` varchar(255) COLLATE utf8_unicode_ci DEFAULT NULL,
  `duplicate_priority` int(11) DEFAULT NULL,
  `created_at` datetime NOT NULL,
  PRIMARY KEY (`id`)
) ENGINE=InnoDB  DEFAULT CHARSET=utf8 COLLATE=utf8_unicode_ci AUTO_INCREMENT=618 ;

--
-- Volcado de datos para la tabla `spy_timeline_action`
--

INSERT INTO `spy_timeline_action` (`id`, `verb`, `status_current`, `status_wanted`, `duplicate_key`, `duplicate_priority`, `created_at`) VALUES
(309, 'update', 'published', 'frozen', NULL, NULL, '2013-06-16 22:05:32'),
(310, 'update', 'published', 'frozen', NULL, NULL, '2013-06-16 22:05:37'),
(311, 'update', 'published', 'frozen', NULL, NULL, '2013-06-16 22:08:59'),
(312, 'update', 'published', 'frozen', NULL, NULL, '2013-06-16 22:09:40'),
(313, 'create', 'published', 'frozen', NULL, NULL, '2013-06-17 21:13:59'),
(314, 'create', 'published', 'frozen', NULL, NULL, '2013-06-17 21:27:07'),
(315, 'create', 'published', 'frozen', NULL, NULL, '2013-06-17 21:58:26'),
(316, 'create', 'published', 'frozen', NULL, NULL, '2013-06-17 21:58:31'),
(317, 'create', 'published', 'frozen', NULL, NULL, '2013-06-17 21:58:34'),
(318, 'create', 'published', 'frozen', NULL, NULL, '2013-06-17 21:58:38'),
(319, 'create', 'published', 'frozen', NULL, NULL, '2013-06-17 21:58:41'),
(320, 'create', 'published', 'frozen', NULL, NULL, '2013-06-17 21:58:46'),
(321, 'create', 'published', 'frozen', NULL, NULL, '2013-06-17 21:58:50'),
(322, 'create', 'published', 'frozen', NULL, NULL, '2013-06-17 21:58:53'),
(323, 'create', 'published', 'frozen', NULL, NULL, '2013-06-17 21:59:04'),
(324, 'create', 'published', 'frozen', NULL, NULL, '2013-06-18 08:43:25'),
(325, 'create', 'published', 'frozen', NULL, NULL, '2013-06-18 08:43:27'),
(326, 'create', 'published', 'frozen', NULL, NULL, '2013-06-18 08:43:29'),
(327, 'create', 'published', 'frozen', NULL, NULL, '2013-06-18 09:16:58'),
(328, 'create', 'published', 'frozen', NULL, NULL, '2013-06-18 09:17:36'),
(329, 'create', 'published', 'frozen', NULL, NULL, '2013-06-18 09:22:48'),
(330, 'create', 'published', 'frozen', NULL, NULL, '2013-06-18 09:27:22'),
(331, 'create', 'published', 'frozen', NULL, NULL, '2013-06-18 09:28:59'),
(332, 'create', 'pending', 'published', NULL, NULL, '2013-06-18 09:31:14'),
(333, 'create', 'published', 'frozen', NULL, NULL, '2013-06-18 09:43:11'),
(334, 'create', 'published', 'frozen', NULL, NULL, '2013-06-18 09:43:19'),
(335, 'create', 'pending', 'published', NULL, NULL, '2013-06-18 09:47:05'),
(336, 'update', 'published', 'frozen', NULL, NULL, '2013-06-18 09:47:45'),
(337, 'create', 'published', 'frozen', NULL, NULL, '2013-06-18 09:48:13'),
(338, 'update', 'published', 'frozen', NULL, NULL, '2013-06-18 09:50:37'),
(339, 'create', 'published', 'frozen', NULL, NULL, '2013-06-18 09:50:43'),
(340, 'create', 'published', 'frozen', NULL, NULL, '2013-06-18 09:51:10'),
(341, 'create', 'published', 'frozen', NULL, NULL, '2013-06-18 09:51:35'),
(342, 'create', 'published', 'frozen', NULL, NULL, '2013-06-18 09:54:33'),
(343, 'create', 'published', 'frozen', NULL, NULL, '2013-06-18 09:54:53'),
(344, 'create', 'published', 'frozen', NULL, NULL, '2013-06-18 09:55:56'),
(345, 'create', 'published', 'frozen', NULL, NULL, '2013-06-18 09:56:50'),
(346, 'update', 'published', 'frozen', NULL, NULL, '2013-06-18 10:27:28'),
(347, 'update', 'published', 'frozen', NULL, NULL, '2013-06-18 10:27:56'),
(348, 'update', 'published', 'frozen', NULL, NULL, '2013-06-18 10:28:22'),
(349, 'update', 'published', 'frozen', NULL, NULL, '2013-06-18 10:30:31'),
(350, 'update', 'published', 'frozen', NULL, NULL, '2013-06-18 10:34:17'),
(351, 'update', 'published', 'frozen', NULL, NULL, '2013-06-18 10:37:22'),
(352, 'update', 'published', 'frozen', NULL, NULL, '2013-06-18 10:39:34'),
(353, 'update', 'published', 'frozen', NULL, NULL, '2013-06-18 10:43:38'),
(354, 'create', 'published', 'frozen', NULL, NULL, '2013-06-18 10:44:28'),
(355, 'update', 'published', 'frozen', NULL, NULL, '2013-06-18 10:46:01'),
(356, 'update', 'published', 'frozen', NULL, NULL, '2013-06-18 10:50:40'),
(357, 'create', 'published', 'frozen', NULL, NULL, '2013-06-18 10:52:23'),
(358, 'update', 'published', 'frozen', NULL, NULL, '2013-06-18 10:52:33'),
(359, 'create', 'published', 'frozen', NULL, NULL, '2013-06-18 11:22:19'),
(360, 'create', 'published', 'frozen', NULL, NULL, '2013-06-18 17:08:05'),
(361, 'create', 'published', 'frozen', NULL, NULL, '2013-06-18 17:22:54'),
(362, 'create', 'published', 'frozen', NULL, NULL, '2013-06-18 17:25:22'),
(363, 'create', 'published', 'frozen', NULL, NULL, '2013-06-18 17:27:19'),
(364, 'create', 'published', 'frozen', NULL, NULL, '2013-06-18 17:28:09'),
(365, 'create', 'published', 'frozen', NULL, NULL, '2013-06-18 18:40:58'),
(366, 'create', 'published', 'frozen', NULL, NULL, '2013-06-18 18:54:55'),
(367, 'update', 'published', 'frozen', NULL, NULL, '2013-06-18 18:55:25'),
(368, 'update', 'published', 'frozen', NULL, NULL, '2013-06-18 18:57:21'),
(369, 'create', 'published', 'frozen', NULL, NULL, '2013-06-18 18:58:18'),
(370, 'update', 'published', 'frozen', NULL, NULL, '2013-06-18 18:58:26'),
(371, 'create', 'published', 'frozen', NULL, NULL, '2013-06-18 18:59:27'),
(372, 'update', 'published', 'frozen', NULL, NULL, '2013-06-18 18:59:35'),
(373, 'create', 'published', 'frozen', NULL, NULL, '2013-06-18 19:01:28'),
(374, 'update', 'published', 'frozen', NULL, NULL, '2013-06-18 19:03:50'),
(375, 'create', 'published', 'frozen', NULL, NULL, '2013-06-18 19:27:02'),
(376, 'create', 'published', 'frozen', NULL, NULL, '2013-06-18 19:30:12'),
(377, 'send', 'published', 'frozen', NULL, NULL, '2013-06-18 19:46:20'),
(378, 'send', 'published', 'frozen', NULL, NULL, '2013-06-18 19:46:21'),
(379, 'send', 'published', 'frozen', NULL, NULL, '2013-06-18 19:59:32'),
(380, 'send', 'published', 'frozen', NULL, NULL, '2013-06-18 19:59:33'),
(381, 'create', 'published', 'frozen', NULL, NULL, '2013-06-19 21:46:42'),
(382, 'create', 'published', 'frozen', NULL, NULL, '2013-06-19 21:48:34'),
(383, 'create', 'published', 'frozen', NULL, NULL, '2013-06-19 21:51:00'),
(384, 'create', 'published', 'frozen', NULL, NULL, '2013-06-19 21:53:18'),
(385, 'create', 'published', 'frozen', NULL, NULL, '2013-06-19 21:54:19'),
(386, 'create', 'published', 'frozen', NULL, NULL, '2013-06-19 21:54:50'),
(387, 'create', 'published', 'frozen', NULL, NULL, '2013-06-19 22:03:43'),
(388, 'create', 'published', 'frozen', NULL, NULL, '2013-06-19 22:03:49'),
(389, 'create', 'published', 'frozen', NULL, NULL, '2013-06-19 22:04:14'),
(390, 'create', 'published', 'frozen', NULL, NULL, '2013-06-20 21:39:45'),
(391, 'create', 'published', 'frozen', NULL, NULL, '2013-06-20 21:40:07'),
(392, 'create', 'published', 'frozen', NULL, NULL, '2013-06-20 21:40:07'),
(393, 'create', 'published', 'frozen', NULL, NULL, '2013-06-20 21:40:24'),
(394, 'create', 'published', 'frozen', NULL, NULL, '2013-06-20 21:40:24'),
(395, 'update', 'published', 'frozen', NULL, NULL, '2013-06-20 21:40:58'),
(396, 'create', 'published', 'frozen', NULL, NULL, '2013-06-20 21:41:36'),
(397, 'create', 'published', 'frozen', NULL, NULL, '2013-06-20 21:41:36'),
(398, 'create', 'published', 'frozen', NULL, NULL, '2013-06-20 21:41:52'),
(399, 'create', 'published', 'frozen', NULL, NULL, '2013-06-20 21:41:53'),
(400, 'create', 'published', 'frozen', NULL, NULL, '2013-06-20 21:42:26'),
(401, 'create', 'published', 'frozen', NULL, NULL, '2013-06-20 21:43:58'),
(402, 'update', 'published', 'frozen', NULL, NULL, '2013-06-20 21:44:51'),
(403, 'update', 'published', 'frozen', NULL, NULL, '2013-06-20 21:45:46'),
(404, 'update', 'published', 'frozen', NULL, NULL, '2013-06-20 21:46:31'),
(405, 'create', 'published', 'frozen', NULL, NULL, '2013-06-26 18:53:48'),
(406, 'create', 'published', 'frozen', NULL, NULL, '2013-06-26 21:50:48'),
(407, 'create', 'published', 'frozen', NULL, NULL, '2013-07-01 18:15:13'),
(408, 'create', 'published', 'frozen', NULL, NULL, '2013-07-01 18:16:13'),
(409, 'create', 'published', 'frozen', NULL, NULL, '2013-07-01 18:25:57'),
(410, 'update', 'published', 'frozen', NULL, NULL, '2013-07-01 18:27:48'),
(411, 'create', 'published', 'frozen', NULL, NULL, '2013-07-01 18:43:48'),
(412, 'create', 'published', 'frozen', NULL, NULL, '2013-07-01 19:20:20'),
(413, 'update', 'published', 'frozen', NULL, NULL, '2013-07-01 19:30:17'),
(414, 'create', 'published', 'frozen', NULL, NULL, '2013-07-01 19:30:26'),
(415, 'create', 'published', 'frozen', NULL, NULL, '2013-07-01 19:30:27'),
(416, 'create', 'published', 'frozen', NULL, NULL, '2013-07-01 19:32:46'),
(417, 'create', 'published', 'frozen', NULL, NULL, '2013-07-01 19:32:46'),
(418, 'create', 'published', 'frozen', NULL, NULL, '2013-07-01 19:35:48'),
(419, 'create', 'published', 'frozen', NULL, NULL, '2013-07-01 19:35:48'),
(420, 'create', 'published', 'frozen', NULL, NULL, '2013-07-01 19:36:49'),
(421, 'update', 'published', 'frozen', NULL, NULL, '2013-07-01 19:37:47'),
(422, 'create', 'published', 'frozen', NULL, NULL, '2013-07-01 19:38:01'),
(423, 'create', 'published', 'frozen', NULL, NULL, '2013-07-01 19:38:02'),
(424, 'create', 'pending', 'published', NULL, NULL, '2013-07-01 19:46:35'),
(425, 'create', 'pending', 'published', NULL, NULL, '2013-07-01 19:46:36'),
(426, 'create', 'published', 'frozen', NULL, NULL, '2013-07-01 19:47:00'),
(427, 'create', 'published', 'frozen', NULL, NULL, '2013-07-01 19:47:04'),
(428, 'create', 'published', 'frozen', NULL, NULL, '2013-07-01 19:58:30'),
(429, 'create', 'published', 'frozen', NULL, NULL, '2013-07-01 19:58:41'),
(430, 'create', 'published', 'frozen', NULL, NULL, '2013-07-01 19:58:53'),
(431, 'create', 'published', 'frozen', NULL, NULL, '2013-07-01 19:58:57'),
(432, 'create', 'published', 'frozen', NULL, NULL, '2013-07-01 19:59:14'),
(433, 'create', 'published', 'frozen', NULL, NULL, '2013-07-01 19:59:18'),
(434, 'create', 'published', 'frozen', NULL, NULL, '2013-07-01 19:59:36'),
(435, 'create', 'published', 'frozen', NULL, NULL, '2013-07-01 19:59:39'),
(436, 'create', 'published', 'frozen', NULL, NULL, '2013-07-01 20:00:12'),
(437, 'create', 'published', 'frozen', NULL, NULL, '2013-07-01 20:00:58'),
(438, 'create', 'published', 'frozen', NULL, NULL, '2013-07-01 20:01:03'),
(439, 'create', 'published', 'frozen', NULL, NULL, '2013-07-01 20:01:31'),
(440, 'create', 'published', 'frozen', NULL, NULL, '2013-07-01 20:01:34'),
(441, 'create', 'published', 'frozen', NULL, NULL, '2013-07-01 20:03:24'),
(442, 'create', 'published', 'frozen', NULL, NULL, '2013-07-01 20:03:35'),
(443, 'create', 'published', 'frozen', NULL, NULL, '2013-07-01 20:04:03'),
(444, 'create', 'published', 'frozen', NULL, NULL, '2013-07-01 20:04:10'),
(445, 'create', 'published', 'frozen', NULL, NULL, '2013-07-01 20:07:26'),
(446, 'create', 'published', 'frozen', NULL, NULL, '2013-07-01 20:07:45'),
(447, 'create', 'published', 'frozen', NULL, NULL, '2013-07-01 20:08:00'),
(448, 'create', 'published', 'frozen', NULL, NULL, '2013-07-01 20:09:19'),
(449, 'create', 'published', 'frozen', NULL, NULL, '2013-07-01 20:09:32'),
(450, 'create', 'published', 'frozen', NULL, NULL, '2013-07-01 20:09:45'),
(451, 'create', 'published', 'frozen', NULL, NULL, '2013-07-01 20:10:22'),
(452, 'create', 'published', 'frozen', NULL, NULL, '2013-07-01 20:17:14'),
(453, 'create', 'published', 'frozen', NULL, NULL, '2013-07-01 20:17:17'),
(454, 'create', 'published', 'frozen', NULL, NULL, '2013-07-01 20:19:31'),
(455, 'update', 'published', 'frozen', NULL, NULL, '2013-07-03 18:07:45'),
(456, 'update', 'published', 'frozen', NULL, NULL, '2013-07-03 18:07:46'),
(457, 'update', 'published', 'frozen', NULL, NULL, '2013-07-03 18:09:41'),
(458, 'update', 'published', 'frozen', NULL, NULL, '2013-07-03 18:09:45'),
(459, 'update', 'published', 'frozen', NULL, NULL, '2013-07-03 18:14:24'),
(460, 'update', 'published', 'frozen', NULL, NULL, '2013-07-03 18:14:33'),
(461, 'update', 'published', 'frozen', NULL, NULL, '2013-07-03 18:15:28'),
(462, 'update', 'published', 'frozen', NULL, NULL, '2013-07-03 18:21:28'),
(463, 'update', 'published', 'frozen', NULL, NULL, '2013-07-03 18:21:37'),
(464, 'update', 'published', 'frozen', NULL, NULL, '2013-07-03 18:21:37'),
(465, 'update', 'published', 'frozen', NULL, NULL, '2013-07-03 18:21:37'),
(466, 'update', 'published', 'frozen', NULL, NULL, '2013-07-03 18:23:07'),
(467, 'update', 'published', 'frozen', NULL, NULL, '2013-07-03 18:28:13'),
(468, 'update', 'published', 'frozen', NULL, NULL, '2013-07-03 18:29:19'),
(469, 'update', 'published', 'frozen', NULL, NULL, '2013-07-03 18:33:56'),
(470, 'update', 'published', 'frozen', NULL, NULL, '2013-07-03 18:37:28'),
(471, 'update', 'published', 'frozen', NULL, NULL, '2013-07-03 18:39:04'),
(472, 'update', 'published', 'frozen', NULL, NULL, '2013-07-03 18:39:28'),
(473, 'update', 'published', 'frozen', NULL, NULL, '2013-07-03 18:40:25'),
(474, 'create', 'published', 'frozen', NULL, NULL, '2013-07-03 18:45:24'),
(475, 'update', 'published', 'frozen', NULL, NULL, '2013-07-03 18:50:05'),
(476, 'update', 'published', 'frozen', NULL, NULL, '2013-07-03 18:50:31'),
(477, 'update', 'published', 'frozen', NULL, NULL, '2013-07-03 18:52:16'),
(478, 'update', 'published', 'frozen', NULL, NULL, '2013-07-03 18:52:48'),
(479, 'update', 'published', 'frozen', NULL, NULL, '2013-07-03 19:09:14'),
(480, 'create', 'published', 'frozen', NULL, NULL, '2013-07-03 19:16:42'),
(481, 'update', 'published', 'frozen', NULL, NULL, '2013-07-03 19:18:59'),
(482, 'update', 'published', 'frozen', NULL, NULL, '2013-07-03 19:19:31'),
(483, 'update', 'published', 'frozen', NULL, NULL, '2013-07-03 19:20:24'),
(484, 'update', 'published', 'frozen', NULL, NULL, '2013-07-03 19:22:45'),
(485, 'update', 'published', 'frozen', NULL, NULL, '2013-07-03 19:22:52'),
(486, 'update', 'published', 'frozen', NULL, NULL, '2013-07-03 19:24:23'),
(487, 'update', 'published', 'frozen', NULL, NULL, '2013-07-03 19:45:42'),
(488, 'update', 'published', 'frozen', NULL, NULL, '2013-07-03 19:47:31'),
(489, 'create', 'published', 'frozen', NULL, NULL, '2013-07-03 19:47:39'),
(490, 'create', 'published', 'frozen', NULL, NULL, '2013-07-03 19:48:15'),
(491, 'update', 'published', 'frozen', NULL, NULL, '2013-07-03 19:49:07'),
(492, 'create', 'published', 'frozen', NULL, NULL, '2013-07-03 19:49:17'),
(493, 'create', 'published', 'frozen', NULL, NULL, '2013-07-03 20:39:02'),
(494, 'create', 'published', 'frozen', NULL, NULL, '2013-07-03 20:39:12'),
(495, 'create', 'published', 'frozen', NULL, NULL, '2013-07-03 20:39:55'),
(496, 'create', 'published', 'frozen', NULL, NULL, '2013-07-03 20:40:31'),
(497, 'create', 'published', 'frozen', NULL, NULL, '2013-07-03 20:44:22'),
(498, 'create', 'published', 'frozen', NULL, NULL, '2013-07-05 18:33:08'),
(499, 'create', 'published', 'frozen', NULL, NULL, '2013-07-05 18:33:14'),
(500, 'create', 'published', 'frozen', NULL, NULL, '2013-07-05 18:54:47'),
(501, 'create', 'published', 'frozen', NULL, NULL, '2013-07-05 19:40:43'),
(502, 'create', 'published', 'frozen', NULL, NULL, '2013-07-05 19:50:38'),
(503, 'create', 'published', 'frozen', NULL, NULL, '2013-07-05 19:52:51'),
(504, 'create', 'published', 'frozen', NULL, NULL, '2013-07-05 19:53:27'),
(505, 'create', 'published', 'frozen', NULL, NULL, '2013-07-05 19:58:53'),
(506, 'create', 'published', 'frozen', NULL, NULL, '2013-07-05 19:59:14'),
(507, 'create', 'published', 'frozen', NULL, NULL, '2013-07-05 19:59:46'),
(508, 'create', 'published', 'frozen', NULL, NULL, '2013-07-05 20:05:56'),
(509, 'create', 'published', 'frozen', NULL, NULL, '2013-07-05 20:06:13'),
(510, 'create', 'published', 'frozen', NULL, NULL, '2013-07-05 20:56:09'),
(511, 'create', 'published', 'frozen', NULL, NULL, '2013-07-05 20:58:05'),
(512, 'create', 'published', 'frozen', NULL, NULL, '2013-07-05 21:00:16'),
(513, 'create', 'published', 'frozen', NULL, NULL, '2013-07-05 21:05:00'),
(514, 'create', 'published', 'frozen', NULL, NULL, '2013-07-05 21:05:07'),
(515, 'create', 'published', 'frozen', NULL, NULL, '2013-07-05 21:07:51'),
(516, 'create', 'published', 'frozen', NULL, NULL, '2013-07-05 21:07:56'),
(517, 'create', 'published', 'frozen', NULL, NULL, '2013-07-05 21:08:53'),
(518, 'create', 'published', 'frozen', NULL, NULL, '2013-07-05 21:09:42'),
(519, 'create', 'published', 'frozen', NULL, NULL, '2013-07-05 21:10:28'),
(520, 'create', 'published', 'frozen', NULL, NULL, '2013-07-05 21:11:00'),
(521, 'create', 'published', 'frozen', NULL, NULL, '2013-07-05 21:11:42'),
(522, 'create', 'published', 'frozen', NULL, NULL, '2013-07-05 21:12:14'),
(523, 'create', 'published', 'frozen', NULL, NULL, '2013-07-06 09:28:29'),
(524, 'create', 'published', 'frozen', NULL, NULL, '2013-07-06 09:29:30'),
(525, 'create', 'published', 'frozen', NULL, NULL, '2013-07-06 09:30:00'),
(526, 'create', 'published', 'frozen', NULL, NULL, '2013-07-06 09:41:17'),
(527, 'create', 'published', 'frozen', NULL, NULL, '2013-07-06 09:43:25'),
(528, 'create', 'published', 'frozen', NULL, NULL, '2013-07-06 09:43:34'),
(529, 'create', 'published', 'frozen', NULL, NULL, '2013-07-06 09:45:39'),
(530, 'create', 'published', 'frozen', NULL, NULL, '2013-07-06 09:50:39'),
(531, 'create', 'published', 'frozen', NULL, NULL, '2013-07-06 09:52:36'),
(532, 'create', 'published', 'frozen', NULL, NULL, '2013-07-06 09:57:21'),
(533, 'create', 'published', 'frozen', NULL, NULL, '2013-07-06 09:58:15'),
(534, 'create', 'published', 'frozen', NULL, NULL, '2013-07-06 09:58:55'),
(535, 'create', 'published', 'frozen', NULL, NULL, '2013-07-06 10:05:07'),
(536, 'create', 'published', 'frozen', NULL, NULL, '2013-07-06 10:10:22'),
(537, 'create', 'published', 'frozen', NULL, NULL, '2013-07-06 10:14:10'),
(538, 'create', 'published', 'frozen', NULL, NULL, '2013-07-06 10:44:53'),
(539, 'create', 'published', 'frozen', NULL, NULL, '2013-07-06 10:49:08'),
(540, 'create', 'published', 'frozen', NULL, NULL, '2013-07-06 10:49:58'),
(541, 'create', 'published', 'frozen', NULL, NULL, '2013-07-06 10:50:27'),
(542, 'create', 'published', 'frozen', NULL, NULL, '2013-07-06 10:51:00'),
(543, 'create', 'published', 'frozen', NULL, NULL, '2013-07-06 10:51:16'),
(544, 'create', 'published', 'frozen', NULL, NULL, '2013-07-06 10:51:36'),
(545, 'create', 'published', 'frozen', NULL, NULL, '2013-07-06 11:46:37'),
(546, 'create', 'published', 'frozen', NULL, NULL, '2013-07-06 18:31:43'),
(547, 'create', 'published', 'frozen', NULL, NULL, '2013-07-06 18:35:22'),
(548, 'create', 'published', 'frozen', NULL, NULL, '2013-07-06 19:25:09'),
(549, 'create', 'published', 'frozen', NULL, NULL, '2013-07-06 19:47:09'),
(550, 'create', 'published', 'frozen', NULL, NULL, '2013-07-06 20:07:12'),
(551, 'create', 'published', 'frozen', NULL, NULL, '2013-07-06 20:55:00'),
(552, 'create', 'published', 'frozen', NULL, NULL, '2013-07-06 21:14:48'),
(553, 'create', 'published', 'frozen', NULL, NULL, '2013-07-07 19:02:15'),
(554, 'create', 'published', 'frozen', NULL, NULL, '2013-07-07 19:02:56'),
(555, 'create', 'published', 'frozen', NULL, NULL, '2013-07-07 19:05:41'),
(556, 'create', 'published', 'frozen', NULL, NULL, '2013-07-07 19:06:30'),
(557, 'create', 'published', 'frozen', NULL, NULL, '2013-07-07 19:06:56'),
(558, 'create', 'published', 'frozen', NULL, NULL, '2013-07-07 19:25:03'),
(559, 'update', 'published', 'frozen', NULL, NULL, '2013-07-07 19:25:38'),
(560, 'create', 'published', 'frozen', NULL, NULL, '2013-07-07 19:51:05'),
(561, 'create', 'published', 'frozen', NULL, NULL, '2013-07-07 19:52:01'),
(562, 'create', 'published', 'frozen', NULL, NULL, '2013-07-07 19:52:12'),
(563, 'create', 'published', 'frozen', NULL, NULL, '2013-07-07 19:52:20'),
(564, 'create', 'published', 'frozen', NULL, NULL, '2013-07-07 19:52:24'),
(565, 'create', 'published', 'frozen', NULL, NULL, '2013-07-07 19:52:32'),
(566, 'create', 'published', 'frozen', NULL, NULL, '2013-07-07 19:52:35'),
(567, 'create', 'published', 'frozen', NULL, NULL, '2013-07-07 19:52:43'),
(568, 'create', 'published', 'frozen', NULL, NULL, '2013-07-07 19:52:46'),
(569, 'create', 'published', 'frozen', NULL, NULL, '2013-07-07 19:53:43'),
(570, 'create', 'published', 'frozen', NULL, NULL, '2013-07-07 19:53:47'),
(571, 'create', 'published', 'frozen', NULL, NULL, '2013-07-07 19:53:53'),
(572, 'create', 'published', 'frozen', NULL, NULL, '2013-07-07 19:53:56'),
(573, 'create', 'published', 'frozen', NULL, NULL, '2013-07-07 19:54:00'),
(574, 'create', 'published', 'frozen', NULL, NULL, '2013-07-07 19:54:02'),
(575, 'create', 'published', 'frozen', NULL, NULL, '2013-07-07 19:54:07'),
(576, 'create', 'published', 'frozen', NULL, NULL, '2013-07-07 19:54:10'),
(577, 'create', 'published', 'frozen', NULL, NULL, '2013-07-07 19:56:32'),
(578, 'create', 'published', 'frozen', NULL, NULL, '2013-07-07 19:56:35'),
(579, 'create', 'published', 'frozen', NULL, NULL, '2013-07-07 19:57:39'),
(580, 'create', 'published', 'frozen', NULL, NULL, '2013-07-07 19:57:43'),
(581, 'create', 'published', 'frozen', NULL, NULL, '2013-07-07 19:58:39'),
(582, 'create', 'published', 'frozen', NULL, NULL, '2013-07-07 19:58:42'),
(583, 'create', 'published', 'frozen', NULL, NULL, '2013-07-07 19:59:35'),
(584, 'create', 'published', 'frozen', NULL, NULL, '2013-07-07 20:00:12'),
(585, 'create', 'published', 'frozen', NULL, NULL, '2013-07-07 20:00:54'),
(586, 'create', 'published', 'frozen', NULL, NULL, '2013-07-07 20:00:58'),
(587, 'create', 'published', 'frozen', NULL, NULL, '2013-07-07 20:11:58'),
(588, 'update', 'published', 'frozen', NULL, NULL, '2013-07-07 20:12:04'),
(589, 'create', 'published', 'frozen', NULL, NULL, '2013-07-07 20:13:26'),
(590, 'update', 'published', 'frozen', NULL, NULL, '2013-07-07 20:13:36'),
(591, 'create', 'published', 'frozen', NULL, NULL, '2013-07-07 20:14:40'),
(592, 'update', 'published', 'frozen', NULL, NULL, '2013-07-07 20:14:49'),
(593, 'create', 'published', 'frozen', NULL, NULL, '2013-07-07 20:15:54'),
(594, 'update', 'published', 'frozen', NULL, NULL, '2013-07-07 20:15:59'),
(595, 'create', 'published', 'frozen', NULL, NULL, '2013-07-07 20:33:26'),
(596, 'create', 'published', 'frozen', NULL, NULL, '2013-07-07 20:34:02'),
(597, 'update', 'published', 'frozen', NULL, NULL, '2013-07-07 20:34:53'),
(598, 'create', 'published', 'frozen', NULL, NULL, '2013-07-07 20:38:45'),
(599, 'update', 'published', 'frozen', NULL, NULL, '2013-07-07 20:38:58'),
(600, 'create', 'published', 'frozen', NULL, NULL, '2013-07-07 20:39:29'),
(601, 'update', 'published', 'frozen', NULL, NULL, '2013-07-07 20:39:42'),
(602, 'create', 'published', 'frozen', NULL, NULL, '2013-07-07 20:46:19'),
(603, 'update', 'published', 'frozen', NULL, NULL, '2013-07-07 20:47:57'),
(604, 'update', 'published', 'frozen', NULL, NULL, '2013-07-07 20:48:47'),
(605, 'update', 'published', 'frozen', NULL, NULL, '2013-07-07 20:56:34'),
(606, 'create', 'published', 'frozen', NULL, NULL, '2013-07-07 20:58:00'),
(607, 'create', 'published', 'frozen', NULL, NULL, '2013-07-07 21:00:48'),
(608, 'create', 'published', 'frozen', NULL, NULL, '2013-07-07 21:08:20'),
(609, 'create', 'published', 'frozen', NULL, NULL, '2013-07-07 21:17:45'),
(610, 'create', 'published', 'frozen', NULL, NULL, '2013-07-07 21:22:14'),
(611, 'update', 'published', 'frozen', NULL, NULL, '2013-07-08 18:48:53'),
(612, 'update', 'published', 'frozen', NULL, NULL, '2013-07-08 18:49:16'),
(613, 'update', 'published', 'frozen', NULL, NULL, '2013-07-08 18:49:38'),
(614, 'update', 'published', 'frozen', NULL, NULL, '2013-07-08 18:50:05'),
(615, 'update', 'published', 'frozen', NULL, NULL, '2013-07-08 18:50:43'),
(616, 'update', 'published', 'frozen', NULL, NULL, '2013-07-08 18:51:31'),
(617, 'update', 'published', 'frozen', NULL, NULL, '2013-07-08 18:52:06');

-- --------------------------------------------------------

--
-- Estructura de tabla para la tabla `spy_timeline_action_component`
--

CREATE TABLE IF NOT EXISTS `spy_timeline_action_component` (
  `id` int(11) NOT NULL AUTO_INCREMENT,
  `action_id` int(11) DEFAULT NULL,
  `component_id` int(11) DEFAULT NULL,
  `type` varchar(255) COLLATE utf8_unicode_ci NOT NULL,
  `text` varchar(255) COLLATE utf8_unicode_ci DEFAULT NULL,
  PRIMARY KEY (`id`),
  KEY `IDX_83EE10BB9D32F035` (`action_id`),
  KEY `IDX_83EE10BBE2ABAFFF` (`component_id`)
) ENGINE=InnoDB  DEFAULT CHARSET=utf8 COLLATE=utf8_unicode_ci AUTO_INCREMENT=824 ;

--
-- Volcado de datos para la tabla `spy_timeline_action_component`
--

INSERT INTO `spy_timeline_action_component` (`id`, `action_id`, `component_id`, `type`, `text`) VALUES
(1, 309, 180, 'complement', NULL),
(2, 309, 179, 'subject', NULL),
(3, 310, 180, 'complement', NULL),
(4, 310, 179, 'subject', NULL),
(5, 311, 180, 'complement', NULL),
(6, 311, 179, 'subject', NULL),
(7, 312, 180, 'complement', NULL),
(8, 312, 179, 'subject', NULL),
(9, 313, 181, 'complement', NULL),
(10, 313, 180, 'indirectComplement', NULL),
(11, 313, 179, 'subject', NULL),
(12, 314, 182, 'complement', NULL),
(13, 314, 180, 'indirectComplement', NULL),
(14, 314, 179, 'subject', NULL),
(15, 315, 183, 'complement', NULL),
(16, 315, 180, 'indirectComplement', NULL),
(17, 315, 179, 'subject', NULL),
(18, 316, 184, 'complement', NULL),
(19, 316, 180, 'indirectComplement', NULL),
(20, 316, 179, 'subject', NULL),
(21, 317, 185, 'complement', NULL),
(22, 317, 180, 'indirectComplement', NULL),
(23, 317, 179, 'subject', NULL),
(24, 318, 186, 'complement', NULL),
(25, 318, 180, 'indirectComplement', NULL),
(26, 318, 179, 'subject', NULL),
(27, 319, 187, 'complement', NULL),
(28, 319, 180, 'indirectComplement', NULL),
(29, 319, 179, 'subject', NULL),
(30, 320, 188, 'complement', NULL),
(31, 320, 180, 'indirectComplement', NULL),
(32, 320, 179, 'subject', NULL),
(33, 321, 189, 'complement', NULL),
(34, 321, 180, 'indirectComplement', NULL),
(35, 321, 179, 'subject', NULL),
(36, 322, 190, 'complement', NULL),
(37, 322, 180, 'indirectComplement', NULL),
(38, 322, 179, 'subject', NULL),
(39, 323, 191, 'complement', NULL),
(40, 323, 180, 'indirectComplement', NULL),
(41, 323, 179, 'subject', NULL),
(42, 324, 181, 'complement', NULL),
(43, 324, 180, 'indirectComplement', NULL),
(44, 324, 179, 'subject', NULL),
(45, 325, 182, 'complement', NULL),
(46, 325, 180, 'indirectComplement', NULL),
(47, 325, 179, 'subject', NULL),
(48, 326, 183, 'complement', NULL),
(49, 326, 180, 'indirectComplement', NULL),
(50, 326, 179, 'subject', NULL),
(51, 327, 192, 'complement', NULL),
(52, 327, 180, 'indirectComplement', NULL),
(53, 327, 179, 'subject', NULL),
(54, 328, 193, 'complement', NULL),
(55, 328, 180, 'indirectComplement', NULL),
(56, 328, 179, 'subject', NULL),
(57, 329, 194, 'complement', NULL),
(58, 329, 180, 'indirectComplement', NULL),
(59, 329, 179, 'subject', NULL),
(60, 330, 195, 'complement', NULL),
(61, 330, 180, 'indirectComplement', NULL),
(62, 330, 179, 'subject', NULL),
(63, 331, 196, 'complement', NULL),
(64, 331, 180, 'indirectComplement', NULL),
(65, 331, 179, 'subject', NULL),
(66, 332, 197, 'complement', NULL),
(67, 332, 180, 'indirectComplement', NULL),
(68, 332, 179, 'subject', NULL),
(69, 333, 198, 'complement', NULL),
(70, 333, 179, 'subject', NULL),
(71, 334, 199, 'complement', NULL),
(72, 334, 198, 'indirectComplement', NULL),
(73, 334, 179, 'subject', NULL),
(74, 335, 200, 'complement', NULL),
(75, 335, 198, 'indirectComplement', NULL),
(76, 335, 179, 'subject', NULL),
(77, 336, 180, 'complement', NULL),
(78, 336, 179, 'subject', NULL),
(79, 337, 201, 'complement', NULL),
(80, 337, 202, 'indirectComplement', NULL),
(81, 337, 179, 'subject', NULL),
(82, 338, 203, 'complement', NULL),
(83, 338, 179, 'subject', NULL),
(84, 339, 204, 'complement', NULL),
(85, 339, 203, 'indirectComplement', NULL),
(86, 339, 179, 'subject', NULL),
(87, 340, 205, 'complement', NULL),
(88, 340, 203, 'indirectComplement', NULL),
(89, 340, 179, 'subject', NULL),
(90, 341, 206, 'complement', NULL),
(91, 341, 203, 'indirectComplement', NULL),
(92, 341, 179, 'subject', NULL),
(93, 342, 207, 'complement', NULL),
(94, 342, 203, 'indirectComplement', NULL),
(95, 342, 179, 'subject', NULL),
(96, 343, 208, 'complement', NULL),
(97, 343, 203, 'indirectComplement', NULL),
(98, 343, 179, 'subject', NULL),
(99, 344, 209, 'complement', NULL),
(100, 344, 203, 'indirectComplement', NULL),
(101, 344, 179, 'subject', NULL),
(102, 345, 210, 'complement', NULL),
(103, 345, 203, 'indirectComplement', NULL),
(104, 345, 179, 'subject', NULL),
(105, 346, 211, 'complement', NULL),
(106, 346, 179, 'subject', NULL),
(107, 347, 211, 'complement', NULL),
(108, 347, 179, 'subject', NULL),
(109, 348, 212, 'complement', NULL),
(110, 348, 179, 'subject', NULL),
(111, 349, 212, 'complement', NULL),
(112, 349, 179, 'subject', NULL),
(113, 350, 180, 'complement', NULL),
(114, 350, 179, 'subject', NULL),
(115, 351, 180, 'complement', NULL),
(116, 351, 179, 'subject', NULL),
(117, 352, 180, 'complement', NULL),
(118, 352, 179, 'subject', NULL),
(119, 353, 180, 'complement', NULL),
(120, 353, 179, 'subject', NULL),
(121, 354, 213, 'complement', NULL),
(122, 354, 179, 'subject', NULL),
(123, 355, 211, 'complement', NULL),
(124, 355, 179, 'subject', NULL),
(125, 356, 198, 'complement', NULL),
(126, 356, 179, 'subject', NULL),
(127, 357, 214, 'complement', NULL),
(128, 357, 213, 'indirectComplement', NULL),
(129, 357, 179, 'subject', NULL),
(130, 358, 213, 'complement', NULL),
(131, 358, 179, 'subject', NULL),
(132, 359, 215, 'complement', NULL),
(133, 359, 213, 'indirectComplement', NULL),
(134, 359, 179, 'subject', NULL),
(135, 360, 217, 'complement', NULL),
(136, 360, 216, 'indirectComplement', NULL),
(137, 360, 179, 'subject', NULL),
(138, 361, 218, 'complement', NULL),
(139, 361, 216, 'indirectComplement', NULL),
(140, 361, 179, 'subject', NULL),
(141, 362, 219, 'complement', NULL),
(142, 362, 216, 'indirectComplement', NULL),
(143, 362, 179, 'subject', NULL),
(144, 363, 220, 'complement', NULL),
(145, 363, 216, 'indirectComplement', NULL),
(146, 363, 179, 'subject', NULL),
(147, 364, 221, 'complement', NULL),
(148, 364, 216, 'indirectComplement', NULL),
(149, 364, 179, 'subject', NULL),
(150, 365, 222, 'complement', NULL),
(151, 365, 216, 'indirectComplement', NULL),
(152, 365, 179, 'subject', NULL),
(153, 366, 223, 'complement', NULL),
(154, 366, 224, 'indirectComplement', NULL),
(155, 366, 179, 'subject', NULL),
(156, 367, 224, 'complement', NULL),
(157, 367, 179, 'subject', NULL),
(158, 368, 225, 'complement', NULL),
(159, 368, 179, 'subject', NULL),
(160, 369, 226, 'complement', NULL),
(161, 369, 227, 'indirectComplement', NULL),
(162, 369, 179, 'subject', NULL),
(163, 370, 227, 'complement', NULL),
(164, 370, 179, 'subject', NULL),
(165, 371, 228, 'complement', NULL),
(166, 371, 229, 'indirectComplement', NULL),
(167, 371, 179, 'subject', NULL),
(168, 372, 229, 'complement', NULL),
(169, 372, 179, 'subject', NULL),
(170, 373, 230, 'complement', NULL),
(171, 373, 179, 'subject', NULL),
(172, 374, 224, 'complement', NULL),
(173, 374, 179, 'subject', NULL),
(174, 375, 231, 'complement', NULL),
(175, 375, 179, 'subject', NULL),
(176, 376, 232, 'complement', NULL),
(177, 376, 179, 'subject', NULL),
(178, 377, 233, 'complement', NULL),
(179, 377, 216, 'indirectComplement', NULL),
(180, 377, 179, 'subject', NULL),
(181, 378, 233, 'complement', NULL),
(182, 378, 179, 'indirectComplement', NULL),
(183, 378, 179, 'subject', NULL),
(184, 379, 234, 'complement', NULL),
(185, 379, 216, 'indirectComplement', NULL),
(186, 379, 179, 'subject', NULL),
(187, 380, 234, 'complement', NULL),
(188, 380, 179, 'indirectComplement', NULL),
(189, 380, 179, 'subject', NULL),
(190, 381, 235, 'complement', NULL),
(191, 381, 216, 'indirectComplement', NULL),
(192, 381, 179, 'subject', NULL),
(193, 382, 236, 'complement', NULL),
(194, 382, 216, 'indirectComplement', NULL),
(195, 382, 179, 'subject', NULL),
(196, 383, 237, 'complement', NULL),
(197, 383, 216, 'indirectComplement', NULL),
(198, 383, 179, 'subject', NULL),
(199, 384, 238, 'complement', NULL),
(200, 384, 216, 'indirectComplement', NULL),
(201, 384, 179, 'subject', NULL),
(202, 385, 239, 'complement', NULL),
(203, 385, 216, 'indirectComplement', NULL),
(204, 385, 179, 'subject', NULL),
(205, 386, 240, 'complement', NULL),
(206, 386, 216, 'indirectComplement', NULL),
(207, 386, 179, 'subject', NULL),
(208, 387, 241, 'complement', NULL),
(209, 387, 216, 'indirectComplement', NULL),
(210, 387, 179, 'subject', NULL),
(211, 388, 242, 'complement', NULL),
(212, 388, 216, 'indirectComplement', NULL),
(213, 388, 179, 'subject', NULL),
(214, 389, 243, 'complement', NULL),
(215, 389, 216, 'indirectComplement', NULL),
(216, 389, 179, 'subject', NULL),
(217, 390, 244, 'complement', NULL),
(218, 390, 179, 'subject', NULL),
(219, 391, 245, 'complement', NULL),
(220, 391, 244, 'indirectComplement', NULL),
(221, 391, 179, 'subject', NULL),
(222, 392, 246, 'complement', NULL),
(223, 392, 244, 'indirectComplement', NULL),
(224, 392, 179, 'subject', NULL),
(225, 393, 247, 'complement', NULL),
(226, 393, 244, 'indirectComplement', NULL),
(227, 393, 179, 'subject', NULL),
(228, 394, 248, 'complement', NULL),
(229, 394, 244, 'indirectComplement', NULL),
(230, 394, 179, 'subject', NULL),
(231, 395, 202, 'complement', NULL),
(232, 395, 179, 'subject', NULL),
(233, 396, 249, 'complement', NULL),
(234, 396, 202, 'indirectComplement', NULL),
(235, 396, 179, 'subject', NULL),
(236, 397, 250, 'complement', NULL),
(237, 397, 202, 'indirectComplement', NULL),
(238, 397, 179, 'subject', NULL),
(239, 398, 251, 'complement', NULL),
(240, 398, 202, 'indirectComplement', NULL),
(241, 398, 179, 'subject', NULL),
(242, 399, 252, 'complement', NULL),
(243, 399, 202, 'indirectComplement', NULL),
(244, 399, 179, 'subject', NULL),
(245, 400, 253, 'complement', NULL),
(246, 400, 202, 'indirectComplement', NULL),
(247, 400, 179, 'subject', NULL),
(248, 401, 254, 'complement', NULL),
(249, 401, 202, 'indirectComplement', NULL),
(250, 401, 179, 'subject', NULL),
(251, 402, 232, 'complement', NULL),
(252, 402, 179, 'subject', NULL),
(253, 403, 231, 'complement', NULL),
(254, 403, 179, 'subject', NULL),
(255, 404, 202, 'complement', NULL),
(256, 404, 179, 'subject', NULL),
(257, 405, 255, 'complement', NULL),
(258, 405, 202, 'indirectComplement', NULL),
(259, 405, 179, 'subject', NULL),
(260, 406, 264, 'complement', NULL),
(261, 406, 265, 'indirectComplement', NULL),
(262, 406, 263, 'subject', NULL),
(263, 407, 266, 'complement', NULL),
(264, 407, 179, 'subject', NULL),
(265, 408, 267, 'complement', NULL),
(266, 408, 179, 'subject', NULL),
(267, 409, 268, 'complement', NULL),
(268, 409, 179, 'subject', NULL),
(269, 410, 268, 'complement', NULL),
(270, 410, 179, 'subject', NULL),
(271, 411, 269, 'complement', NULL),
(272, 411, 179, 'subject', NULL),
(273, 412, 270, 'complement', NULL),
(274, 412, 271, 'indirectComplement', NULL),
(275, 412, 263, 'subject', NULL),
(276, 413, 232, 'complement', NULL),
(277, 413, 179, 'subject', NULL),
(278, 414, 272, 'complement', NULL),
(279, 414, 232, 'indirectComplement', NULL),
(280, 414, 179, 'subject', NULL),
(281, 415, 273, 'complement', NULL),
(282, 415, 232, 'indirectComplement', NULL),
(283, 415, 179, 'subject', NULL),
(284, 416, 274, 'complement', NULL),
(285, 416, 232, 'indirectComplement', NULL),
(286, 416, 179, 'subject', NULL),
(287, 417, 275, 'complement', NULL),
(288, 417, 232, 'indirectComplement', NULL),
(289, 417, 179, 'subject', NULL),
(290, 418, 276, 'complement', NULL),
(291, 418, 232, 'indirectComplement', NULL),
(292, 418, 179, 'subject', NULL),
(293, 419, 277, 'complement', NULL),
(294, 419, 232, 'indirectComplement', NULL),
(295, 419, 179, 'subject', NULL),
(296, 420, 278, 'complement', NULL),
(297, 420, 256, 'indirectComplement', NULL),
(298, 420, 179, 'subject', NULL),
(299, 421, 232, 'complement', NULL),
(300, 421, 179, 'subject', NULL),
(301, 422, 279, 'complement', NULL),
(302, 422, 232, 'indirectComplement', NULL),
(303, 422, 179, 'subject', NULL),
(304, 423, 280, 'complement', NULL),
(305, 423, 232, 'indirectComplement', NULL),
(306, 423, 179, 'subject', NULL),
(307, 424, 281, 'complement', NULL),
(308, 424, 232, 'indirectComplement', NULL),
(309, 424, 179, 'subject', NULL),
(310, 425, 282, 'complement', NULL),
(311, 425, 232, 'indirectComplement', NULL),
(312, 425, 179, 'subject', NULL),
(313, 426, 283, 'complement', NULL),
(314, 426, 232, 'indirectComplement', NULL),
(315, 426, 179, 'subject', NULL),
(316, 427, 284, 'complement', NULL),
(317, 427, 232, 'indirectComplement', NULL),
(318, 427, 179, 'subject', NULL),
(319, 428, 285, 'complement', NULL),
(320, 428, 231, 'indirectComplement', NULL),
(321, 428, 179, 'subject', NULL),
(322, 429, 286, 'complement', NULL),
(323, 429, 231, 'indirectComplement', NULL),
(324, 429, 179, 'subject', NULL),
(325, 430, 287, 'complement', NULL),
(326, 430, 232, 'indirectComplement', NULL),
(327, 430, 179, 'subject', NULL),
(328, 431, 288, 'complement', NULL),
(329, 431, 232, 'indirectComplement', NULL),
(330, 431, 179, 'subject', NULL),
(331, 432, 289, 'complement', NULL),
(332, 432, 232, 'indirectComplement', NULL),
(333, 432, 179, 'subject', NULL),
(334, 433, 290, 'complement', NULL),
(335, 433, 232, 'indirectComplement', NULL),
(336, 433, 179, 'subject', NULL),
(337, 434, 291, 'complement', NULL),
(338, 434, 232, 'indirectComplement', NULL),
(339, 434, 179, 'subject', NULL),
(340, 435, 292, 'complement', NULL),
(341, 435, 232, 'indirectComplement', NULL),
(342, 435, 179, 'subject', NULL),
(343, 436, 293, 'complement', NULL),
(344, 436, 232, 'indirectComplement', NULL),
(345, 436, 179, 'subject', NULL),
(346, 437, 294, 'complement', NULL),
(347, 437, 232, 'indirectComplement', NULL),
(348, 437, 179, 'subject', NULL),
(349, 438, 295, 'complement', NULL),
(350, 438, 232, 'indirectComplement', NULL),
(351, 438, 179, 'subject', NULL),
(352, 439, 296, 'complement', NULL),
(353, 439, 232, 'indirectComplement', NULL),
(354, 439, 179, 'subject', NULL),
(355, 440, 297, 'complement', NULL),
(356, 440, 232, 'indirectComplement', NULL),
(357, 440, 179, 'subject', NULL),
(358, 441, 298, 'complement', NULL),
(359, 441, 232, 'indirectComplement', NULL),
(360, 441, 179, 'subject', NULL),
(361, 442, 299, 'complement', NULL),
(362, 442, 232, 'indirectComplement', NULL),
(363, 442, 179, 'subject', NULL),
(364, 443, 300, 'complement', NULL),
(365, 443, 232, 'indirectComplement', NULL),
(366, 443, 179, 'subject', NULL),
(367, 444, 301, 'complement', NULL),
(368, 444, 232, 'indirectComplement', NULL),
(369, 444, 179, 'subject', NULL),
(370, 445, 302, 'complement', NULL),
(371, 445, 232, 'indirectComplement', NULL),
(372, 445, 179, 'subject', NULL),
(373, 446, 303, 'complement', NULL),
(374, 446, 232, 'indirectComplement', NULL),
(375, 446, 179, 'subject', NULL),
(376, 447, 304, 'complement', NULL),
(377, 447, 232, 'indirectComplement', NULL),
(378, 447, 179, 'subject', NULL),
(379, 448, 305, 'complement', NULL),
(380, 448, 232, 'indirectComplement', NULL),
(381, 448, 179, 'subject', NULL),
(382, 449, 306, 'complement', NULL),
(383, 449, 232, 'indirectComplement', NULL),
(384, 449, 179, 'subject', NULL),
(385, 450, 307, 'complement', NULL),
(386, 450, 232, 'indirectComplement', NULL),
(387, 450, 179, 'subject', NULL),
(388, 451, 308, 'complement', NULL),
(389, 451, 232, 'indirectComplement', NULL),
(390, 451, 179, 'subject', NULL),
(391, 452, 305, 'complement', NULL),
(392, 452, 232, 'indirectComplement', NULL),
(393, 452, 179, 'subject', NULL),
(394, 453, 305, 'complement', NULL),
(395, 453, 232, 'indirectComplement', NULL),
(396, 453, 179, 'subject', NULL),
(397, 454, 309, 'complement', NULL),
(398, 454, 232, 'indirectComplement', NULL),
(399, 454, 179, 'subject', NULL),
(400, 455, 232, 'complement', NULL),
(401, 455, 179, 'subject', NULL),
(402, 456, 232, 'complement', NULL),
(403, 456, 179, 'subject', NULL),
(404, 457, 232, 'complement', NULL),
(405, 457, 179, 'subject', NULL),
(406, 458, 232, 'complement', NULL),
(407, 458, 179, 'subject', NULL),
(408, 459, 232, 'complement', NULL),
(409, 459, 179, 'subject', NULL),
(410, 460, 232, 'complement', NULL),
(411, 460, 179, 'subject', NULL),
(412, 461, 232, 'complement', NULL),
(413, 461, 179, 'subject', NULL),
(414, 462, 232, 'complement', NULL),
(415, 462, 179, 'subject', NULL),
(416, 463, 232, 'complement', NULL),
(417, 463, 179, 'subject', NULL),
(418, 464, 232, 'complement', NULL),
(419, 464, 179, 'subject', NULL),
(420, 465, 232, 'complement', NULL),
(421, 465, 179, 'subject', NULL),
(422, 466, 232, 'complement', NULL),
(423, 466, 179, 'subject', NULL),
(424, 467, 268, 'complement', NULL),
(425, 467, 179, 'subject', NULL),
(426, 468, 232, 'complement', NULL),
(427, 468, 179, 'subject', NULL),
(428, 469, 268, 'complement', NULL),
(429, 469, 179, 'subject', NULL),
(430, 470, 268, 'complement', NULL),
(431, 470, 179, 'subject', NULL),
(432, 471, 268, 'complement', NULL),
(433, 471, 179, 'subject', NULL),
(434, 472, 268, 'complement', NULL),
(435, 472, 179, 'subject', NULL),
(436, 473, 268, 'complement', NULL),
(437, 473, 179, 'subject', NULL),
(438, 474, 310, 'complement', NULL),
(439, 474, 268, 'indirectComplement', NULL),
(440, 474, 179, 'subject', NULL),
(441, 475, 268, 'complement', NULL),
(442, 475, 179, 'subject', NULL),
(443, 476, 268, 'complement', NULL),
(444, 476, 179, 'subject', NULL),
(445, 477, 268, 'complement', NULL),
(446, 477, 179, 'subject', NULL),
(447, 478, 268, 'complement', NULL),
(448, 478, 179, 'subject', NULL),
(449, 479, 232, 'complement', NULL),
(450, 479, 179, 'subject', NULL),
(451, 480, 311, 'complement', NULL),
(452, 480, 232, 'indirectComplement', NULL),
(453, 480, 179, 'subject', NULL),
(454, 481, 232, 'complement', NULL),
(455, 481, 179, 'subject', NULL),
(456, 482, 232, 'complement', NULL),
(457, 482, 179, 'subject', NULL),
(458, 483, 232, 'complement', NULL),
(459, 483, 179, 'subject', NULL),
(460, 484, 231, 'complement', NULL),
(461, 484, 179, 'subject', NULL),
(462, 485, 231, 'complement', NULL),
(463, 485, 179, 'subject', NULL),
(464, 486, 268, 'complement', NULL),
(465, 486, 179, 'subject', NULL),
(466, 487, 202, 'complement', NULL),
(467, 487, 179, 'subject', NULL),
(468, 488, 202, 'complement', NULL),
(469, 488, 179, 'subject', NULL),
(470, 489, 312, 'complement', NULL),
(471, 489, 202, 'indirectComplement', NULL),
(472, 489, 179, 'subject', NULL),
(473, 490, 313, 'complement', NULL),
(474, 490, 202, 'indirectComplement', NULL),
(475, 490, 179, 'subject', NULL),
(476, 491, 232, 'complement', NULL),
(477, 491, 179, 'subject', NULL),
(478, 492, 314, 'complement', NULL),
(479, 492, 232, 'indirectComplement', NULL),
(480, 492, 179, 'subject', NULL),
(481, 493, 315, 'complement', NULL),
(482, 493, 267, 'indirectComplement', NULL),
(483, 493, 179, 'subject', NULL),
(484, 494, 316, 'complement', NULL),
(485, 494, 267, 'indirectComplement', NULL),
(486, 494, 179, 'subject', NULL),
(487, 495, 317, 'complement', NULL),
(488, 495, 267, 'indirectComplement', NULL),
(489, 495, 179, 'subject', NULL),
(490, 496, 318, 'complement', NULL),
(491, 496, 267, 'indirectComplement', NULL),
(492, 496, 179, 'subject', NULL),
(493, 497, 319, 'complement', NULL),
(494, 497, 224, 'indirectComplement', NULL),
(495, 497, 179, 'subject', NULL),
(496, 498, 320, 'complement', NULL),
(497, 498, 269, 'indirectComplement', NULL),
(498, 498, 179, 'subject', NULL),
(499, 499, 321, 'complement', NULL),
(500, 499, 269, 'indirectComplement', NULL),
(501, 499, 179, 'subject', NULL),
(502, 500, 322, 'complement', NULL),
(503, 500, 269, 'indirectComplement', NULL),
(504, 500, 179, 'subject', NULL),
(505, 501, 323, 'complement', NULL),
(506, 501, 179, 'subject', NULL),
(507, 502, 324, 'complement', NULL),
(508, 502, 323, 'indirectComplement', NULL),
(509, 502, 179, 'subject', NULL),
(510, 503, 325, 'complement', NULL),
(511, 503, 323, 'indirectComplement', NULL),
(512, 503, 179, 'subject', NULL),
(513, 504, 326, 'complement', NULL),
(514, 504, 323, 'indirectComplement', NULL),
(515, 504, 179, 'subject', NULL),
(516, 505, 327, 'complement', NULL),
(517, 505, 323, 'indirectComplement', NULL),
(518, 505, 179, 'subject', NULL),
(519, 506, 328, 'complement', NULL),
(520, 506, 323, 'indirectComplement', NULL),
(521, 506, 179, 'subject', NULL),
(522, 507, 329, 'complement', NULL),
(523, 507, 323, 'indirectComplement', NULL),
(524, 507, 179, 'subject', NULL),
(525, 508, 330, 'complement', NULL),
(526, 508, 323, 'indirectComplement', NULL),
(527, 508, 179, 'subject', NULL),
(528, 509, 331, 'complement', NULL),
(529, 509, 323, 'indirectComplement', NULL),
(530, 509, 179, 'subject', NULL),
(531, 510, 332, 'complement', NULL),
(532, 510, 179, 'subject', NULL),
(533, 511, 333, 'complement', NULL),
(534, 511, 179, 'subject', NULL),
(535, 512, 334, 'complement', NULL),
(536, 512, 333, 'indirectComplement', NULL),
(537, 512, 179, 'subject', NULL),
(538, 513, 335, 'complement', NULL),
(539, 513, 333, 'indirectComplement', NULL),
(540, 513, 179, 'subject', NULL),
(541, 514, 336, 'complement', NULL),
(542, 514, 333, 'indirectComplement', NULL),
(543, 514, 179, 'subject', NULL),
(544, 515, 337, 'complement', NULL),
(545, 515, 333, 'indirectComplement', NULL),
(546, 515, 179, 'subject', NULL),
(547, 516, 338, 'complement', NULL),
(548, 516, 333, 'indirectComplement', NULL),
(549, 516, 179, 'subject', NULL),
(550, 517, 339, 'complement', NULL),
(551, 517, 333, 'indirectComplement', NULL),
(552, 517, 179, 'subject', NULL),
(553, 518, 340, 'complement', NULL),
(554, 518, 333, 'indirectComplement', NULL),
(555, 518, 179, 'subject', NULL),
(556, 519, 341, 'complement', NULL),
(557, 519, 333, 'indirectComplement', NULL),
(558, 519, 179, 'subject', NULL),
(559, 520, 342, 'complement', NULL),
(560, 520, 333, 'indirectComplement', NULL),
(561, 520, 179, 'subject', NULL),
(562, 521, 343, 'complement', NULL),
(563, 521, 333, 'indirectComplement', NULL),
(564, 521, 179, 'subject', NULL),
(565, 522, 344, 'complement', NULL),
(566, 522, 333, 'indirectComplement', NULL),
(567, 522, 179, 'subject', NULL),
(568, 523, 334, 'complement', NULL),
(569, 523, 333, 'indirectComplement', NULL),
(570, 523, 179, 'subject', NULL),
(571, 524, 335, 'complement', NULL),
(572, 524, 333, 'indirectComplement', NULL),
(573, 524, 179, 'subject', NULL),
(574, 525, 336, 'complement', NULL),
(575, 525, 333, 'indirectComplement', NULL),
(576, 525, 179, 'subject', NULL),
(577, 526, 337, 'complement', NULL),
(578, 526, 333, 'indirectComplement', NULL),
(579, 526, 179, 'subject', NULL),
(580, 527, 338, 'complement', NULL),
(581, 527, 333, 'indirectComplement', NULL),
(582, 527, 179, 'subject', NULL),
(583, 528, 339, 'complement', NULL),
(584, 528, 333, 'indirectComplement', NULL),
(585, 528, 179, 'subject', NULL),
(586, 529, 340, 'complement', NULL),
(587, 529, 333, 'indirectComplement', NULL),
(588, 529, 179, 'subject', NULL),
(589, 530, 341, 'complement', NULL),
(590, 530, 333, 'indirectComplement', NULL),
(591, 530, 179, 'subject', NULL),
(592, 531, 342, 'complement', NULL),
(593, 531, 333, 'indirectComplement', NULL),
(594, 531, 179, 'subject', NULL),
(595, 532, 343, 'complement', NULL),
(596, 532, 333, 'indirectComplement', NULL),
(597, 532, 179, 'subject', NULL),
(598, 533, 344, 'complement', NULL),
(599, 533, 333, 'indirectComplement', NULL),
(600, 533, 179, 'subject', NULL),
(601, 534, 345, 'complement', NULL),
(602, 534, 333, 'indirectComplement', NULL),
(603, 534, 179, 'subject', NULL),
(604, 535, 346, 'complement', NULL),
(605, 535, 333, 'indirectComplement', NULL),
(606, 535, 179, 'subject', NULL),
(607, 536, 347, 'complement', NULL),
(608, 536, 333, 'indirectComplement', NULL),
(609, 536, 179, 'subject', NULL),
(610, 537, 348, 'complement', NULL),
(611, 537, 333, 'indirectComplement', NULL),
(612, 537, 179, 'subject', NULL),
(613, 538, 349, 'complement', NULL),
(614, 538, 333, 'indirectComplement', NULL),
(615, 538, 179, 'subject', NULL),
(616, 539, 350, 'complement', NULL),
(617, 539, 333, 'indirectComplement', NULL),
(618, 539, 179, 'subject', NULL),
(619, 540, 351, 'complement', NULL),
(620, 540, 333, 'indirectComplement', NULL),
(621, 540, 179, 'subject', NULL),
(622, 541, 352, 'complement', NULL),
(623, 541, 333, 'indirectComplement', NULL),
(624, 541, 179, 'subject', NULL),
(625, 542, 353, 'complement', NULL),
(626, 542, 333, 'indirectComplement', NULL),
(627, 542, 179, 'subject', NULL),
(628, 543, 354, 'complement', NULL),
(629, 543, 333, 'indirectComplement', NULL),
(630, 543, 179, 'subject', NULL),
(631, 544, 355, 'complement', NULL),
(632, 544, 333, 'indirectComplement', NULL),
(633, 544, 179, 'subject', NULL),
(634, 545, 356, 'complement', NULL),
(635, 545, 179, 'subject', NULL),
(636, 546, 357, 'complement', NULL),
(637, 546, 216, 'indirectComplement', NULL),
(638, 546, 179, 'subject', NULL),
(639, 547, 358, 'complement', NULL),
(640, 547, 216, 'indirectComplement', NULL),
(641, 547, 216, 'subject', NULL),
(642, 548, 359, 'complement', NULL),
(643, 548, 216, 'indirectComplement', NULL),
(644, 548, 179, 'subject', NULL),
(645, 549, 360, 'complement', NULL),
(646, 549, 216, 'indirectComplement', NULL),
(647, 549, 179, 'subject', NULL),
(648, 550, 361, 'complement', NULL),
(649, 550, 216, 'indirectComplement', NULL),
(650, 550, 179, 'subject', NULL),
(651, 551, 362, 'complement', NULL),
(652, 551, 216, 'indirectComplement', NULL),
(653, 551, 179, 'subject', NULL),
(654, 552, 363, 'complement', NULL),
(655, 552, 216, 'indirectComplement', NULL),
(656, 552, 179, 'subject', NULL),
(657, 553, 364, 'complement', NULL),
(658, 553, 216, 'indirectComplement', NULL),
(659, 553, 179, 'subject', NULL),
(660, 554, 365, 'complement', NULL),
(661, 554, 216, 'indirectComplement', NULL),
(662, 554, 179, 'subject', NULL),
(663, 555, 366, 'complement', NULL),
(664, 555, 216, 'indirectComplement', NULL),
(665, 555, 179, 'subject', NULL),
(666, 556, 367, 'complement', NULL),
(667, 556, 216, 'indirectComplement', NULL),
(668, 556, 179, 'subject', NULL),
(669, 557, 368, 'complement', NULL),
(670, 557, 216, 'indirectComplement', NULL),
(671, 557, 179, 'subject', NULL),
(672, 558, 369, 'complement', NULL),
(673, 558, 179, 'subject', NULL),
(674, 559, 369, 'complement', NULL),
(675, 559, 179, 'subject', NULL),
(676, 560, 370, 'complement', NULL),
(677, 560, 369, 'indirectComplement', NULL),
(678, 560, 216, 'subject', NULL),
(679, 561, 355, 'complement', NULL),
(680, 561, 369, 'indirectComplement', NULL),
(681, 561, 216, 'subject', NULL),
(682, 562, 371, 'complement', NULL),
(683, 562, 369, 'indirectComplement', NULL),
(684, 562, 216, 'subject', NULL),
(685, 563, 372, 'complement', NULL),
(686, 563, 369, 'indirectComplement', NULL),
(687, 563, 216, 'subject', NULL),
(688, 564, 373, 'complement', NULL),
(689, 564, 369, 'indirectComplement', NULL),
(690, 564, 216, 'subject', NULL),
(691, 565, 374, 'complement', NULL),
(692, 565, 369, 'indirectComplement', NULL),
(693, 565, 216, 'subject', NULL),
(694, 566, 375, 'complement', NULL),
(695, 566, 369, 'indirectComplement', NULL),
(696, 566, 216, 'subject', NULL),
(697, 567, 376, 'complement', NULL),
(698, 567, 369, 'indirectComplement', NULL),
(699, 567, 216, 'subject', NULL),
(700, 568, 377, 'complement', NULL),
(701, 568, 369, 'indirectComplement', NULL),
(702, 568, 216, 'subject', NULL),
(703, 569, 378, 'complement', NULL),
(704, 569, 369, 'indirectComplement', NULL),
(705, 569, 216, 'subject', NULL),
(706, 570, 379, 'complement', NULL),
(707, 570, 369, 'indirectComplement', NULL),
(708, 570, 216, 'subject', NULL),
(709, 571, 380, 'complement', NULL),
(710, 571, 369, 'indirectComplement', NULL),
(711, 571, 216, 'subject', NULL),
(712, 572, 381, 'complement', NULL),
(713, 572, 369, 'indirectComplement', NULL),
(714, 572, 216, 'subject', NULL),
(715, 573, 382, 'complement', NULL),
(716, 573, 369, 'indirectComplement', NULL),
(717, 573, 216, 'subject', NULL),
(718, 574, 383, 'complement', NULL),
(719, 574, 369, 'indirectComplement', NULL),
(720, 574, 216, 'subject', NULL),
(721, 575, 384, 'complement', NULL),
(722, 575, 369, 'indirectComplement', NULL),
(723, 575, 216, 'subject', NULL),
(724, 576, 385, 'complement', NULL),
(725, 576, 369, 'indirectComplement', NULL),
(726, 576, 216, 'subject', NULL),
(727, 577, 386, 'complement', NULL),
(728, 577, 369, 'indirectComplement', NULL),
(729, 577, 216, 'subject', NULL),
(730, 578, 387, 'complement', NULL),
(731, 578, 369, 'indirectComplement', NULL),
(732, 578, 216, 'subject', NULL),
(733, 579, 388, 'complement', NULL),
(734, 579, 369, 'indirectComplement', NULL),
(735, 579, 216, 'subject', NULL),
(736, 580, 389, 'complement', NULL),
(737, 580, 369, 'indirectComplement', NULL),
(738, 580, 216, 'subject', NULL),
(739, 581, 390, 'complement', NULL),
(740, 581, 369, 'indirectComplement', NULL),
(741, 581, 216, 'subject', NULL),
(742, 582, 391, 'complement', NULL),
(743, 582, 369, 'indirectComplement', NULL),
(744, 582, 216, 'subject', NULL),
(745, 583, 392, 'complement', NULL),
(746, 583, 369, 'indirectComplement', NULL),
(747, 583, 216, 'subject', NULL),
(748, 584, 393, 'complement', NULL),
(749, 584, 369, 'indirectComplement', NULL),
(750, 584, 216, 'subject', NULL),
(751, 585, 394, 'complement', NULL),
(752, 585, 369, 'indirectComplement', NULL),
(753, 585, 216, 'subject', NULL),
(754, 586, 395, 'complement', NULL),
(755, 586, 369, 'indirectComplement', NULL),
(756, 586, 216, 'subject', NULL),
(757, 587, 396, 'complement', NULL),
(758, 587, 268, 'indirectComplement', NULL),
(759, 587, 179, 'subject', NULL),
(760, 588, 268, 'complement', NULL),
(761, 588, 179, 'subject', NULL),
(762, 589, 397, 'complement', NULL),
(763, 589, 231, 'indirectComplement', NULL),
(764, 589, 179, 'subject', NULL),
(765, 590, 231, 'complement', NULL),
(766, 590, 179, 'subject', NULL),
(767, 591, 398, 'complement', NULL),
(768, 591, 356, 'indirectComplement', NULL),
(769, 591, 179, 'subject', NULL),
(770, 592, 356, 'complement', NULL),
(771, 592, 179, 'subject', NULL),
(772, 593, 399, 'complement', NULL),
(773, 593, 202, 'indirectComplement', NULL),
(774, 593, 179, 'subject', NULL),
(775, 594, 202, 'complement', NULL),
(776, 594, 179, 'subject', NULL),
(777, 595, 400, 'complement', NULL),
(778, 595, 179, 'subject', NULL),
(779, 596, 401, 'complement', NULL),
(780, 596, 179, 'subject', NULL),
(781, 597, 269, 'complement', NULL),
(782, 597, 179, 'subject', NULL),
(783, 598, 402, 'complement', NULL),
(784, 598, 179, 'subject', NULL),
(785, 599, 402, 'complement', NULL),
(786, 599, 179, 'subject', NULL),
(787, 600, 403, 'complement', NULL),
(788, 600, 369, 'indirectComplement', NULL),
(789, 600, 179, 'subject', NULL),
(790, 601, 369, 'complement', NULL),
(791, 601, 179, 'subject', NULL),
(792, 602, 404, 'complement', NULL),
(793, 602, 179, 'subject', NULL),
(794, 603, 404, 'complement', NULL),
(795, 603, 179, 'subject', NULL),
(796, 604, 230, 'complement', NULL),
(797, 604, 179, 'subject', NULL),
(798, 605, 405, 'complement', NULL),
(799, 605, 179, 'subject', NULL),
(800, 606, 406, 'complement', NULL),
(801, 606, 179, 'subject', NULL),
(802, 607, 407, 'complement', NULL),
(803, 607, 179, 'subject', NULL),
(804, 608, 408, 'complement', NULL),
(805, 608, 179, 'subject', NULL),
(806, 609, 409, 'complement', NULL),
(807, 609, 216, 'subject', NULL),
(808, 610, 410, 'complement', NULL),
(809, 610, 179, 'subject', NULL),
(810, 611, 230, 'complement', NULL),
(811, 611, 179, 'subject', NULL),
(812, 612, 405, 'complement', NULL),
(813, 612, 179, 'subject', NULL),
(814, 613, 369, 'complement', NULL),
(815, 613, 179, 'subject', NULL),
(816, 614, 227, 'complement', NULL),
(817, 614, 179, 'subject', NULL),
(818, 615, 227, 'complement', NULL),
(819, 615, 179, 'subject', NULL),
(820, 616, 369, 'complement', NULL),
(821, 616, 179, 'subject', NULL),
(822, 617, 405, 'complement', NULL),
(823, 617, 179, 'subject', NULL);

-- --------------------------------------------------------

--
-- Estructura de tabla para la tabla `spy_timeline_component`
--

CREATE TABLE IF NOT EXISTS `spy_timeline_component` (
  `id` int(11) NOT NULL AUTO_INCREMENT,
  `model` varchar(255) COLLATE utf8_unicode_ci NOT NULL,
  `identifier` longtext COLLATE utf8_unicode_ci NOT NULL COMMENT '(DC2Type:array)',
  `hash` varchar(255) COLLATE utf8_unicode_ci NOT NULL,
  PRIMARY KEY (`id`),
  UNIQUE KEY `UNIQ_C176EDC9D1B862B8` (`hash`)
) ENGINE=InnoDB  DEFAULT CHARSET=utf8 COLLATE=utf8_unicode_ci AUTO_INCREMENT=415 ;

--
-- Volcado de datos para la tabla `spy_timeline_component`
--

INSERT INTO `spy_timeline_component` (`id`, `model`, `identifier`, `hash`) VALUES
(179, 'Taskul\\UserBundle\\Entity\\User', 's:1:"3";', 'Taskul\\UserBundle\\Entity\\User#s:1:"3";'),
(180, 'Taskul\\TaskBundle\\Entity\\Task', 's:3:"151";', 'Taskul\\TaskBundle\\Entity\\Task#s:3:"151";'),
(181, 'Taskul\\CommentBundle\\Entity\\Comment', 's:3:"133";', 'Taskul\\CommentBundle\\Entity\\Comment#s:3:"133";'),
(182, 'Taskul\\CommentBundle\\Entity\\Comment', 's:3:"134";', 'Taskul\\CommentBundle\\Entity\\Comment#s:3:"134";'),
(183, 'Taskul\\CommentBundle\\Entity\\Comment', 's:3:"135";', 'Taskul\\CommentBundle\\Entity\\Comment#s:3:"135";'),
(184, 'Taskul\\CommentBundle\\Entity\\Comment', 's:3:"136";', 'Taskul\\CommentBundle\\Entity\\Comment#s:3:"136";'),
(185, 'Taskul\\CommentBundle\\Entity\\Comment', 's:3:"137";', 'Taskul\\CommentBundle\\Entity\\Comment#s:3:"137";'),
(186, 'Taskul\\CommentBundle\\Entity\\Comment', 's:3:"138";', 'Taskul\\CommentBundle\\Entity\\Comment#s:3:"138";'),
(187, 'Taskul\\CommentBundle\\Entity\\Comment', 's:3:"139";', 'Taskul\\CommentBundle\\Entity\\Comment#s:3:"139";'),
(188, 'Taskul\\CommentBundle\\Entity\\Comment', 's:3:"140";', 'Taskul\\CommentBundle\\Entity\\Comment#s:3:"140";'),
(189, 'Taskul\\CommentBundle\\Entity\\Comment', 's:3:"141";', 'Taskul\\CommentBundle\\Entity\\Comment#s:3:"141";'),
(190, 'Taskul\\CommentBundle\\Entity\\Comment', 's:3:"142";', 'Taskul\\CommentBundle\\Entity\\Comment#s:3:"142";'),
(191, 'Taskul\\CommentBundle\\Entity\\Comment', 's:3:"143";', 'Taskul\\CommentBundle\\Entity\\Comment#s:3:"143";'),
(192, 'Taskul\\CommentBundle\\Entity\\Comment', 's:3:"144";', 'Taskul\\CommentBundle\\Entity\\Comment#s:3:"144";'),
(193, 'Taskul\\CommentBundle\\Entity\\Comment', 's:3:"145";', 'Taskul\\CommentBundle\\Entity\\Comment#s:3:"145";'),
(194, 'Taskul\\CommentBundle\\Entity\\Comment', 's:3:"146";', 'Taskul\\CommentBundle\\Entity\\Comment#s:3:"146";'),
(195, 'Taskul\\CommentBundle\\Entity\\Comment', 's:3:"147";', 'Taskul\\CommentBundle\\Entity\\Comment#s:3:"147";'),
(196, 'Taskul\\CommentBundle\\Entity\\Comment', 's:3:"148";', 'Taskul\\CommentBundle\\Entity\\Comment#s:3:"148";'),
(197, 'Taskul\\CommentBundle\\Entity\\Comment', 's:3:"149";', 'Taskul\\CommentBundle\\Entity\\Comment#s:3:"149";'),
(198, 'Taskul\\TaskBundle\\Entity\\Task', 's:3:"152";', 'Taskul\\TaskBundle\\Entity\\Task#s:3:"152";'),
(199, 'Taskul\\CommentBundle\\Entity\\Comment', 's:3:"150";', 'Taskul\\CommentBundle\\Entity\\Comment#s:3:"150";'),
(200, 'Taskul\\CommentBundle\\Entity\\Comment', 's:3:"151";', 'Taskul\\CommentBundle\\Entity\\Comment#s:3:"151";'),
(201, 'Taskul\\CommentBundle\\Entity\\Comment', 's:3:"152";', 'Taskul\\CommentBundle\\Entity\\Comment#s:3:"152";'),
(202, 'Taskul\\TaskBundle\\Entity\\Task', 's:3:"145";', 'Taskul\\TaskBundle\\Entity\\Task#s:3:"145";'),
(203, 'Taskul\\TaskBundle\\Entity\\Task', 's:3:"139";', 'Taskul\\TaskBundle\\Entity\\Task#s:3:"139";'),
(204, 'Taskul\\CommentBundle\\Entity\\Comment', 's:3:"153";', 'Taskul\\CommentBundle\\Entity\\Comment#s:3:"153";'),
(205, 'Taskul\\CommentBundle\\Entity\\Comment', 's:3:"154";', 'Taskul\\CommentBundle\\Entity\\Comment#s:3:"154";'),
(206, 'Taskul\\CommentBundle\\Entity\\Comment', 's:3:"155";', 'Taskul\\CommentBundle\\Entity\\Comment#s:3:"155";'),
(207, 'Taskul\\CommentBundle\\Entity\\Comment', 's:3:"156";', 'Taskul\\CommentBundle\\Entity\\Comment#s:3:"156";'),
(208, 'Taskul\\CommentBundle\\Entity\\Comment', 's:3:"157";', 'Taskul\\CommentBundle\\Entity\\Comment#s:3:"157";'),
(209, 'Taskul\\CommentBundle\\Entity\\Comment', 's:3:"158";', 'Taskul\\CommentBundle\\Entity\\Comment#s:3:"158";'),
(210, 'Taskul\\CommentBundle\\Entity\\Comment', 's:3:"159";', 'Taskul\\CommentBundle\\Entity\\Comment#s:3:"159";'),
(211, 'Taskul\\TaskBundle\\Entity\\Task', 's:3:"147";', 'Taskul\\TaskBundle\\Entity\\Task#s:3:"147";'),
(212, 'Taskul\\TaskBundle\\Entity\\Task', 's:3:"143";', 'Taskul\\TaskBundle\\Entity\\Task#s:3:"143";'),
(213, 'Taskul\\TaskBundle\\Entity\\Task', 's:3:"153";', 'Taskul\\TaskBundle\\Entity\\Task#s:3:"153";'),
(214, 'Taskul\\CommentBundle\\Entity\\Comment', 's:3:"160";', 'Taskul\\CommentBundle\\Entity\\Comment#s:3:"160";'),
(215, 'Taskul\\CommentBundle\\Entity\\Comment', 's:3:"161";', 'Taskul\\CommentBundle\\Entity\\Comment#s:3:"161";'),
(216, 'Taskul\\UserBundle\\Entity\\User', 's:1:"8";', 'Taskul\\UserBundle\\Entity\\User#s:1:"8";'),
(217, 'Taskul\\FriendBundle\\Entity\\FriendRequest', 's:1:"2";', 'Taskul\\FriendBundle\\Entity\\FriendRequest#s:1:"2";'),
(218, 'Taskul\\FriendBundle\\Entity\\FriendRequest', 's:1:"3";', 'Taskul\\FriendBundle\\Entity\\FriendRequest#s:1:"3";'),
(219, 'Taskul\\FriendBundle\\Entity\\FriendRequest', 's:1:"4";', 'Taskul\\FriendBundle\\Entity\\FriendRequest#s:1:"4";'),
(220, 'Taskul\\FriendBundle\\Entity\\FriendRequest', 's:1:"5";', 'Taskul\\FriendBundle\\Entity\\FriendRequest#s:1:"5";'),
(221, 'Taskul\\FriendBundle\\Entity\\FriendRequest', 's:1:"6";', 'Taskul\\FriendBundle\\Entity\\FriendRequest#s:1:"6";'),
(222, 'Taskul\\FriendBundle\\Entity\\FriendRequest', 's:1:"7";', 'Taskul\\FriendBundle\\Entity\\FriendRequest#s:1:"7";'),
(223, 'Taskul\\CommentBundle\\Entity\\Comment', 's:3:"162";', 'Taskul\\CommentBundle\\Entity\\Comment#s:3:"162";'),
(224, 'Taskul\\TaskBundle\\Entity\\Task', 's:3:"142";', 'Taskul\\TaskBundle\\Entity\\Task#s:3:"142";'),
(225, 'Taskul\\TaskBundle\\Entity\\Task', 's:3:"138";', 'Taskul\\TaskBundle\\Entity\\Task#s:3:"138";'),
(226, 'Taskul\\CommentBundle\\Entity\\Comment', 's:3:"163";', 'Taskul\\CommentBundle\\Entity\\Comment#s:3:"163";'),
(227, 'Taskul\\TaskBundle\\Entity\\Task', 's:3:"149";', 'Taskul\\TaskBundle\\Entity\\Task#s:3:"149";'),
(228, 'Taskul\\CommentBundle\\Entity\\Comment', 's:3:"164";', 'Taskul\\CommentBundle\\Entity\\Comment#s:3:"164";'),
(229, 'Taskul\\TaskBundle\\Entity\\Task', 's:3:"146";', 'Taskul\\TaskBundle\\Entity\\Task#s:3:"146";'),
(230, 'Taskul\\TaskBundle\\Entity\\Task', 's:3:"154";', 'Taskul\\TaskBundle\\Entity\\Task#s:3:"154";'),
(231, 'Taskul\\TaskBundle\\Entity\\Task', 's:3:"155";', 'Taskul\\TaskBundle\\Entity\\Task#s:3:"155";'),
(232, 'Taskul\\TaskBundle\\Entity\\Task', 's:3:"156";', 'Taskul\\TaskBundle\\Entity\\Task#s:3:"156";'),
(233, 'Taskul\\MessageBundle\\Entity\\Message', 's:1:"1";', 'Taskul\\MessageBundle\\Entity\\Message#s:1:"1";'),
(234, 'Taskul\\MessageBundle\\Entity\\Message', 's:1:"4";', 'Taskul\\MessageBundle\\Entity\\Message#s:1:"4";'),
(235, 'Taskul\\FriendBundle\\Entity\\FriendRequest', 's:1:"8";', 'Taskul\\FriendBundle\\Entity\\FriendRequest#s:1:"8";'),
(236, 'Taskul\\FriendBundle\\Entity\\FriendRequest', 's:1:"9";', 'Taskul\\FriendBundle\\Entity\\FriendRequest#s:1:"9";'),
(237, 'Taskul\\FriendBundle\\Entity\\FriendRequest', 's:2:"11";', 'Taskul\\FriendBundle\\Entity\\FriendRequest#s:2:"11";'),
(238, 'Taskul\\FriendBundle\\Entity\\FriendRequest', 's:2:"13";', 'Taskul\\FriendBundle\\Entity\\FriendRequest#s:2:"13";'),
(239, 'Taskul\\FriendBundle\\Entity\\FriendRequest', 's:2:"15";', 'Taskul\\FriendBundle\\Entity\\FriendRequest#s:2:"15";'),
(240, 'Taskul\\FriendBundle\\Entity\\FriendRequest', 's:2:"17";', 'Taskul\\FriendBundle\\Entity\\FriendRequest#s:2:"17";'),
(241, 'Taskul\\FriendBundle\\Entity\\FriendRequest', 's:2:"19";', 'Taskul\\FriendBundle\\Entity\\FriendRequest#s:2:"19";'),
(242, 'Taskul\\FriendBundle\\Entity\\FriendRequest', 's:2:"21";', 'Taskul\\FriendBundle\\Entity\\FriendRequest#s:2:"21";'),
(243, 'Taskul\\FriendBundle\\Entity\\FriendRequest', 's:2:"23";', 'Taskul\\FriendBundle\\Entity\\FriendRequest#s:2:"23";'),
(244, 'Taskul\\TaskBundle\\Entity\\Task', 's:3:"157";', 'Taskul\\TaskBundle\\Entity\\Task#s:3:"157";'),
(245, 'Taskul\\CommentBundle\\Entity\\Comment', 's:3:"165";', 'Taskul\\CommentBundle\\Entity\\Comment#s:3:"165";'),
(246, 'Taskul\\CommentBundle\\Entity\\Comment', 's:3:"166";', 'Taskul\\CommentBundle\\Entity\\Comment#s:3:"166";'),
(247, 'Taskul\\CommentBundle\\Entity\\Comment', 's:3:"167";', 'Taskul\\CommentBundle\\Entity\\Comment#s:3:"167";'),
(248, 'Taskul\\CommentBundle\\Entity\\Comment', 's:3:"168";', 'Taskul\\CommentBundle\\Entity\\Comment#s:3:"168";'),
(249, 'Taskul\\CommentBundle\\Entity\\Comment', 's:3:"169";', 'Taskul\\CommentBundle\\Entity\\Comment#s:3:"169";'),
(250, 'Taskul\\CommentBundle\\Entity\\Comment', 's:3:"170";', 'Taskul\\CommentBundle\\Entity\\Comment#s:3:"170";'),
(251, 'Taskul\\CommentBundle\\Entity\\Comment', 's:3:"171";', 'Taskul\\CommentBundle\\Entity\\Comment#s:3:"171";'),
(252, 'Taskul\\CommentBundle\\Entity\\Comment', 's:3:"172";', 'Taskul\\CommentBundle\\Entity\\Comment#s:3:"172";'),
(253, 'Taskul\\CommentBundle\\Entity\\Comment', 's:3:"173";', 'Taskul\\CommentBundle\\Entity\\Comment#s:3:"173";'),
(254, 'Taskul\\CommentBundle\\Entity\\Comment', 's:3:"174";', 'Taskul\\CommentBundle\\Entity\\Comment#s:3:"174";'),
(255, 'Taskul\\CommentBundle\\Entity\\Comment', 's:3:"175";', 'Taskul\\CommentBundle\\Entity\\Comment#s:3:"175";'),
(256, 'Taskul\\UserBundle\\Entity\\User', 's:2:"10";', 'Taskul\\UserBundle\\Entity\\User#s:2:"10";'),
(257, 'Taskul\\UserBundle\\Entity\\User', 's:2:"11";', 'Taskul\\UserBundle\\Entity\\User#s:2:"11";'),
(258, 'Taskul\\UserBundle\\Entity\\User', 's:2:"12";', 'Taskul\\UserBundle\\Entity\\User#s:2:"12";'),
(259, 'Taskul\\UserBundle\\Entity\\User', 's:2:"13";', 'Taskul\\UserBundle\\Entity\\User#s:2:"13";'),
(260, 'Taskul\\UserBundle\\Entity\\User', 's:2:"14";', 'Taskul\\UserBundle\\Entity\\User#s:2:"14";'),
(261, 'Taskul\\UserBundle\\Entity\\User', 's:2:"16";', 'Taskul\\UserBundle\\Entity\\User#s:2:"16";'),
(262, 'Taskul\\UserBundle\\Entity\\User', 's:1:"9";', 'Taskul\\UserBundle\\Entity\\User#s:1:"9";'),
(263, 'Proxies\\__CG__\\Taskul\\UserBundle\\Entity\\User', 's:1:"3";', 'Proxies\\__CG__\\Taskul\\UserBundle\\Entity\\User#s:1:"3";'),
(264, 'Taskul\\FriendBundle\\Entity\\FriendRequest', 's:2:"28";', 'Taskul\\FriendBundle\\Entity\\FriendRequest#s:2:"28";'),
(265, 'Taskul\\UserBundle\\Entity\\User', 's:2:"18";', 'Taskul\\UserBundle\\Entity\\User#s:2:"18";'),
(266, 'Taskul\\TaskBundle\\Entity\\Task', 's:3:"158";', 'Taskul\\TaskBundle\\Entity\\Task#s:3:"158";'),
(267, 'Taskul\\TaskBundle\\Entity\\Task', 's:3:"159";', 'Taskul\\TaskBundle\\Entity\\Task#s:3:"159";'),
(268, 'Taskul\\TaskBundle\\Entity\\Task', 's:3:"160";', 'Taskul\\TaskBundle\\Entity\\Task#s:3:"160";'),
(269, 'Taskul\\TaskBundle\\Entity\\Task', 's:3:"161";', 'Taskul\\TaskBundle\\Entity\\Task#s:3:"161";'),
(270, 'Taskul\\FriendBundle\\Entity\\FriendRequest', 's:2:"34";', 'Taskul\\FriendBundle\\Entity\\FriendRequest#s:2:"34";'),
(271, 'Taskul\\UserBundle\\Entity\\User', 's:2:"19";', 'Taskul\\UserBundle\\Entity\\User#s:2:"19";'),
(272, 'Taskul\\CommentBundle\\Entity\\Comment', 's:3:"176";', 'Taskul\\CommentBundle\\Entity\\Comment#s:3:"176";'),
(273, 'Taskul\\CommentBundle\\Entity\\Comment', 's:3:"177";', 'Taskul\\CommentBundle\\Entity\\Comment#s:3:"177";'),
(274, 'Taskul\\CommentBundle\\Entity\\Comment', 's:3:"178";', 'Taskul\\CommentBundle\\Entity\\Comment#s:3:"178";'),
(275, 'Taskul\\CommentBundle\\Entity\\Comment', 's:3:"179";', 'Taskul\\CommentBundle\\Entity\\Comment#s:3:"179";'),
(276, 'Taskul\\CommentBundle\\Entity\\Comment', 's:3:"180";', 'Taskul\\CommentBundle\\Entity\\Comment#s:3:"180";'),
(277, 'Taskul\\CommentBundle\\Entity\\Comment', 's:3:"181";', 'Taskul\\CommentBundle\\Entity\\Comment#s:3:"181";'),
(278, 'Taskul\\FriendBundle\\Entity\\FriendRequest', 's:2:"35";', 'Taskul\\FriendBundle\\Entity\\FriendRequest#s:2:"35";'),
(279, 'Taskul\\CommentBundle\\Entity\\Comment', 's:3:"182";', 'Taskul\\CommentBundle\\Entity\\Comment#s:3:"182";'),
(280, 'Taskul\\CommentBundle\\Entity\\Comment', 's:3:"183";', 'Taskul\\CommentBundle\\Entity\\Comment#s:3:"183";'),
(281, 'Taskul\\CommentBundle\\Entity\\Comment', 's:3:"184";', 'Taskul\\CommentBundle\\Entity\\Comment#s:3:"184";'),
(282, 'Taskul\\CommentBundle\\Entity\\Comment', 's:3:"185";', 'Taskul\\CommentBundle\\Entity\\Comment#s:3:"185";'),
(283, 'Taskul\\CommentBundle\\Entity\\Comment', 's:3:"186";', 'Taskul\\CommentBundle\\Entity\\Comment#s:3:"186";'),
(284, 'Taskul\\CommentBundle\\Entity\\Comment', 's:3:"187";', 'Taskul\\CommentBundle\\Entity\\Comment#s:3:"187";'),
(285, 'Taskul\\CommentBundle\\Entity\\Comment', 's:3:"188";', 'Taskul\\CommentBundle\\Entity\\Comment#s:3:"188";'),
(286, 'Taskul\\CommentBundle\\Entity\\Comment', 's:3:"189";', 'Taskul\\CommentBundle\\Entity\\Comment#s:3:"189";'),
(287, 'Taskul\\CommentBundle\\Entity\\Comment', 's:3:"190";', 'Taskul\\CommentBundle\\Entity\\Comment#s:3:"190";'),
(288, 'Taskul\\CommentBundle\\Entity\\Comment', 's:3:"191";', 'Taskul\\CommentBundle\\Entity\\Comment#s:3:"191";'),
(289, 'Taskul\\CommentBundle\\Entity\\Comment', 's:3:"192";', 'Taskul\\CommentBundle\\Entity\\Comment#s:3:"192";'),
(290, 'Taskul\\CommentBundle\\Entity\\Comment', 's:3:"193";', 'Taskul\\CommentBundle\\Entity\\Comment#s:3:"193";'),
(291, 'Taskul\\CommentBundle\\Entity\\Comment', 's:3:"194";', 'Taskul\\CommentBundle\\Entity\\Comment#s:3:"194";'),
(292, 'Taskul\\CommentBundle\\Entity\\Comment', 's:3:"195";', 'Taskul\\CommentBundle\\Entity\\Comment#s:3:"195";'),
(293, 'Taskul\\CommentBundle\\Entity\\Comment', 's:3:"196";', 'Taskul\\CommentBundle\\Entity\\Comment#s:3:"196";'),
(294, 'Taskul\\CommentBundle\\Entity\\Comment', 's:3:"197";', 'Taskul\\CommentBundle\\Entity\\Comment#s:3:"197";'),
(295, 'Taskul\\CommentBundle\\Entity\\Comment', 's:3:"198";', 'Taskul\\CommentBundle\\Entity\\Comment#s:3:"198";'),
(296, 'Taskul\\CommentBundle\\Entity\\Comment', 's:3:"199";', 'Taskul\\CommentBundle\\Entity\\Comment#s:3:"199";'),
(297, 'Taskul\\CommentBundle\\Entity\\Comment', 's:3:"200";', 'Taskul\\CommentBundle\\Entity\\Comment#s:3:"200";'),
(298, 'Taskul\\CommentBundle\\Entity\\Comment', 's:3:"201";', 'Taskul\\CommentBundle\\Entity\\Comment#s:3:"201";'),
(299, 'Taskul\\CommentBundle\\Entity\\Comment', 's:3:"202";', 'Taskul\\CommentBundle\\Entity\\Comment#s:3:"202";'),
(300, 'Taskul\\CommentBundle\\Entity\\Comment', 's:3:"203";', 'Taskul\\CommentBundle\\Entity\\Comment#s:3:"203";'),
(301, 'Taskul\\CommentBundle\\Entity\\Comment', 's:3:"204";', 'Taskul\\CommentBundle\\Entity\\Comment#s:3:"204";'),
(302, 'Taskul\\CommentBundle\\Entity\\Comment', 's:3:"205";', 'Taskul\\CommentBundle\\Entity\\Comment#s:3:"205";'),
(303, 'Taskul\\CommentBundle\\Entity\\Comment', 's:3:"206";', 'Taskul\\CommentBundle\\Entity\\Comment#s:3:"206";'),
(304, 'Taskul\\CommentBundle\\Entity\\Comment', 's:3:"207";', 'Taskul\\CommentBundle\\Entity\\Comment#s:3:"207";'),
(305, 'Taskul\\CommentBundle\\Entity\\Comment', 's:3:"208";', 'Taskul\\CommentBundle\\Entity\\Comment#s:3:"208";'),
(306, 'Taskul\\CommentBundle\\Entity\\Comment', 's:3:"209";', 'Taskul\\CommentBundle\\Entity\\Comment#s:3:"209";'),
(307, 'Taskul\\CommentBundle\\Entity\\Comment', 's:3:"210";', 'Taskul\\CommentBundle\\Entity\\Comment#s:3:"210";'),
(308, 'Taskul\\CommentBundle\\Entity\\Comment', 's:3:"211";', 'Taskul\\CommentBundle\\Entity\\Comment#s:3:"211";'),
(309, 'Taskul\\CommentBundle\\Entity\\Comment', 's:3:"212";', 'Taskul\\CommentBundle\\Entity\\Comment#s:3:"212";'),
(310, 'Taskul\\CommentBundle\\Entity\\Comment', 's:3:"213";', 'Taskul\\CommentBundle\\Entity\\Comment#s:3:"213";'),
(311, 'Taskul\\CommentBundle\\Entity\\Comment', 's:3:"214";', 'Taskul\\CommentBundle\\Entity\\Comment#s:3:"214";'),
(312, 'Taskul\\FileBundle\\Entity\\Document', 's:1:"1";', 'Taskul\\FileBundle\\Entity\\Document#s:1:"1";'),
(313, 'Taskul\\FileBundle\\Entity\\Document', 's:1:"2";', 'Taskul\\FileBundle\\Entity\\Document#s:1:"2";'),
(314, 'Taskul\\FileBundle\\Entity\\Document', 's:1:"3";', 'Taskul\\FileBundle\\Entity\\Document#s:1:"3";'),
(315, 'Taskul\\FileBundle\\Entity\\Document', 's:1:"4";', 'Taskul\\FileBundle\\Entity\\Document#s:1:"4";'),
(316, 'Taskul\\FileBundle\\Entity\\Document', 's:1:"5";', 'Taskul\\FileBundle\\Entity\\Document#s:1:"5";'),
(317, 'Taskul\\FileBundle\\Entity\\Document', 's:1:"6";', 'Taskul\\FileBundle\\Entity\\Document#s:1:"6";'),
(318, 'Taskul\\FileBundle\\Entity\\Document', 's:1:"7";', 'Taskul\\FileBundle\\Entity\\Document#s:1:"7";'),
(319, 'Taskul\\FileBundle\\Entity\\Document', 's:1:"8";', 'Taskul\\FileBundle\\Entity\\Document#s:1:"8";'),
(320, 'Taskul\\CommentBundle\\Entity\\Comment', 's:3:"215";', 'Taskul\\CommentBundle\\Entity\\Comment#s:3:"215";'),
(321, 'Taskul\\CommentBundle\\Entity\\Comment', 's:3:"216";', 'Taskul\\CommentBundle\\Entity\\Comment#s:3:"216";'),
(322, 'Taskul\\FileBundle\\Entity\\Document', 's:1:"9";', 'Taskul\\FileBundle\\Entity\\Document#s:1:"9";'),
(323, 'Taskul\\TaskBundle\\Entity\\Task', 's:3:"162";', 'Taskul\\TaskBundle\\Entity\\Task#s:3:"162";'),
(324, 'Taskul\\FileBundle\\Entity\\Document', 's:2:"10";', 'Taskul\\FileBundle\\Entity\\Document#s:2:"10";'),
(325, 'Taskul\\FileBundle\\Entity\\Document', 's:2:"11";', 'Taskul\\FileBundle\\Entity\\Document#s:2:"11";'),
(326, 'Taskul\\FileBundle\\Entity\\Document', 's:2:"12";', 'Taskul\\FileBundle\\Entity\\Document#s:2:"12";'),
(327, 'Taskul\\FileBundle\\Entity\\Document', 's:2:"13";', 'Taskul\\FileBundle\\Entity\\Document#s:2:"13";'),
(328, 'Taskul\\FileBundle\\Entity\\Document', 's:2:"14";', 'Taskul\\FileBundle\\Entity\\Document#s:2:"14";'),
(329, 'Taskul\\FileBundle\\Entity\\Document', 's:2:"15";', 'Taskul\\FileBundle\\Entity\\Document#s:2:"15";'),
(330, 'Taskul\\FileBundle\\Entity\\Document', 's:2:"16";', 'Taskul\\FileBundle\\Entity\\Document#s:2:"16";'),
(331, 'Taskul\\FileBundle\\Entity\\Document', 's:2:"17";', 'Taskul\\FileBundle\\Entity\\Document#s:2:"17";'),
(332, 'Taskul\\TaskBundle\\Entity\\Task', 's:3:"163";', 'Taskul\\TaskBundle\\Entity\\Task#s:3:"163";'),
(333, 'Taskul\\TaskBundle\\Entity\\Task', 's:3:"164";', 'Taskul\\TaskBundle\\Entity\\Task#s:3:"164";'),
(334, 'Taskul\\FileBundle\\Entity\\Document', 's:2:"18";', 'Taskul\\FileBundle\\Entity\\Document#s:2:"18";'),
(335, 'Taskul\\FileBundle\\Entity\\Document', 's:2:"19";', 'Taskul\\FileBundle\\Entity\\Document#s:2:"19";'),
(336, 'Taskul\\FileBundle\\Entity\\Document', 's:2:"20";', 'Taskul\\FileBundle\\Entity\\Document#s:2:"20";'),
(337, 'Taskul\\FileBundle\\Entity\\Document', 's:2:"21";', 'Taskul\\FileBundle\\Entity\\Document#s:2:"21";'),
(338, 'Taskul\\FileBundle\\Entity\\Document', 's:2:"22";', 'Taskul\\FileBundle\\Entity\\Document#s:2:"22";'),
(339, 'Taskul\\FileBundle\\Entity\\Document', 's:2:"23";', 'Taskul\\FileBundle\\Entity\\Document#s:2:"23";'),
(340, 'Taskul\\FileBundle\\Entity\\Document', 's:2:"24";', 'Taskul\\FileBundle\\Entity\\Document#s:2:"24";'),
(341, 'Taskul\\FileBundle\\Entity\\Document', 's:2:"25";', 'Taskul\\FileBundle\\Entity\\Document#s:2:"25";'),
(342, 'Taskul\\FileBundle\\Entity\\Document', 's:2:"26";', 'Taskul\\FileBundle\\Entity\\Document#s:2:"26";'),
(343, 'Taskul\\FileBundle\\Entity\\Document', 's:2:"27";', 'Taskul\\FileBundle\\Entity\\Document#s:2:"27";'),
(344, 'Taskul\\FileBundle\\Entity\\Document', 's:2:"28";', 'Taskul\\FileBundle\\Entity\\Document#s:2:"28";'),
(345, 'Taskul\\FileBundle\\Entity\\Document', 's:2:"29";', 'Taskul\\FileBundle\\Entity\\Document#s:2:"29";'),
(346, 'Taskul\\FileBundle\\Entity\\Document', 's:2:"30";', 'Taskul\\FileBundle\\Entity\\Document#s:2:"30";'),
(347, 'Taskul\\FileBundle\\Entity\\Document', 's:2:"31";', 'Taskul\\FileBundle\\Entity\\Document#s:2:"31";'),
(348, 'Taskul\\FileBundle\\Entity\\Document', 's:2:"32";', 'Taskul\\FileBundle\\Entity\\Document#s:2:"32";'),
(349, 'Taskul\\FileBundle\\Entity\\Document', 's:2:"33";', 'Taskul\\FileBundle\\Entity\\Document#s:2:"33";'),
(350, 'Taskul\\FileBundle\\Entity\\Document', 's:2:"34";', 'Taskul\\FileBundle\\Entity\\Document#s:2:"34";'),
(351, 'Taskul\\FileBundle\\Entity\\Document', 's:2:"35";', 'Taskul\\FileBundle\\Entity\\Document#s:2:"35";'),
(352, 'Taskul\\FileBundle\\Entity\\Document', 's:2:"36";', 'Taskul\\FileBundle\\Entity\\Document#s:2:"36";'),
(353, 'Taskul\\FileBundle\\Entity\\Document', 's:2:"37";', 'Taskul\\FileBundle\\Entity\\Document#s:2:"37";'),
(354, 'Taskul\\FileBundle\\Entity\\Document', 's:2:"38";', 'Taskul\\FileBundle\\Entity\\Document#s:2:"38";'),
(355, 'Taskul\\FileBundle\\Entity\\Document', 's:2:"39";', 'Taskul\\FileBundle\\Entity\\Document#s:2:"39";'),
(356, 'Taskul\\TaskBundle\\Entity\\Task', 's:3:"165";', 'Taskul\\TaskBundle\\Entity\\Task#s:3:"165";'),
(357, 'Taskul\\FriendBundle\\Entity\\FriendRequest', 's:2:"39";', 'Taskul\\FriendBundle\\Entity\\FriendRequest#s:2:"39";'),
(358, 'Taskul\\FriendBundle\\Entity\\FriendRequest', 's:2:"42";', 'Taskul\\FriendBundle\\Entity\\FriendRequest#s:2:"42";'),
(359, 'Taskul\\FriendBundle\\Entity\\FriendRequest', 's:2:"48";', 'Taskul\\FriendBundle\\Entity\\FriendRequest#s:2:"48";'),
(360, 'Taskul\\FriendBundle\\Entity\\FriendRequest', 's:2:"49";', 'Taskul\\FriendBundle\\Entity\\FriendRequest#s:2:"49";'),
(361, 'Taskul\\FriendBundle\\Entity\\FriendRequest', 's:2:"50";', 'Taskul\\FriendBundle\\Entity\\FriendRequest#s:2:"50";'),
(362, 'Taskul\\FriendBundle\\Entity\\FriendRequest', 's:2:"51";', 'Taskul\\FriendBundle\\Entity\\FriendRequest#s:2:"51";'),
(363, 'Taskul\\FriendBundle\\Entity\\FriendRequest', 's:2:"52";', 'Taskul\\FriendBundle\\Entity\\FriendRequest#s:2:"52";'),
(364, 'Taskul\\FriendBundle\\Entity\\FriendRequest', 's:2:"53";', 'Taskul\\FriendBundle\\Entity\\FriendRequest#s:2:"53";'),
(365, 'Taskul\\FriendBundle\\Entity\\FriendRequest', 's:2:"54";', 'Taskul\\FriendBundle\\Entity\\FriendRequest#s:2:"54";'),
(366, 'Taskul\\FriendBundle\\Entity\\FriendRequest', 's:2:"55";', 'Taskul\\FriendBundle\\Entity\\FriendRequest#s:2:"55";'),
(367, 'Taskul\\FriendBundle\\Entity\\FriendRequest', 's:2:"56";', 'Taskul\\FriendBundle\\Entity\\FriendRequest#s:2:"56";'),
(368, 'Taskul\\FriendBundle\\Entity\\FriendRequest', 's:2:"57";', 'Taskul\\FriendBundle\\Entity\\FriendRequest#s:2:"57";'),
(369, 'Taskul\\TaskBundle\\Entity\\Task', 's:3:"166";', 'Taskul\\TaskBundle\\Entity\\Task#s:3:"166";'),
(370, 'Taskul\\CommentBundle\\Entity\\Comment', 's:3:"217";', 'Taskul\\CommentBundle\\Entity\\Comment#s:3:"217";'),
(371, 'Taskul\\FileBundle\\Entity\\Document', 's:2:"40";', 'Taskul\\FileBundle\\Entity\\Document#s:2:"40";'),
(372, 'Taskul\\FileBundle\\Entity\\Document', 's:2:"41";', 'Taskul\\FileBundle\\Entity\\Document#s:2:"41";'),
(373, 'Taskul\\FileBundle\\Entity\\Document', 's:2:"42";', 'Taskul\\FileBundle\\Entity\\Document#s:2:"42";'),
(374, 'Taskul\\FileBundle\\Entity\\Document', 's:2:"43";', 'Taskul\\FileBundle\\Entity\\Document#s:2:"43";'),
(375, 'Taskul\\FileBundle\\Entity\\Document', 's:2:"44";', 'Taskul\\FileBundle\\Entity\\Document#s:2:"44";'),
(376, 'Taskul\\FileBundle\\Entity\\Document', 's:2:"45";', 'Taskul\\FileBundle\\Entity\\Document#s:2:"45";'),
(377, 'Taskul\\FileBundle\\Entity\\Document', 's:2:"46";', 'Taskul\\FileBundle\\Entity\\Document#s:2:"46";'),
(378, 'Taskul\\FileBundle\\Entity\\Document', 's:2:"47";', 'Taskul\\FileBundle\\Entity\\Document#s:2:"47";'),
(379, 'Taskul\\FileBundle\\Entity\\Document', 's:2:"48";', 'Taskul\\FileBundle\\Entity\\Document#s:2:"48";'),
(380, 'Taskul\\FileBundle\\Entity\\Document', 's:2:"49";', 'Taskul\\FileBundle\\Entity\\Document#s:2:"49";'),
(381, 'Taskul\\FileBundle\\Entity\\Document', 's:2:"50";', 'Taskul\\FileBundle\\Entity\\Document#s:2:"50";'),
(382, 'Taskul\\FileBundle\\Entity\\Document', 's:2:"51";', 'Taskul\\FileBundle\\Entity\\Document#s:2:"51";'),
(383, 'Taskul\\FileBundle\\Entity\\Document', 's:2:"52";', 'Taskul\\FileBundle\\Entity\\Document#s:2:"52";'),
(384, 'Taskul\\FileBundle\\Entity\\Document', 's:2:"53";', 'Taskul\\FileBundle\\Entity\\Document#s:2:"53";'),
(385, 'Taskul\\FileBundle\\Entity\\Document', 's:2:"54";', 'Taskul\\FileBundle\\Entity\\Document#s:2:"54";'),
(386, 'Taskul\\FileBundle\\Entity\\Document', 's:2:"55";', 'Taskul\\FileBundle\\Entity\\Document#s:2:"55";'),
(387, 'Taskul\\FileBundle\\Entity\\Document', 's:2:"56";', 'Taskul\\FileBundle\\Entity\\Document#s:2:"56";'),
(388, 'Taskul\\FileBundle\\Entity\\Document', 's:2:"57";', 'Taskul\\FileBundle\\Entity\\Document#s:2:"57";'),
(389, 'Taskul\\FileBundle\\Entity\\Document', 's:2:"58";', 'Taskul\\FileBundle\\Entity\\Document#s:2:"58";'),
(390, 'Taskul\\FileBundle\\Entity\\Document', 's:2:"59";', 'Taskul\\FileBundle\\Entity\\Document#s:2:"59";'),
(391, 'Taskul\\FileBundle\\Entity\\Document', 's:2:"60";', 'Taskul\\FileBundle\\Entity\\Document#s:2:"60";'),
(392, 'Taskul\\FileBundle\\Entity\\Document', 's:2:"61";', 'Taskul\\FileBundle\\Entity\\Document#s:2:"61";'),
(393, 'Taskul\\FileBundle\\Entity\\Document', 's:2:"62";', 'Taskul\\FileBundle\\Entity\\Document#s:2:"62";'),
(394, 'Taskul\\FileBundle\\Entity\\Document', 's:2:"63";', 'Taskul\\FileBundle\\Entity\\Document#s:2:"63";'),
(395, 'Taskul\\FileBundle\\Entity\\Document', 's:2:"64";', 'Taskul\\FileBundle\\Entity\\Document#s:2:"64";'),
(396, 'Taskul\\CommentBundle\\Entity\\Comment', 's:3:"218";', 'Taskul\\CommentBundle\\Entity\\Comment#s:3:"218";'),
(397, 'Taskul\\CommentBundle\\Entity\\Comment', 's:3:"219";', 'Taskul\\CommentBundle\\Entity\\Comment#s:3:"219";'),
(398, 'Taskul\\CommentBundle\\Entity\\Comment', 's:3:"220";', 'Taskul\\CommentBundle\\Entity\\Comment#s:3:"220";'),
(399, 'Taskul\\CommentBundle\\Entity\\Comment', 's:3:"221";', 'Taskul\\CommentBundle\\Entity\\Comment#s:3:"221";'),
(400, 'Taskul\\TaskBundle\\Entity\\Task', 's:3:"167";', 'Taskul\\TaskBundle\\Entity\\Task#s:3:"167";'),
(401, 'Taskul\\TaskBundle\\Entity\\Task', 's:3:"168";', 'Taskul\\TaskBundle\\Entity\\Task#s:3:"168";'),
(402, 'Taskul\\TaskBundle\\Entity\\Task', 's:3:"169";', 'Taskul\\TaskBundle\\Entity\\Task#s:3:"169";'),
(403, 'Taskul\\CommentBundle\\Entity\\Comment', 's:3:"222";', 'Taskul\\CommentBundle\\Entity\\Comment#s:3:"222";'),
(404, 'Taskul\\TaskBundle\\Entity\\Task', 's:3:"170";', 'Taskul\\TaskBundle\\Entity\\Task#s:3:"170";'),
(405, 'Taskul\\TaskBundle\\Entity\\Task', 's:3:"140";', 'Taskul\\TaskBundle\\Entity\\Task#s:3:"140";'),
(406, 'Taskul\\TaskBundle\\Entity\\Task', 's:3:"171";', 'Taskul\\TaskBundle\\Entity\\Task#s:3:"171";'),
(407, 'Taskul\\TaskBundle\\Entity\\Task', 's:3:"172";', 'Taskul\\TaskBundle\\Entity\\Task#s:3:"172";'),
(408, 'Taskul\\TaskBundle\\Entity\\Task', 's:3:"173";', 'Taskul\\TaskBundle\\Entity\\Task#s:3:"173";'),
(409, 'Taskul\\TaskBundle\\Entity\\Task', 's:3:"174";', 'Taskul\\TaskBundle\\Entity\\Task#s:3:"174";'),
(410, 'Taskul\\TaskBundle\\Entity\\Task', 's:3:"175";', 'Taskul\\TaskBundle\\Entity\\Task#s:3:"175";'),
(411, 'Taskul\\UserBundle\\Entity\\User', 's:2:"20";', 'Taskul\\UserBundle\\Entity\\User#s:2:"20";'),
(412, 'Taskul\\UserBundle\\Entity\\User', 's:2:"23";', 'Taskul\\UserBundle\\Entity\\User#s:2:"23";'),
(413, 'Taskul\\UserBundle\\Entity\\User', 's:2:"26";', 'Taskul\\UserBundle\\Entity\\User#s:2:"26";'),
(414, 'Taskul\\UserBundle\\Entity\\User', 's:2:"22";', 'Taskul\\UserBundle\\Entity\\User#s:2:"22";');

-- --------------------------------------------------------

--
-- Estructura de tabla para la tabla `tag`
--

CREATE TABLE IF NOT EXISTS `tag` (
  `id` int(11) NOT NULL AUTO_INCREMENT,
  `name` varchar(50) COLLATE utf8_unicode_ci NOT NULL,
  `slug` varchar(50) COLLATE utf8_unicode_ci NOT NULL,
  `created_at` datetime NOT NULL,
  `updated_at` datetime NOT NULL,
  PRIMARY KEY (`id`),
  UNIQUE KEY `UNIQ_389B7835E237E06` (`name`),
  UNIQUE KEY `UNIQ_389B783989D9B62` (`slug`)
) ENGINE=InnoDB  DEFAULT CHARSET=utf8 COLLATE=utf8_unicode_ci AUTO_INCREMENT=29 ;

--
-- Volcado de datos para la tabla `tag`
--

INSERT INTO `tag` (`id`, `name`, `slug`, `created_at`, `updated_at`) VALUES
(1, 'SDADSA', 'sdadsa', '2013-04-07 10:39:01', '2013-04-07 10:39:01'),
(2, 'dsadsadsa', 'dsadsadsa', '2013-04-07 10:58:03', '2013-04-07 10:58:03'),
(3, 'dsadsadsadsa', 'dsadsadsadsa', '2013-04-07 11:18:25', '2013-04-07 11:18:25'),
(4, 'dsa', 'dsa', '2013-04-07 11:18:25', '2013-04-07 11:18:25'),
(5, 'dsaaaaaaaaaaaa', 'dsaaaaaaaaaaaa', '2013-04-07 11:29:40', '2013-04-07 11:29:40'),
(6, 'dfsdfsfds', 'dfsdfsfds', '2013-04-07 13:00:12', '2013-04-07 13:00:12'),
(7, 'fdsfdsfdfds', 'fdsfdsfdfds', '2013-04-07 18:49:38', '2013-04-07 18:49:38'),
(8, 'dasdsdsdsadsa', 'dasdsdsdsadsa', '2013-04-07 18:53:18', '2013-04-07 18:53:18'),
(9, 'dsadsa', 'dsadsa', '2013-04-07 18:53:18', '2013-04-07 18:53:18'),
(10, 'probando', 'probando', '2013-04-10 21:12:58', '2013-04-10 21:12:58'),
(11, 'una dos tres', 'una-dos-tres', '2013-04-10 21:12:58', '2013-04-10 21:12:58'),
(18, 'aaaaaaaaaaa', 'aaaaaaaaaaa', '2013-04-11 21:04:49', '2013-04-11 21:04:49'),
(19, 'sa', 'sa', '2013-04-11 21:04:49', '2013-04-11 21:04:49'),
(20, 'aqui vamos', 'aqui-vamos', '2013-04-11 21:20:09', '2013-04-11 21:20:09'),
(21, 'das', 'das', '2013-04-13 10:50:41', '2013-04-13 10:50:41'),
(22, 'taskul', 'taskul', '2013-05-29 22:06:51', '2013-05-29 22:06:51'),
(23, 'bug', 'bug', '2013-05-29 22:06:51', '2013-05-29 22:06:51'),
(24, 'mensajes', 'mensajes', '2013-05-29 22:18:38', '2013-05-29 22:18:38'),
(25, 'mejora', 'mejora', '2013-05-29 22:25:47', '2013-05-29 22:25:47'),
(26, 'todo', 'todo', '2013-05-29 22:40:18', '2013-05-29 22:40:18'),
(27, 'comentarios', 'comentarios', '2013-05-29 22:56:22', '2013-05-29 22:56:22'),
(28, 'taskul pruebadetag', 'taskul-pruebadetag', '2013-06-12 21:51:13', '2013-06-12 21:51:13');

-- --------------------------------------------------------

--
-- Estructura de tabla para la tabla `tagging`
--

CREATE TABLE IF NOT EXISTS `tagging` (
  `id` int(11) NOT NULL AUTO_INCREMENT,
  `tag_id` int(11) DEFAULT NULL,
  `resource_type` varchar(50) COLLATE utf8_unicode_ci NOT NULL,
  `resource_id` varchar(50) COLLATE utf8_unicode_ci NOT NULL,
  `created_at` datetime NOT NULL,
  `updated_at` datetime NOT NULL,
  PRIMARY KEY (`id`),
  UNIQUE KEY `tagging_idx` (`tag_id`,`resource_type`,`resource_id`),
  KEY `IDX_A4AED123BAD26311` (`tag_id`)
) ENGINE=InnoDB  DEFAULT CHARSET=utf8 COLLATE=utf8_unicode_ci AUTO_INCREMENT=98 ;

--
-- Volcado de datos para la tabla `tagging`
--

INSERT INTO `tagging` (`id`, `tag_id`, `resource_type`, `resource_id`, `created_at`, `updated_at`) VALUES
(1, 1, 'task_tag', '1', '2013-04-07 10:39:01', '2013-04-07 10:39:01'),
(2, 1, 'task_tag', '2', '2013-04-07 10:39:02', '2013-04-07 10:39:02'),
(3, 2, 'task_tag', '2', '2013-04-07 10:58:03', '2013-04-07 10:58:03'),
(4, 3, 'task_tag', '4', '2013-04-07 11:18:25', '2013-04-07 11:18:25'),
(5, 4, 'task_tag', '4', '2013-04-07 11:18:25', '2013-04-07 11:18:25'),
(6, 3, 'task_tag', '5', '2013-04-07 11:19:57', '2013-04-07 11:19:57'),
(7, 4, 'task_tag', '5', '2013-04-07 11:19:57', '2013-04-07 11:19:57'),
(8, 5, 'task_tag', '9', '2013-04-07 11:29:40', '2013-04-07 11:29:40'),
(9, 5, 'task_tag', '10', '2013-04-07 11:32:03', '2013-04-07 11:32:03'),
(10, 5, 'task_tag', '11', '2013-04-07 11:32:19', '2013-04-07 11:32:19'),
(11, 5, 'task_tag', '12', '2013-04-07 11:33:03', '2013-04-07 11:33:03'),
(12, 5, 'task_tag', '13', '2013-04-07 11:33:53', '2013-04-07 11:33:53'),
(13, 5, 'task_tag', '14', '2013-04-07 11:34:17', '2013-04-07 11:34:17'),
(14, 5, 'task_tag', '15', '2013-04-07 11:36:28', '2013-04-07 11:36:28'),
(15, 5, 'task_tag', '16', '2013-04-07 11:36:46', '2013-04-07 11:36:46'),
(16, 6, 'task_tag', '55', '2013-04-07 13:00:12', '2013-04-07 13:00:12'),
(17, 7, 'task_tag', '56', '2013-04-07 18:49:38', '2013-04-07 18:49:38'),
(18, 3, 'task_tag', '57', '2013-04-07 18:50:07', '2013-04-07 18:50:07'),
(19, 4, 'task_tag', '58', '2013-04-07 18:53:18', '2013-04-07 18:53:18'),
(20, 8, 'task_tag', '58', '2013-04-07 18:53:18', '2013-04-07 18:53:18'),
(21, 9, 'task_tag', '58', '2013-04-07 18:53:18', '2013-04-07 18:53:18'),
(22, 3, 'task_tag', '63', '2013-04-07 19:16:15', '2013-04-07 19:16:15'),
(23, 4, 'task_tag', '22', '2013-04-07 20:16:13', '2013-04-07 20:16:13'),
(24, 5, 'task_tag', '76', '2013-04-07 20:18:11', '2013-04-07 20:18:11'),
(25, 4, 'task_tag', '77', '2013-04-10 21:12:58', '2013-04-10 21:12:58'),
(26, 10, 'task_tag', '77', '2013-04-10 21:12:58', '2013-04-10 21:12:58'),
(27, 11, 'task_tag', '77', '2013-04-10 21:12:58', '2013-04-10 21:12:58'),
(28, 4, 'task_tag', '78', '2013-04-10 21:13:10', '2013-04-10 21:13:10'),
(29, 10, 'task_tag', '78', '2013-04-10 21:13:10', '2013-04-10 21:13:10'),
(30, 11, 'task_tag', '78', '2013-04-10 21:13:10', '2013-04-10 21:13:10'),
(31, 4, 'task_tag', '81', '2013-04-10 21:16:19', '2013-04-10 21:16:19'),
(32, 3, 'task_tag', '24', '2013-04-10 21:20:20', '2013-04-10 21:20:20'),
(33, 18, 'task_tag', '87', '2013-04-11 21:04:49', '2013-04-11 21:04:49'),
(34, 19, 'task_tag', '87', '2013-04-11 21:04:49', '2013-04-11 21:04:49'),
(35, 20, 'task_tag', '89', '2013-04-11 21:20:09', '2013-04-11 21:20:09'),
(36, 20, 'task_tag', '90', '2013-04-13 09:33:25', '2013-04-13 09:33:25'),
(37, 20, 'task_tag', '91', '2013-04-13 09:40:52', '2013-04-13 09:40:52'),
(38, 21, 'task_tag', '92', '2013-04-13 10:50:41', '2013-04-13 10:50:41'),
(39, 19, 'task_tag', '100', '2013-04-13 18:46:46', '2013-04-13 18:46:46'),
(40, 19, 'task_tag', '101', '2013-04-13 18:46:46', '2013-04-13 18:46:46'),
(41, 18, 'task_tag', '108', '2013-04-21 10:12:50', '2013-04-21 10:12:50'),
(42, 19, 'task_tag', '118', '2013-04-21 16:35:16', '2013-04-21 16:35:16'),
(43, 22, 'task_tag', '138', '2013-05-29 22:06:52', '2013-05-29 22:06:52'),
(44, 23, 'task_tag', '138', '2013-05-29 22:06:52', '2013-05-29 22:06:52'),
(45, 22, 'task_tag', '139', '2013-05-29 22:18:38', '2013-05-29 22:18:38'),
(46, 23, 'task_tag', '139', '2013-05-29 22:18:38', '2013-05-29 22:18:38'),
(47, 24, 'task_tag', '139', '2013-05-29 22:18:38', '2013-05-29 22:18:38'),
(48, 22, 'task_tag', '140', '2013-05-29 22:25:47', '2013-05-29 22:25:47'),
(49, 25, 'task_tag', '140', '2013-05-29 22:25:47', '2013-05-29 22:25:47'),
(50, 25, 'task_tag', '141', '2013-05-29 22:26:54', '2013-05-29 22:26:54'),
(51, 22, 'task_tag', '141', '2013-05-29 22:26:54', '2013-05-29 22:26:54'),
(52, 22, 'task_tag', '142', '2013-05-29 22:40:18', '2013-05-29 22:40:18'),
(53, 26, 'task_tag', '142', '2013-05-29 22:40:18', '2013-05-29 22:40:18'),
(54, 22, 'task_tag', '143', '2013-05-29 22:41:22', '2013-05-29 22:41:22'),
(55, 26, 'task_tag', '143', '2013-05-29 22:41:22', '2013-05-29 22:41:22'),
(56, 23, 'task_tag', '144', '2013-05-29 22:45:32', '2013-05-29 22:45:32'),
(57, 22, 'task_tag', '144', '2013-05-29 22:45:32', '2013-05-29 22:45:32'),
(58, 23, 'task_tag', '145', '2013-05-29 22:56:23', '2013-05-29 22:56:23'),
(59, 22, 'task_tag', '145', '2013-05-29 22:56:23', '2013-05-29 22:56:23'),
(60, 27, 'task_tag', '145', '2013-05-29 22:56:23', '2013-05-29 22:56:23'),
(61, 23, 'task_tag', '146', '2013-05-30 21:23:13', '2013-05-30 21:23:13'),
(62, 22, 'task_tag', '146', '2013-05-30 21:23:13', '2013-05-30 21:23:13'),
(63, 23, 'task_tag', '147', '2013-05-30 21:24:10', '2013-05-30 21:24:10'),
(64, 22, 'task_tag', '147', '2013-05-30 21:24:10', '2013-05-30 21:24:10'),
(65, 22, 'task_tag', '148', '2013-05-30 21:30:34', '2013-05-30 21:30:34'),
(66, 26, 'task_tag', '148', '2013-05-30 21:30:34', '2013-05-30 21:30:34'),
(67, 23, 'task_tag', '149', '2013-06-05 21:04:02', '2013-06-05 21:04:02'),
(68, 22, 'task_tag', '149', '2013-06-05 21:04:02', '2013-06-05 21:04:02'),
(69, 25, 'task_tag', '150', '2013-06-05 21:04:50', '2013-06-05 21:04:50'),
(70, 22, 'task_tag', '150', '2013-06-05 21:04:50', '2013-06-05 21:04:50'),
(74, 23, 'task_tag', '151', '2013-06-16 21:50:05', '2013-06-16 21:50:05'),
(75, 22, 'task_tag', '151', '2013-06-16 21:50:05', '2013-06-16 21:50:05'),
(76, 23, 'task_tag', '152', '2013-06-18 09:43:11', '2013-06-18 09:43:11'),
(77, 22, 'task_tag', '152', '2013-06-18 09:43:11', '2013-06-18 09:43:11'),
(78, 22, 'task_tag', '154', '2013-06-18 19:01:28', '2013-06-18 19:01:28'),
(79, 26, 'task_tag', '154', '2013-06-18 19:01:28', '2013-06-18 19:01:28'),
(80, 25, 'task_tag', '157', '2013-06-20 21:39:45', '2013-06-20 21:39:45'),
(81, 22, 'task_tag', '157', '2013-06-20 21:39:45', '2013-06-20 21:39:45'),
(82, 23, 'task_tag', '162', '2013-07-05 19:40:42', '2013-07-05 19:40:42'),
(83, 22, 'task_tag', '162', '2013-07-05 19:40:42', '2013-07-05 19:40:42'),
(84, 23, 'task_tag', '165', '2013-07-06 11:46:37', '2013-07-06 11:46:37'),
(85, 22, 'task_tag', '165', '2013-07-06 11:46:37', '2013-07-06 11:46:37'),
(86, 25, 'task_tag', '166', '2013-07-07 19:25:02', '2013-07-07 19:25:02'),
(87, 22, 'task_tag', '166', '2013-07-07 19:25:02', '2013-07-07 19:25:02'),
(88, 25, 'task_tag', '169', '2013-07-07 20:38:44', '2013-07-07 20:38:44'),
(89, 22, 'task_tag', '169', '2013-07-07 20:38:44', '2013-07-07 20:38:44'),
(90, 25, 'task_tag', '170', '2013-07-07 20:46:18', '2013-07-07 20:46:18'),
(91, 22, 'task_tag', '170', '2013-07-07 20:46:18', '2013-07-07 20:46:18'),
(92, 25, 'task_tag', '171', '2013-07-07 20:57:59', '2013-07-07 20:57:59'),
(93, 22, 'task_tag', '171', '2013-07-07 20:57:59', '2013-07-07 20:57:59'),
(94, 25, 'task_tag', '172', '2013-07-07 21:00:48', '2013-07-07 21:00:48'),
(95, 22, 'task_tag', '172', '2013-07-07 21:00:48', '2013-07-07 21:00:48'),
(96, 22, 'task_tag', '173', '2013-07-07 21:08:20', '2013-07-07 21:08:20'),
(97, 26, 'task_tag', '173', '2013-07-07 21:08:20', '2013-07-07 21:08:20');

-- --------------------------------------------------------

--
-- Estructura de tabla para la tabla `task`
--

CREATE TABLE IF NOT EXISTS `task` (
  `id` int(11) NOT NULL AUTO_INCREMENT,
  `owner_id` int(11) DEFAULT NULL,
  `name` varchar(255) COLLATE utf8_unicode_ci NOT NULL,
  `description` longtext COLLATE utf8_unicode_ci,
  `dateEnd` datetime DEFAULT NULL,
  `status` enum('inprogress','todo','done') COLLATE utf8_unicode_ci NOT NULL COMMENT '(DC2Type:TaskStatusType)',
  `created` datetime NOT NULL,
  `updated` datetime NOT NULL,
  `percent` smallint(6) NOT NULL,
  PRIMARY KEY (`id`),
  KEY `IDX_527EDB257E3C61F9` (`owner_id`)
) ENGINE=InnoDB  DEFAULT CHARSET=utf8 COLLATE=utf8_unicode_ci AUTO_INCREMENT=176 ;

--
-- Volcado de datos para la tabla `task`
--

INSERT INTO `task` (`id`, `owner_id`, `name`, `description`, `dateEnd`, `status`, `created`, `updated`, `percent`) VALUES
(138, 3, 'Error al activar la ultima solicitud de amistad', 'ESto está ya OK.<br />', NULL, 'done', '2013-05-29 22:06:51', '2013-06-18 18:57:21', 100),
(139, 3, 'Al cambiar entre las paginas en mensajes no se aplica lo del footables', '<br />', NULL, 'done', '2013-05-29 22:18:37', '2013-06-12 21:56:49', 100),
(140, 3, 'Cargar la página de loading cuando la página no esta sobre ajax', 'Poner la página de loading siempre hasta que no esté cargada la página.<br /><br />O poner todos los js al comenzar la carga de la web.<br />', NULL, 'done', '2013-05-29 22:25:47', '2013-07-08 18:52:06', 100),
(141, 3, 'Quitar el tinumce cuando la resolucion sea menor a una dada', 'Detectar el cambio de resolución también si es posible,<br />', NULL, 'inprogress', '2013-05-29 22:26:54', '2013-05-29 22:26:54', 50),
(143, 3, 'Dar estilo a comentarios', 'Nos quedamos poniendo los textarea en los comentarios<br />', NULL, 'done', '2013-05-29 22:41:22', '2013-06-18 10:30:31', 100),
(144, 3, 'Los tags se crean repetidos', 'Los tags se crean repetidos debería de crearse únicamente uno por usuario<br /><br />Revisar si esto es así por alog (creo que se crea por entidad y usuario)<br /><br />No se crean repetidos lo que pasa es que al obtenerlos si estan repetidos (pej el mismo tag esta para varias entidades) se modifica el sql para que devuelva los únicos.<br />', NULL, 'done', '2013-05-29 22:45:32', '2013-06-12 21:57:56', 100),
(145, 3, 'Los comentarios se repiten', 'También ocurre lo mismo con los votos<br /><div><br /></div><div><br /></div><div>---</div><div>Acabado se modifica el js</div>', NULL, 'done', '2013-05-29 22:56:22', '2013-07-07 20:15:59', 100),
(146, 3, 'Notificaciones de comentarios', 'Las notificaciones de comentarios (arriba) no se ven bien<br />', NULL, 'done', '2013-05-30 21:23:13', '2013-06-18 18:59:35', 100),
(147, 3, 'Estado de las tareas', 'Al crear una tarea se pone por defecto a 0 si no se toca la barra de progreso<br />', NULL, 'done', '2013-05-30 21:24:09', '2013-06-18 10:46:00', 100),
(148, 3, 'Formulario de profile', 'Añadir todos los campos que faltan.<br /><br />Añadir lo de https://github.com/ornicar/GravatarBundle<br /><br />El view del show profile esta mal<br />', NULL, 'done', '2013-05-30 21:30:34', '2013-06-07 21:26:34', 100),
(149, 3, 'Notificaciones de tareas', 'Cuando se crean tareas de uno mismo no deberian de salir notificaciones<div><br /></div><div>Si las crea otro si</div><div><br /></div><div><strike>LAs notificaciones no se van al pulsar desde el enlace superir, </strike>lo que pasa es que no salen más de 10 notificaciones si hay más (en el contador superior). tambien pasa algo parecido en el contador de tareas en proceso pero en el listado.</div>', NULL, 'done', '2013-06-05 21:04:02', '2013-07-08 18:50:42', 100),
(150, 3, 'Titles en los ajaxy', 'Hay que poner titles en los ajaxy para que se muestre en la barra de titulo', NULL, 'inprogress', '2013-06-05 21:04:50', '2013-06-05 21:04:50', 50),
(151, 3, 'Errores en las notificaciones', 'El número de notificaciones es incorrecto (cuando hay mas de 8)<br />La notificacion no refleja que ha cambiado (pej si se ha modificado la tarea o si se ha terminado).<br /><br />El js de las notificaciones debe de ejecutarse cada vez que se cambia de pagina (limpiar las variables para que se regenere)<br /><br />', NULL, 'done', '2013-06-16 21:50:05', '2013-06-18 10:43:38', 100),
(152, 3, 'Miembros de las tareas', 'Hay que quitar como miembro en las tareas al propietarios<br />', NULL, 'done', '2013-06-18 09:43:11', '2013-06-18 10:50:39', 100),
(153, 3, 'Prueba de tarea por defecto', 'Aqui vamos se debe poner en 0<br />', NULL, 'done', '2013-06-18 10:44:28', '2013-06-18 10:52:33', 100),
(154, 3, 'Mejoras en la zona de las tareas', '<ul><li>Incluir el listado de comentarios en la edición<br /></li><li>Incluir todos los datos en la visualización (ficheros, miembros ...)</li><li>El porcentaje hacerlo visual<br /></li></ul>', NULL, 'inprogress', '2013-06-18 19:01:28', '2013-07-08 18:48:52', 50),
(155, 3, 'Gestionar errores', 'Si una entidad de las siguientes no existe, redireccionar al listado (puede deberse a que se ha eliminado):<br /><br />1.- Tareas<br />2.- Solicitudes de amistad<div><br /></div><div>Esto pasa en las gestión de las notificaciones sobre todo<br /><br /></div>', NULL, 'done', '2013-06-18 19:27:01', '2013-07-07 20:13:35', 100),
(156, 3, 'Completar Dashboard', 'Incluir en la dashboard un enlace a lo más usado<br />Inlcuir el cosumo de espacio<br />', NULL, 'done', '2013-06-18 19:30:12', '2013-07-07 18:51:31', 100),
(157, 3, 'Invitaciones por email', 'Revisar el js de envio de invitaciones por email para que valide la cadena de email con los del jquery validate. Se pueden usar las siguientes funciones:<div><br /></div><div><div>validateEmail: function(value) {</div><div>    var regex = /^([\\w-\\.]+@([\\w-]+\\.)+[\\w-]{2,4})?$/;</div><div>    return (regex.test(value)) ? true : false;</div><div>}</div><div><br /></div><div>validateEmails: function(string) {</div><div>    var self = shareEmail;</div><div>    var result = string.replace(/\\s/g, "").split(/,|;/);</div><div><br /></div><div>    for(var i = 0;i &lt; result.length;i++) {</div><div>        if(!self.validateEmail(result[i])) {</div><div>            return false;</div><div>        }</div><div>    }</div><div><br /></div><div>    return true;</div><div>}</div></div>', NULL, 'inprogress', '2013-06-20 21:39:45', '2013-06-20 21:39:45', 50),
(160, 3, 'Errores en los modales', 'Los modales se cargan en los layout bases pero si la llamada es en ajax los modales no se cargan y mandan la solicitud al formulario equivocado.<div><br /></div><div>Revisar el ja que genera esto para ver si se puede optimizar.</div><div><br /></div><div>Esto pasa también con los js que se cargan en los layout, poner estos scripts en la vista final o en el private.</div>', NULL, 'done', '2013-07-01 18:25:56', '2013-07-07 20:12:04', 100),
(161, 3, 'Mensajes de aviso', 'Enviar menajes de aviso en las siguientes situaciones:<div><br /></div><div>1.- Notificaciones </div><div>2.- Solicitudes de amistad por email<br />3.- Cuando se agrega un contacto a una tarea<br /></div>', NULL, 'inprogress', '2013-07-01 18:43:47', '2013-07-07 20:34:53', 50),
(162, 3, 'Traducciones js i18next', 'El js de los mensajes siempre carga el US<br />', NULL, 'inprogress', '2013-07-05 19:40:42', '2013-07-07 18:51:31', 50),
(165, 3, 'La cuenta de notificaciones no se muestra donde debe', '<br />', NULL, 'done', '2013-07-06 11:46:37', '2013-07-07 20:14:48', 100),
(166, 3, 'Alta de nuevo miembro en una tarea', 'Cuando se añade un nuevo miembro a una tarea mandar una notificacion<br />', NULL, 'done', '2013-07-07 19:25:02', '2013-07-08 18:51:31', 100),
(169, 3, 'Crear calendario para las tareas', '<br />', NULL, 'todo', '2013-07-07 20:38:44', '2013-07-07 20:38:58', 1),
(170, 3, 'Añadir posibilidad de peridodos de tiempo en las tareas', '<br />', NULL, 'todo', '2013-07-07 20:46:18', '2013-07-07 20:47:57', 1),
(171, 3, 'Crear una gestión de ficheros', 'Posibilitar la elimiación de ficheros asociados al usuario.<br /><br />Tener en cuenta que se tienen que desvincular de la tarea.<br />', NULL, 'todo', '2013-07-07 20:57:59', '2013-07-07 20:57:59', 1),
(172, 3, 'Añadir posibilidad de tareas hijas', 'Añadir el campo padre a las tareas para poder gestionar subtareas.<br /><br />Los listados solo mostrarán las tareas de un nivel, y en los desplegables los nombres de las tareas hijas.<br /><br />Incluir botonnes de acceso.<br />', NULL, 'todo', '2013-07-07 21:00:48', '2013-07-07 21:00:48', 1),
(173, 3, 'Notificaciones: poner un acceso a ver más', '<br />', NULL, 'inprogress', '2013-07-07 21:08:20', '2013-07-07 21:08:20', 17),
(174, 8, 'Comentarios en mostrar tarea desplegables a traves de titulo', '<br />', NULL, 'inprogress', '2013-07-07 21:17:45', '2013-07-07 21:17:45', 50),
(175, 3, 'Notificaciones: al hacer click sobre ellas regenerar todo el sistema', '<br />', NULL, 'inprogress', '2013-07-07 21:22:14', '2013-07-07 21:22:14', 50);

-- --------------------------------------------------------

--
-- Estructura de tabla para la tabla `task_user`
--

CREATE TABLE IF NOT EXISTS `task_user` (
  `task_id` int(11) NOT NULL,
  `user_id` int(11) NOT NULL,
  PRIMARY KEY (`task_id`,`user_id`),
  KEY `IDX_FE2042328DB60186` (`task_id`),
  KEY `IDX_FE204232A76ED395` (`user_id`)
) ENGINE=InnoDB DEFAULT CHARSET=utf8 COLLATE=utf8_unicode_ci;

--
-- Volcado de datos para la tabla `task_user`
--

INSERT INTO `task_user` (`task_id`, `user_id`) VALUES
(141, 3),
(166, 8),
(170, 8),
(171, 8);

-- --------------------------------------------------------

--
-- Estructura de tabla para la tabla `thread`
--

CREATE TABLE IF NOT EXISTS `thread` (
  `id` varchar(255) COLLATE utf8_unicode_ci NOT NULL,
  `permalink` varchar(255) COLLATE utf8_unicode_ci NOT NULL,
  `is_commentable` tinyint(1) NOT NULL,
  `num_comments` int(11) NOT NULL,
  `last_comment_at` datetime DEFAULT NULL,
  `entity_id` int(11) NOT NULL,
  `entity_type` varchar(255) COLLATE utf8_unicode_ci NOT NULL,
  PRIMARY KEY (`id`)
) ENGINE=InnoDB DEFAULT CHARSET=utf8 COLLATE=utf8_unicode_ci;

--
-- Volcado de datos para la tabla `thread`
--

INSERT INTO `thread` (`id`, `permalink`, `is_commentable`, `num_comments`, `last_comment_at`, `entity_id`, `entity_type`) VALUES
('100', 'http://taskul.local/app_dev.php/api/tasks/101', 1, 0, NULL, 101, 'TaskBundle:Task'),
('101', 'http://taskul.local/app_dev.php/api/tasks/101', 1, 7, '2013-04-29 22:27:35', 101, 'TaskBundle:Task'),
('102', 'http://taskul.local/app_dev.php/api/tasks/102', 1, 21, '2013-04-21 11:55:24', 102, 'TaskBundle:Task'),
('103', 'http://taskul.local/app_dev.php/api/tasks/103', 1, 6, '2013-04-14 19:26:37', 103, 'TaskBundle:Task'),
('105', 'http://taskul.local/app_dev.php/api/tasks/105', 1, 0, NULL, 105, 'TaskBundle:Task'),
('106', 'http://taskul.local/app_dev.php/api/tasks/106', 1, 0, NULL, 106, 'TaskBundle:Task'),
('107', 'http://taskul.local/app_dev.php/api/tasks/107', 1, 0, NULL, 107, 'TaskBundle:Task'),
('108', 'http://taskul.local/app_dev.php/api/tasks/108', 1, 0, NULL, 108, 'TaskBundle:Task'),
('109', 'http://taskul.local/app_dev.php/api/tasks/109', 1, 4, '2013-04-21 12:25:11', 109, 'TaskBundle:Task'),
('110', 'http://taskul.local/app_dev.php/api/tasks/110', 1, 4, '2013-04-21 13:34:46', 110, 'TaskBundle:Task'),
('111', 'http://taskul.local/app_dev.php/api/tasks/111', 1, 0, NULL, 111, 'TaskBundle:Task'),
('112', 'http://taskul.local/app_dev.php/api/tasks/112', 1, 0, NULL, 112, 'TaskBundle:Task'),
('113', 'http://taskul.local/app_dev.php/api/tasks/113', 1, 0, NULL, 113, 'TaskBundle:Task'),
('114', 'http://taskul.local/app_dev.php/api/tasks/114', 1, 0, NULL, 114, 'TaskBundle:Task'),
('115', 'http://taskul.local/app_dev.php/api/tasks/115', 1, 0, NULL, 115, 'TaskBundle:Task'),
('116', 'http://taskul.local/app_dev.php/api/tasks/116', 1, 2, '2013-04-21 13:05:19', 116, 'TaskBundle:Task'),
('117', 'http://taskul.local/app_dev.php/api/tasks/117', 1, 5, '2013-04-21 13:08:12', 117, 'TaskBundle:Task'),
('118', 'http://taskul.local/app_dev.php/api/tasks/118', 1, 0, NULL, 118, 'TaskBundle:Task'),
('119', 'http://taskul.local/app_dev.php/api/tasks/119', 1, 0, NULL, 119, 'TaskBundle:Task'),
('120', 'http://taskul.local/app_dev.php/api/tasks/120', 1, 0, NULL, 120, 'TaskBundle:Task'),
('121', 'http://taskul.local/app_dev.php/api/tasks/121', 1, 0, NULL, 121, 'TaskBundle:Task'),
('122', 'http://taskul.local/app_dev.php/api/tasks/122', 1, 0, NULL, 122, 'TaskBundle:Task'),
('123', 'http://taskul.local/app_dev.php/api/tasks/123', 1, 2, '2013-04-28 08:50:59', 123, 'TaskBundle:Task'),
('124', 'http://taskul.local/app_dev.php/api/tasks/124', 1, 0, NULL, 124, 'TaskBundle:Task'),
('125', 'http://taskul.local/app_dev.php/api/tasks/125', 1, 0, NULL, 125, 'TaskBundle:Task'),
('126', 'http://taskul.local/app_dev.php/api/tasks/126', 1, 0, NULL, 126, 'TaskBundle:Task'),
('127', 'http://taskul.local/app_dev.php/api/tasks/127', 1, 1, '2013-05-01 08:33:35', 127, 'TaskBundle:Task'),
('128', 'http://taskul.local/app_dev.php/api/tasks/128', 1, 1, '2013-05-01 10:13:27', 128, 'TaskBundle:Task'),
('129', 'http://taskul.local/app_dev.php/api/tasks/129', 1, 0, NULL, 129, 'TaskBundle:Task'),
('130', 'http://taskul.local/app_dev.php/api/tasks/130', 1, 0, NULL, 130, 'TaskBundle:Task'),
('131', 'http://taskul.local/app_dev.php/api/tasks/131', 1, 2, '2013-05-08 21:27:03', 131, 'TaskBundle:Task'),
('132', 'http://taskul.local/app_dev.php/api/tasks/132', 1, 2, '2013-05-08 21:27:47', 132, 'TaskBundle:Task'),
('133', 'http://taskul.local/app_dev.php/api/tasks/133', 1, 0, NULL, 133, 'TaskBundle:Task'),
('134', 'http://taskul.local/app_dev.php/api/tasks/134', 1, 0, NULL, 134, 'TaskBundle:Task'),
('135', 'http://taskul.local/app_dev.php/api/tasks/135', 1, 0, NULL, 135, 'TaskBundle:Task'),
('136', 'http://taskul.local/app_dev.php/api/tasks/136', 1, 0, NULL, 136, 'TaskBundle:Task'),
('137', 'http://taskul.local/app_dev.php/api/tasks/137', 1, 0, NULL, 137, 'TaskBundle:Task'),
('138', 'http://taskul.local/app_dev.php/api/tasks/138', 1, 0, NULL, 138, 'TaskBundle:Task'),
('139', 'http://taskul.local/app_dev.php/api/tasks/139', 1, 10, '2013-06-18 09:56:50', 139, 'TaskBundle:Task'),
('140', 'http://taskul.local/app_dev.php/api/tasks/140', 1, 0, NULL, 140, 'TaskBundle:Task'),
('141', 'http://taskul.local/app_dev.php/api/tasks/141', 1, 0, NULL, 141, 'TaskBundle:Task'),
('142', 'http://taskul.local/app_dev.php/api/tasks/142', 1, 1, '2013-06-18 18:54:54', 142, 'TaskBundle:Task'),
('143', 'http://taskul.local/app_dev.php/api/tasks/143', 1, 0, NULL, 143, 'TaskBundle:Task'),
('144', 'http://taskul.local/app_dev.php/api/tasks/144', 1, 0, NULL, 144, 'TaskBundle:Task'),
('145', 'http://taskul.local/app_dev.php/api/tasks/145', 1, 11, '2013-07-07 20:15:53', 145, 'TaskBundle:Task'),
('146', 'http://taskul.local/app_dev.php/api/tasks/146', 1, 1, '2013-06-18 18:59:27', 146, 'TaskBundle:Task'),
('147', 'http://taskul.local/app_dev.php/api/tasks/147', 1, 5, '2013-06-16 22:00:07', 147, 'TaskBundle:Task'),
('148', 'http://taskul.local/app_dev.php/api/tasks/148', 1, 43, '2013-06-12 21:33:37', 148, 'TaskBundle:Task'),
('149', 'http://taskul.local/app_dev.php/api/tasks/149', 1, 1, '2013-06-18 18:58:18', 149, 'TaskBundle:Task'),
('150', 'http://taskul.local/app_dev.php/api/tasks/150', 1, 0, NULL, 150, 'TaskBundle:Task'),
('151', 'http://taskul.local/app_dev.php/api/tasks/151', 1, 17, '2013-06-18 09:31:14', 151, 'TaskBundle:Task'),
('152', 'http://taskul.local/app_dev.php/api/tasks/152', 1, 2, '2013-06-18 09:47:05', 152, 'TaskBundle:Task'),
('153', 'http://taskul.local/app_dev.php/api/tasks/153', 1, 2, '2013-06-18 11:22:19', 153, 'TaskBundle:Task'),
('154', 'http://taskul.local/app_dev.php/api/tasks/154', 1, 0, NULL, 154, 'TaskBundle:Task'),
('155', 'http://taskul.local/app_dev.php/api/tasks/155', 1, 3, '2013-07-07 20:13:26', 155, 'TaskBundle:Task'),
('156', 'http://taskul.local/app_dev.php/api/tasks/156', 1, 36, '2013-07-03 19:16:42', 156, 'TaskBundle:Task'),
('157', 'http://taskul.local/app_dev.php/api/tasks/157', 1, 4, '2013-06-20 21:40:24', 157, 'TaskBundle:Task'),
('158', 'http://taskul.local/app_dev.php/api/tasks/158', 1, 0, NULL, 158, 'TaskBundle:Task'),
('159', 'http://taskul.local/app_dev.php/api/tasks/159', 1, 0, NULL, 159, 'TaskBundle:Task'),
('160', 'http://taskul.local/app_dev.php/api/tasks/160', 1, 2, '2013-07-07 20:11:58', 160, 'TaskBundle:Task'),
('161', 'http://taskul.local/app_dev.php/api/tasks/161', 1, 2, '2013-07-05 18:33:14', 161, 'TaskBundle:Task'),
('162', 'http://taskul.local/app_dev.php/api/tasks/162', 1, 0, NULL, 162, 'TaskBundle:Task'),
('163', 'http://taskul.local/app_dev.php/api/tasks/163', 1, 0, NULL, 163, 'TaskBundle:Task'),
('164', 'http://taskul.local/app_dev.php/api/tasks/164', 1, 0, NULL, 164, 'TaskBundle:Task'),
('165', 'http://taskul.local/app_dev.php/api/tasks/165', 1, 1, '2013-07-07 20:14:40', 165, 'TaskBundle:Task'),
('166', 'http://taskul.local/app_dev.php/api/tasks/166', 1, 2, '2013-07-07 20:39:29', 166, 'TaskBundle:Task'),
('167', 'http://taskul.local/app_dev.php/api/tasks/167', 1, 0, NULL, 167, 'TaskBundle:Task'),
('168', 'http://taskul.local/app_dev.php/api/tasks/168', 1, 0, NULL, 168, 'TaskBundle:Task'),
('169', 'http://taskul.local/app_dev.php/api/tasks/169', 1, 0, NULL, 169, 'TaskBundle:Task'),
('17', 'http://taskul.local/app_dev.php/api/tasks/17', 1, 1, '2013-04-12 21:04:23', 0, ''),
('170', 'http://taskul.local/app_dev.php/api/tasks/170', 1, 0, NULL, 170, 'TaskBundle:Task'),
('171', 'http://taskul.local/app_dev.php/api/tasks/171', 1, 0, NULL, 171, 'TaskBundle:Task'),
('172', 'http://taskul.local/app_dev.php/api/tasks/172', 1, 0, NULL, 172, 'TaskBundle:Task'),
('173', 'http://taskul.local/app_dev.php/api/tasks/173', 1, 0, NULL, 173, 'TaskBundle:Task'),
('174', 'http://taskul.local/app_dev.php/api/tasks/174', 1, 0, NULL, 174, 'TaskBundle:Task'),
('175', 'http://taskul.local/app_dev.php/api/tasks/175', 1, 0, NULL, 175, 'TaskBundle:Task'),
('18', 'http://taskul.local/app_dev.php/api/tasks/18', 1, 0, NULL, 0, ''),
('19', 'http://taskul.local/app_dev.php/api/tasks/19', 1, 0, NULL, 0, ''),
('22', 'http://taskul.local/app_dev.php/api/tasks/22', 1, 0, NULL, 0, ''),
('26', 'http://taskul.local/app_dev.php/api/tasks/26', 1, 0, NULL, 0, ''),
('33', 'http://taskul.local/app_dev.php/api/tasks/33', 1, 0, NULL, 0, ''),
('49', 'http://taskul.local/app_dev.php/api/tasks/new', 1, 0, NULL, 0, ''),
('52', 'http://taskul.local/app_dev.php/api/tasks/52', 1, 0, NULL, 0, ''),
('53', 'http://taskul.local/app_dev.php/api/tasks/53', 1, 0, NULL, 0, ''),
('54', 'http://taskul.local/app_dev.php/api/tasks/54.html', 1, 0, NULL, 0, ''),
('57', 'http://taskul.local/app_dev.php/api/tasks/57', 1, 0, NULL, 0, ''),
('58', 'http://taskul.local/app_dev.php/api/tasks/58.html', 1, 0, NULL, 0, ''),
('59', 'http://taskul.local/app_dev.php/api/tasks/59.html', 1, 0, NULL, 0, ''),
('60', 'http://taskul.local/app_dev.php/api/tasks/60.html', 1, 0, NULL, 0, ''),
('67', 'http://taskul.local/app_dev.php/api/tasks/67.html', 1, 0, NULL, 0, ''),
('68', 'http://taskul.local/app_dev.php/api/tasks/68', 1, 0, NULL, 0, ''),
('70', 'http://taskul.local/app_dev.php/api/tasks/70', 1, 0, NULL, 0, ''),
('71', 'http://taskul.local/app_dev.php/api/tasks/71', 1, 0, NULL, 0, ''),
('73', 'http://taskul.local/app_dev.php/api/tasks/73', 1, 0, NULL, 0, ''),
('75', 'http://taskul.local/app_dev.php/api/tasks/75', 1, 0, NULL, 0, ''),
('76', 'http://taskul.local/app_dev.php/api/tasks/76', 1, 0, NULL, 0, ''),
('77', 'http://taskul.local/app_dev.php/api/tasks/77', 1, 0, NULL, 0, ''),
('82', 'http://taskul.local/app_dev.php/api/tasks/82', 1, 0, NULL, 0, ''),
('83', 'http://taskul.local/app_dev.php/api/tasks/83', 1, 0, NULL, 0, ''),
('84', 'http://taskul.local/app_dev.php/api/tasks/84', 1, 0, NULL, 0, ''),
('87', 'http://taskul.local/app_dev.php/api/tasks/87', 1, 0, NULL, 0, ''),
('88', 'http://taskul.local/app_dev.php/api/tasks/88', 1, 6, '2013-04-11 21:06:12', 0, ''),
('89', 'http://taskul.local/app_dev.php/api/tasks/89', 1, 7, '2013-04-12 19:36:46', 0, ''),
('90', 'http://taskul.local/app_dev.php/api/tasks/90', 1, 0, NULL, 0, ''),
('91', 'http://taskul.local/app_dev.php/api/tasks/91', 1, 0, NULL, 0, ''),
('92', 'http://taskul.local/app_dev.php/api/tasks/92', 1, 1, '2013-04-13 10:50:50', 92, 'task_tag'),
('93', 'http://taskul.local/app_dev.php/api/tasks/93', 1, 0, NULL, 93, 'Taskul\\TaskBundle\\Entity\\Task'),
('94', 'http://taskul.local/app_dev.php/api/tasks/94', 1, 0, NULL, 94, 'Taskul\\TaskBundle\\Entity\\Task'),
('95', 'http://taskul.local/app_dev.php/api/tasks/95', 1, 0, NULL, 95, 'TaskBundle:Task'),
('96', 'http://taskul.local/app_dev.php/api/tasks/96', 1, 2, '2013-04-13 11:34:50', 96, 'TaskBundle:Task'),
('97', 'http://taskul.local/app_dev.php/api/tasks/97', 1, 2, '2013-04-13 11:56:30', 97, 'TaskBundle:Task'),
('98', 'http://taskul.local/app_dev.php/api/tasks/98', 1, 3, '2013-04-21 12:16:20', 98, 'TaskBundle:Task'),
('99', 'http://taskul.local/app_dev.php/api/tasks/99', 1, 0, NULL, 99, 'TaskBundle:Task');

-- --------------------------------------------------------

--
-- Estructura de tabla para la tabla `vote`
--

CREATE TABLE IF NOT EXISTS `vote` (
  `id` int(11) NOT NULL AUTO_INCREMENT,
  `comment_id` int(11) DEFAULT NULL,
  `created_at` datetime NOT NULL,
  `value` int(11) NOT NULL,
  `voter_id` int(11) DEFAULT NULL,
  PRIMARY KEY (`id`),
  KEY `IDX_FA222A5AF8697D13` (`comment_id`),
  KEY `IDX_FA222A5AEBB4B8AD` (`voter_id`)
) ENGINE=InnoDB  DEFAULT CHARSET=utf8 COLLATE=utf8_unicode_ci AUTO_INCREMENT=39 ;

--
-- Volcado de datos para la tabla `vote`
--

INSERT INTO `vote` (`id`, `comment_id`, `created_at`, `value`, `voter_id`) VALUES
(1, 89, '2013-06-07 20:22:37', 1, 3),
(2, 89, '2013-06-07 20:22:37', 1, 3),
(3, 86, '2013-06-07 20:22:53', 1, 3),
(4, 86, '2013-06-07 20:22:54', 1, 3),
(5, 86, '2013-06-07 20:23:32', -1, 3),
(6, 86, '2013-06-07 20:23:32', -1, 3),
(7, 90, '2013-06-07 20:32:17', 1, 3),
(8, 90, '2013-06-07 20:32:21', -1, 3),
(9, 90, '2013-06-07 20:32:22', 1, 3),
(10, 90, '2013-06-07 20:32:30', 1, 3),
(11, 91, '2013-06-07 20:35:10', 1, 3),
(12, 90, '2013-06-07 20:35:27', 1, 3),
(13, 90, '2013-06-07 20:40:33', -1, 3),
(14, 90, '2013-06-07 20:40:45', 1, 3),
(15, 90, '2013-06-07 20:40:48', 1, 3),
(16, 90, '2013-06-07 20:40:50', -1, 3),
(17, 91, '2013-06-07 20:40:57', 1, 3),
(18, 91, '2013-06-07 20:40:57', 1, 3),
(19, 91, '2013-06-07 20:40:58', 1, 3),
(20, 91, '2013-06-07 20:40:59', 1, 3),
(21, 91, '2013-06-07 20:41:01', -1, 3),
(22, 91, '2013-06-07 20:41:01', -1, 3),
(23, 91, '2013-06-07 20:48:42', 1, 3),
(24, 90, '2013-06-07 20:58:03', 1, 3),
(25, 90, '2013-06-07 20:58:06', -1, 3),
(26, 90, '2013-06-07 20:58:08', 1, 3),
(27, 92, '2013-06-11 21:00:19', -1, 3),
(28, 92, '2013-06-11 21:00:19', 1, 3),
(29, 91, '2013-06-11 21:28:49', -1, 3),
(30, 91, '2013-06-11 21:28:51', 1, 3),
(31, 91, '2013-06-11 21:29:01', -1, 3),
(32, 91, '2013-06-11 21:29:02', -1, 3),
(33, 91, '2013-06-11 21:29:02', -1, 3),
(34, 91, '2013-06-11 21:29:03', -1, 3),
(35, 91, '2013-06-11 21:29:03', -1, 3),
(36, 91, '2013-06-11 21:29:04', -1, 3),
(37, 90, '2013-06-11 21:49:22', 1, 3),
(38, 90, '2013-06-11 21:49:22', 1, 3);

--
-- Restricciones para tablas volcadas
--

--
-- Filtros para la tabla `acl_entries`
--
ALTER TABLE `acl_entries`
  ADD CONSTRAINT `FK_46C8B8063D9AB4A6` FOREIGN KEY (`object_identity_id`) REFERENCES `acl_object_identities` (`id`) ON DELETE CASCADE ON UPDATE CASCADE,
  ADD CONSTRAINT `FK_46C8B806DF9183C9` FOREIGN KEY (`security_identity_id`) REFERENCES `acl_security_identities` (`id`) ON DELETE CASCADE ON UPDATE CASCADE,
  ADD CONSTRAINT `FK_46C8B806EA000B10` FOREIGN KEY (`class_id`) REFERENCES `acl_classes` (`id`) ON DELETE CASCADE ON UPDATE CASCADE;

--
-- Filtros para la tabla `acl_object_identities`
--
ALTER TABLE `acl_object_identities`
  ADD CONSTRAINT `FK_9407E54977FA751A` FOREIGN KEY (`parent_object_identity_id`) REFERENCES `acl_object_identities` (`id`);

--
-- Filtros para la tabla `acl_object_identity_ancestors`
--
ALTER TABLE `acl_object_identity_ancestors`
  ADD CONSTRAINT `FK_825DE2993D9AB4A6` FOREIGN KEY (`object_identity_id`) REFERENCES `acl_object_identities` (`id`) ON DELETE CASCADE ON UPDATE CASCADE,
  ADD CONSTRAINT `FK_825DE299C671CEA1` FOREIGN KEY (`ancestor_id`) REFERENCES `acl_object_identities` (`id`) ON DELETE CASCADE ON UPDATE CASCADE;

--
-- Filtros para la tabla `commnent`
--
ALTER TABLE `commnent`
  ADD CONSTRAINT `FK_AA8391B2E2904019` FOREIGN KEY (`thread_id`) REFERENCES `thread` (`id`),
  ADD CONSTRAINT `FK_AA8391B2F675F31B` FOREIGN KEY (`author_id`) REFERENCES `fos_user` (`id`);

--
-- Filtros para la tabla `document`
--
ALTER TABLE `document`
  ADD CONSTRAINT `FK_D8698A767E3C61F9` FOREIGN KEY (`owner_id`) REFERENCES `fos_user` (`id`);

--
-- Filtros para la tabla `fos_user_user_group`
--
ALTER TABLE `fos_user_user_group`
  ADD CONSTRAINT `FK_B3C77447A76ED395` FOREIGN KEY (`user_id`) REFERENCES `fos_user` (`id`) ON DELETE CASCADE,
  ADD CONSTRAINT `FK_B3C77447FE54D947` FOREIGN KEY (`group_id`) REFERENCES `fos_group` (`id`) ON DELETE CASCADE;

--
-- Filtros para la tabla `friends`
--
ALTER TABLE `friends`
  ADD CONSTRAINT `FK_21EE706993D1119E` FOREIGN KEY (`friend_user_id`) REFERENCES `fos_user` (`id`),
  ADD CONSTRAINT `FK_21EE7069A76ED395` FOREIGN KEY (`user_id`) REFERENCES `fos_user` (`id`);

--
-- Filtros para la tabla `friend_request`
--
ALTER TABLE `friend_request`
  ADD CONSTRAINT `FK_F284D9430354A65` FOREIGN KEY (`to_id`) REFERENCES `fos_user` (`id`),
  ADD CONSTRAINT `FK_F284D9478CED90B` FOREIGN KEY (`from_id`) REFERENCES `fos_user` (`id`);

--
-- Filtros para la tabla `kuma_acl_changesets`
--
ALTER TABLE `kuma_acl_changesets`
  ADD CONSTRAINT `FK_953E7491A76ED395` FOREIGN KEY (`user_id`) REFERENCES `kuma_users` (`id`);

--
-- Filtros para la tabla `kuma_download_page_parts`
--
ALTER TABLE `kuma_download_page_parts`
  ADD CONSTRAINT `FK_65E8DB81EA9FDD75` FOREIGN KEY (`media_id`) REFERENCES `kuma_media` (`id`);

--
-- Filtros para la tabla `kuma_folders`
--
ALTER TABLE `kuma_folders`
  ADD CONSTRAINT `FK_2D3C07E4727ACA70` FOREIGN KEY (`parent_id`) REFERENCES `kuma_folders` (`id`);

--
-- Filtros para la tabla `kuma_form_submissions`
--
ALTER TABLE `kuma_form_submissions`
  ADD CONSTRAINT `FK_6493A44D460D9FD7` FOREIGN KEY (`node_id`) REFERENCES `kuma_nodes` (`id`);

--
-- Filtros para la tabla `kuma_form_submission_fields`
--
ALTER TABLE `kuma_form_submission_fields`
  ADD CONSTRAINT `FK_A0B2BD32422B0E0C` FOREIGN KEY (`form_submission_id`) REFERENCES `kuma_form_submissions` (`id`);

--
-- Filtros para la tabla `kuma_groups_roles`
--
ALTER TABLE `kuma_groups_roles`
  ADD CONSTRAINT `FK_B7EFE85ED60322AC` FOREIGN KEY (`role_id`) REFERENCES `kuma_roles` (`id`),
  ADD CONSTRAINT `FK_B7EFE85EFE54D947` FOREIGN KEY (`group_id`) REFERENCES `kuma_groups` (`id`);

--
-- Filtros para la tabla `kuma_image_page_parts`
--
ALTER TABLE `kuma_image_page_parts`
  ADD CONSTRAINT `FK_CF8612B5EA9FDD75` FOREIGN KEY (`media_id`) REFERENCES `kuma_media` (`id`);

--
-- Filtros para la tabla `kuma_media`
--
ALTER TABLE `kuma_media`
  ADD CONSTRAINT `FK_47400F63162CB942` FOREIGN KEY (`folder_id`) REFERENCES `kuma_folders` (`id`);

--
-- Filtros para la tabla `kuma_nodes`
--
ALTER TABLE `kuma_nodes`
  ADD CONSTRAINT `FK_3051AB93727ACA70` FOREIGN KEY (`parent_id`) REFERENCES `kuma_nodes` (`id`);

--
-- Filtros para la tabla `kuma_node_queued_node_translation_actions`
--
ALTER TABLE `kuma_node_queued_node_translation_actions`
  ADD CONSTRAINT `FK_D270D8D1E0B87CE0` FOREIGN KEY (`node_translation_id`) REFERENCES `kuma_node_translations` (`id`);

--
-- Filtros para la tabla `kuma_node_translations`
--
ALTER TABLE `kuma_node_translations`
  ADD CONSTRAINT `FK_5E8968CDB9A563EE` FOREIGN KEY (`public_node_version_id`) REFERENCES `kuma_node_versions` (`id`),
  ADD CONSTRAINT `FK_5E8968CD460D9FD7` FOREIGN KEY (`node_id`) REFERENCES `kuma_nodes` (`id`);

--
-- Filtros para la tabla `kuma_node_versions`
--
ALTER TABLE `kuma_node_versions`
  ADD CONSTRAINT `FK_FF49663756A273CC` FOREIGN KEY (`origin_id`) REFERENCES `kuma_node_versions` (`id`),
  ADD CONSTRAINT `FK_FF496637E0B87CE0` FOREIGN KEY (`node_translation_id`) REFERENCES `kuma_node_translations` (`id`);

--
-- Filtros para la tabla `kuma_seo`
--
ALTER TABLE `kuma_seo`
  ADD CONSTRAINT `FK_4695F4A76EFCB8B8` FOREIGN KEY (`og_image_id`) REFERENCES `kuma_media` (`id`);

--
-- Filtros para la tabla `kuma_slide_page_parts`
--
ALTER TABLE `kuma_slide_page_parts`
  ADD CONSTRAINT `FK_EA7A3F17EA9FDD75` FOREIGN KEY (`media_id`) REFERENCES `kuma_media` (`id`);

--
-- Filtros para la tabla `kuma_users_groups`
--
ALTER TABLE `kuma_users_groups`
  ADD CONSTRAINT `FK_AFF816DDFE54D947` FOREIGN KEY (`group_id`) REFERENCES `kuma_groups` (`id`),
  ADD CONSTRAINT `FK_AFF816DDA76ED395` FOREIGN KEY (`user_id`) REFERENCES `kuma_users` (`id`);

--
-- Filtros para la tabla `kuma_video_page_parts`
--
ALTER TABLE `kuma_video_page_parts`
  ADD CONSTRAINT `FK_23FF1D35EA9FDD75` FOREIGN KEY (`media_id`) REFERENCES `kuma_media` (`id`);

--
-- Filtros para la tabla `lexik_email`
--
ALTER TABLE `lexik_email`
  ADD CONSTRAINT `FK_D781892E8C22AA1A` FOREIGN KEY (`layout_id`) REFERENCES `lexik_layout` (`id`);

--
-- Filtros para la tabla `lexik_email_translation`
--
ALTER TABLE `lexik_email_translation`
  ADD CONSTRAINT `FK_6ED9BAA2A832C1C9` FOREIGN KEY (`email_id`) REFERENCES `lexik_email` (`id`);

--
-- Filtros para la tabla `lexik_layout_translation`
--
ALTER TABLE `lexik_layout_translation`
  ADD CONSTRAINT `FK_495DCB868C22AA1A` FOREIGN KEY (`layout_id`) REFERENCES `lexik_layout` (`id`);

--
-- Filtros para la tabla `message`
--
ALTER TABLE `message`
  ADD CONSTRAINT `FK_B6BD307FA76ED395` FOREIGN KEY (`user_id`) REFERENCES `fos_user` (`id`),
  ADD CONSTRAINT `FK_B6BD307FE2904019` FOREIGN KEY (`thread_id`) REFERENCES `message_thread` (`id`);

--
-- Filtros para la tabla `message_message_metadata`
--
ALTER TABLE `message_message_metadata`
  ADD CONSTRAINT `FK_1294FE72537A1329` FOREIGN KEY (`message_id`) REFERENCES `message` (`id`),
  ADD CONSTRAINT `FK_1294FE729D1C3019` FOREIGN KEY (`participant_id`) REFERENCES `fos_user` (`id`);

--
-- Filtros para la tabla `message_thread`
--
ALTER TABLE `message_thread`
  ADD CONSTRAINT `FK_607D18C3174800F` FOREIGN KEY (`createdBy_id`) REFERENCES `fos_user` (`id`);

--
-- Filtros para la tabla `message_thread_metadata`
--
ALTER TABLE `message_thread_metadata`
  ADD CONSTRAINT `FK_38FC293E9D1C3019` FOREIGN KEY (`participant_id`) REFERENCES `fos_user` (`id`),
  ADD CONSTRAINT `FK_38FC293EE2904019` FOREIGN KEY (`thread_id`) REFERENCES `message_thread` (`id`);

--
-- Filtros para la tabla `spy_timeline`
--
ALTER TABLE `spy_timeline`
  ADD CONSTRAINT `FK_5248FE6223EDC87` FOREIGN KEY (`subject_id`) REFERENCES `spy_timeline_component` (`id`) ON DELETE CASCADE,
  ADD CONSTRAINT `FK_5248FE629D32F035` FOREIGN KEY (`action_id`) REFERENCES `spy_timeline_action` (`id`);

--
-- Filtros para la tabla `spy_timeline_action_component`
--
ALTER TABLE `spy_timeline_action_component`
  ADD CONSTRAINT `FK_83EE10BB9D32F035` FOREIGN KEY (`action_id`) REFERENCES `spy_timeline_action` (`id`) ON DELETE CASCADE,
  ADD CONSTRAINT `FK_83EE10BBE2ABAFFF` FOREIGN KEY (`component_id`) REFERENCES `spy_timeline_component` (`id`) ON DELETE CASCADE;

--
-- Filtros para la tabla `tagging`
--
ALTER TABLE `tagging`
  ADD CONSTRAINT `FK_A4AED123BAD26311` FOREIGN KEY (`tag_id`) REFERENCES `tag` (`id`);

--
-- Filtros para la tabla `task`
--
ALTER TABLE `task`
  ADD CONSTRAINT `FK_527EDB257E3C61F9` FOREIGN KEY (`owner_id`) REFERENCES `fos_user` (`id`);

--
-- Filtros para la tabla `task_user`
--
ALTER TABLE `task_user`
  ADD CONSTRAINT `FK_FE2042328DB60186` FOREIGN KEY (`task_id`) REFERENCES `task` (`id`) ON DELETE CASCADE,
  ADD CONSTRAINT `FK_FE204232A76ED395` FOREIGN KEY (`user_id`) REFERENCES `fos_user` (`id`) ON DELETE CASCADE;

--
-- Filtros para la tabla `vote`
--
ALTER TABLE `vote`
  ADD CONSTRAINT `FK_FA222A5AEBB4B8AD` FOREIGN KEY (`voter_id`) REFERENCES `fos_user` (`id`),
  ADD CONSTRAINT `FK_FA222A5AF8697D13` FOREIGN KEY (`comment_id`) REFERENCES `commnent` (`id`);

/*!40101 SET CHARACTER_SET_CLIENT=@OLD_CHARACTER_SET_CLIENT */;
/*!40101 SET CHARACTER_SET_RESULTS=@OLD_CHARACTER_SET_RESULTS */;
/*!40101 SET COLLATION_CONNECTION=@OLD_COLLATION_CONNECTION */;
